node_id,node_type,degree
AYUR_f7815a171b9c,Ayurvedic_Concept,7
AYUR_73130f25caa9,Ayurvedic_Concept,1
AYUR_cb1f2738da7c,Ayurvedic_Concept,1
AYUR_2903fe916c6c,Ayurvedic_Concept,1
AYUR_5461330fd855,Ayurvedic_Concept,1
AYUR_50a9712915e8,Ayurvedic_Concept,1
AYUR_9b904ce76c10,Ayurvedic_Concept,1
AYUR_4bf2210f81d7,Ayurvedic_Concept,1
AYUR_b5c8588c36db,Ayurvedic_Concept,1
AYUR_e44eb31a8f24,Ayurvedic_Concept,1
AYUR_6d964a7e9b3a,Ayurvedic_Concept,3
AYUR_748dc9edc3d5,Ayurvedic_Concept,1
AYUR_f6ffac67de3e,Ayurvedic_Concept,7
AYUR_bbad010af555,Ayurvedic_Concept,1
AYUR_8d6c29cbe2b7,Ayurvedic_Concept,1
AYUR_9ac92e735efc,Ayurvedic_Concept,1
AYUR_a5f59751ad01,Ayurvedic_Concept,1
AYUR_eecd44a07a3c,Ayurvedic_Concept,1
AYUR_70e066ae350d,Ayurvedic_Concept,6
AYUR_94811d6ae23a,Ayurvedic_Concept,7
AYUR_64316cc7d092,Ayurvedic_Concept,1
AYUR_818e75a9b5b3,Ayurvedic_Concept,4
AYUR_9a5462774007,Ayurvedic_Concept,1
AYUR_3e1025ca6899,Ayurvedic_Concept,1
AYUR_e84da582cb42,Ayurvedic_Concept,1
AYUR_9901b4cc68d2,Ayurvedic_Concept,6
AYUR_67ddb3acdf5a,Ayurvedic_Concept,1
AYUR_5939d9e1345e,Ayurvedic_Concept,10
AYUR_fd26f2b729c8,Ayurvedic_Concept,1
AYUR_66adb99ae174,Ayurvedic_Concept,3
AYUR_03d5ea50ee20,Ayurvedic_Concept,7
AYUR_466ae68bcc67,Ayurvedic_Concept,1
AYUR_a6f676f73f87,Ayurvedic_Concept,1
AYUR_29ec56a83d1f,Ayurvedic_Concept,1
AYUR_d06c411fe764,Ayurvedic_Concept,1
AYUR_7489f2262283,Ayurvedic_Concept,7
AYUR_2586e2eb5bab,Ayurvedic_Concept,1
AYUR_0a300a724fe4,Ayurvedic_Concept,1
AYUR_a1cf8a47e56d,Ayurvedic_Concept,7
AYUR_cccd4a10f331,Ayurvedic_Concept,1
AYUR_f587f1163ae4,Ayurvedic_Concept,6
AYUR_9690edc2f80c,Ayurvedic_Concept,1
AYUR_35dcce5b42ae,Ayurvedic_Concept,1
AYUR_cce0321fd6bf,Ayurvedic_Concept,3
AYUR_15cd90d2790e,Ayurvedic_Concept,1
AYUR_c2535e18f89c,Ayurvedic_Concept,1
AYUR_a2363ccc3820,Ayurvedic_Concept,1
AYUR_400bbfa298f7,Ayurvedic_Concept,1
AYUR_59ec6d15a4cf,Ayurvedic_Concept,2
AYUR_f4fc50dfe8a7,Ayurvedic_Concept,1
AYUR_47d3202895f7,Ayurvedic_Concept,1
AYUR_28ac19a3b64f,Ayurvedic_Concept,1
AYUR_29bbd5692b2f,Ayurvedic_Concept,2
AYUR_93bfe4423de1,Ayurvedic_Concept,1
AYUR_cc4472667276,Ayurvedic_Concept,1
AYUR_1b256ac4f7bb,Ayurvedic_Concept,1
AYUR_c480176c2128,Ayurvedic_Concept,1
AYUR_b7a35eaed364,Ayurvedic_Concept,7
AYUR_a9eb75b432ab,Ayurvedic_Concept,1
AYUR_c7f6f664ac67,Ayurvedic_Concept,3
AYUR_c2056abf5a33,Ayurvedic_Concept,7
AYUR_c8bfcba520e2,Ayurvedic_Concept,1
AYUR_722b55ddbcec,Ayurvedic_Concept,5
AYUR_dd539ff292c1,Ayurvedic_Concept,9
AYUR_a07687a8c58d,Ayurvedic_Concept,1
AYUR_fd67eb467f3b,Ayurvedic_Concept,7
AYUR_3c2a4b58d2c6,Ayurvedic_Concept,7
AYUR_f54b19468678,Ayurvedic_Concept,1
AYUR_1c531ac6ac6c,Ayurvedic_Concept,1
AYUR_9413d0fb337b,Ayurvedic_Concept,1
AYUR_a5cb731579bd,Ayurvedic_Concept,1
AYUR_f4616c23f2cf,Ayurvedic_Concept,1
AYUR_83d731dfaf55,Ayurvedic_Concept,3
AYUR_9251534c9d10,Ayurvedic_Concept,1
AYUR_e9a3dbc4a483,Ayurvedic_Concept,1
AYUR_1067dc19a6f4,Ayurvedic_Concept,5
AYUR_bcc799a31229,Ayurvedic_Concept,7
AYUR_df0456cf2e62,Ayurvedic_Concept,1
AYUR_db688eee06c5,Ayurvedic_Concept,3
AYUR_0a863fc0038d,Ayurvedic_Concept,1
AYUR_20ed00b52519,Ayurvedic_Concept,1
AYUR_f6dad827be4c,Ayurvedic_Concept,7
AYUR_f70b5476771b,Ayurvedic_Concept,1
AYUR_13c068f4c24c,Ayurvedic_Concept,1
AYUR_d2b4e179928a,Ayurvedic_Concept,7
AYUR_8b3efe6c94fa,Ayurvedic_Concept,2
AYUR_1cdec4e2ef54,Ayurvedic_Concept,1
AYUR_f4174de4f8bd,Ayurvedic_Concept,1
AYUR_9bd421a6e321,Ayurvedic_Concept,1
AYUR_52b99be04c8e,Ayurvedic_Concept,1
AYUR_f97a5b8c43a6,Ayurvedic_Concept,6
AYUR_74558e5a8d5b,Ayurvedic_Concept,7
AYUR_f3a3ee16a108,Ayurvedic_Concept,1
AYUR_f7b145217930,Ayurvedic_Concept,6
AYUR_0cbc419b15a4,Ayurvedic_Concept,1
AYUR_f81bb45c4e65,Ayurvedic_Concept,4
AYUR_b4fd320c1977,Ayurvedic_Concept,1
AYUR_2065685878a9,Ayurvedic_Concept,6
AYUR_b01e0b138c87,Ayurvedic_Concept,1
AYUR_2dc172ecc049,Ayurvedic_Concept,10
AYUR_3d99d9aedf5f,Ayurvedic_Concept,1
AYUR_ff94014a05fc,Ayurvedic_Concept,6
AYUR_cecf170c3833,Ayurvedic_Concept,1
AYUR_ccee9d044d79,Ayurvedic_Concept,1
AYUR_bbe00e707768,Ayurvedic_Concept,1
AYUR_ec9bcb9f519e,Ayurvedic_Concept,1
AYUR_743b07d5fcca,Ayurvedic_Concept,1
AYUR_f02aa02db00b,Ayurvedic_Concept,1
AYUR_1beac3696364,Ayurvedic_Concept,1
AYUR_1f9d97c05975,Ayurvedic_Concept,6
AYUR_757dd33f5600,Ayurvedic_Concept,1
AYUR_816987808f68,Ayurvedic_Concept,1
AYUR_3d8973bb8f9d,Ayurvedic_Concept,3
AYUR_53ac4d5ed10a,Ayurvedic_Concept,1
AYUR_79c8168452dd,Ayurvedic_Concept,1
AYUR_646ac4e93890,Ayurvedic_Concept,6
AYUR_a1778c4b29c7,Ayurvedic_Concept,1
AYUR_ccb719c2d929,Ayurvedic_Concept,2
AYUR_ed4e7f9acaba,Ayurvedic_Concept,1
AYUR_41adbf79c033,Ayurvedic_Concept,3
AYUR_3189ed9f4266,Ayurvedic_Concept,1
AYUR_b125425bcbe6,Ayurvedic_Concept,7
AYUR_f6f08c412693,Ayurvedic_Concept,1
AYUR_bfd6f680849a,Ayurvedic_Concept,3
AYUR_7dd841ac01ed,Ayurvedic_Concept,1
AYUR_b9e9a16b82a7,Ayurvedic_Concept,7
AYUR_5058a718e313,Ayurvedic_Concept,1
AYUR_60b955f7164c,Ayurvedic_Concept,1
AYUR_66a69dde39af,Ayurvedic_Concept,1
COMPOUND_806ebd096539,Compound,13
COMPOUND_ded323257a5c,Compound,18
COMPOUND_960b05ddaea9,Compound,8
COMPOUND_47fe4ec9130d,Compound,8
COMPOUND_ac63052cee8e,Compound,37
COMPOUND_5adc4b7903fe,Compound,37
COMPOUND_dac1a6903e58,Compound,14
COMPOUND_8951771cfa60,Compound,6
COMPOUND_3b9dcc40035b,Compound,10
COMPOUND_c85c098f2c52,Compound,8
COMPOUND_dca0e66d520e,Compound,10
COMPOUND_2716d44b7024,Compound,18
COMPOUND_74a705b2ad84,Compound,10
COMPOUND_43297ffa8c06,Compound,18
COMPOUND_3830239d12ca,Compound,19
COMPOUND_5cbe8250fe43,Compound,9
COMPOUND_02d13acc4b8d,Compound,30
COMPOUND_2b70dbe4c323,Compound,15
COMPOUND_ad0c3803d534,Compound,4
COMPOUND_9767e271af6c,Compound,12
COMPOUND_9d26b836a162,Compound,8
COMPOUND_02f3fd2897ea,Compound,5
COMPOUND_06f3d2b81a9e,Compound,18
COMPOUND_709eef9436bc,Compound,17
COMPOUND_8cb47c5aaa27,Compound,7
COMPOUND_d4cfc4097a8c,Compound,5
COMPOUND_6b9395423da1,Compound,9
COMPOUND_4642bcc1a129,Compound,9
COMPOUND_e205c1cbba2e,Compound,14
COMPOUND_15b3a54a521d,Compound,9
COMPOUND_2c62f79ad8da,Compound,7
COMPOUND_f8dcc50644f5,Compound,3
COMPOUND_b80cf9101aad,Compound,10
COMPOUND_ec79ef21ed09,Compound,5
COMPOUND_20811ee37b5d,Compound,7
COMPOUND_073fa3a6a71f,Compound,8
COMPOUND_7bf90cf99e50,Compound,3
COMPOUND_c303e6c3e39b,Compound,4
COMPOUND_cc2df431b6eb,Compound,5
COMPOUND_3f72e8ba210b,Compound,10
COMPOUND_8e01bf7fcba4,Compound,13
COMPOUND_f8496d5b44cf,Compound,9
COMPOUND_469d25ddc65b,Compound,8
COMPOUND_b5928def5962,Compound,9
COMPOUND_cf8b8ee8302a,Compound,8
COMPOUND_9004ce399c2a,Compound,5
COMPOUND_72dbc3a95fef,Compound,8
COMPOUND_1dd467f7f991,Compound,7
COMPOUND_558ad70336f8,Compound,6
COMPOUND_71c41f10aca6,Compound,17
COMPOUND_d85ccf8aca8c,Compound,6
COMPOUND_6d9123c8993a,Compound,4
COMPOUND_049a21ae131b,Compound,7
COMPOUND_dfb598ee9b2f,Compound,10
COMPOUND_56237a7cf874,Compound,24
COMPOUND_a0901a576890,Compound,18
COMPOUND_ee468af67297,Compound,4
COMPOUND_149c147b0d93,Compound,14
COMPOUND_04fe87779405,Compound,13
COMPOUND_5cf2dbc6a293,Compound,28
COMPOUND_87dc236a64a3,Compound,8
COMPOUND_e87ce6b3a27b,Compound,10
COMPOUND_4d540add8c51,Compound,5
COMPOUND_bb49611aa259,Compound,11
COMPOUND_d8438fe1dea5,Compound,28
COMPOUND_fec3fa141c31,Compound,7
COMPOUND_74f13c20a26f,Compound,8
COMPOUND_e05e5cec2a2d,Compound,8
COMPOUND_b198011eb37b,Compound,6
COMPOUND_ebc3153baaef,Compound,18
COMPOUND_4532c1e7d544,Compound,16
COMPOUND_e2c55cf429c4,Compound,9
COMPOUND_f76c522781a2,Compound,3
COMPOUND_899cf06b47e4,Compound,6
COMPOUND_e14a6138b047,Compound,22
COMPOUND_e75db4b47277,Compound,11
COMPOUND_87ee03e63f60,Compound,6
COMPOUND_a3040ad64318,Compound,16
COMPOUND_3bcd8ad0daaf,Compound,5
COMPOUND_34176e1edb1b,Compound,10
COMPOUND_66c81a6de0b7,Compound,4
COMPOUND_642328155fbf,Compound,5
COMPOUND_3d95df452764,Compound,5
DISEASE_5e294e090c89,Disease,354
DISEASE_578708c54b66,Disease,605
DISEASE_42f9fa377b98,Disease,295
DISEASE_77eeb002dea4,Disease,989
DISEASE_49d327bd2471,Disease,352
DISEASE_093461e46ef0,Disease,214
DISEASE_b0f77e3c448f,Disease,301
DISEASE_e7a747ffb620,Disease,562
DISEASE_d60c11b4f6b2,Disease,381
DISEASE_a55ae08be693,Disease,31
DISEASE_2d4453bb6a55,Disease,191
DISEASE_4897ef63abc5,Disease,155
DISEASE_120d64215d86,Disease,103
DISEASE_24ceab442a72,Disease,350
DISEASE_071459a0c2fd,Disease,1393
DISEASE_c682ec6ab46f,Disease,101
DISEASE_cae829ba6aa7,Disease,24
DISEASE_3b8a11a25b71,Disease,366
DISEASE_f108bcdcb03d,Disease,650
DISEASE_57750b73b487,Disease,15
DISEASE_9fee7a39f2e6,Disease,209
DISEASE_45951bf1b8eb,Disease,39
DISEASE_5cbc093559fd,Disease,214
DISEASE_2a05320b478b,Disease,170
DISEASE_64ebcb4eee46,Disease,206
DISEASE_3c2f74a672de,Disease,238
DISEASE_8a7c7e622122,Disease,2
DISEASE_7aedd7ced7c9,Disease,511
DISEASE_8a5c6f7d4d6b,Disease,14
DISEASE_621e669699d1,Disease,534
DISEASE_c854250b7937,Disease,149
DISEASE_c098e9e0a004,Disease,671
DISEASE_cc5b8416e01f,Disease,83
DISEASE_b2fb9d5c8633,Disease,290
DISEASE_3a7beb4aceb1,Disease,237
DISEASE_8c8e2ee1f44f,Disease,195
DISEASE_2eafce0226c4,Disease,417
DISEASE_feccf9386d2e,Disease,1
DISEASE_e52ccdb955e5,Disease,353
DISEASE_ef3323aa3b9e,Disease,251
DISEASE_3e090ec6a1d8,Disease,172
DISEASE_f1aa39a224ea,Disease,722
DISEASE_33f32d4c3a5c,Disease,1
DISEASE_b2a66b919818,Disease,1176
DISEASE_13ef8ee6ec1a,Disease,116
DISEASE_d93f8f27be36,Disease,130
DISEASE_0ace1f8e701c,Disease,250
DISEASE_9a8267207001,Disease,157
DISEASE_66ce053b0c0b,Disease,106
DISEASE_2485972eab2b,Disease,465
DISEASE_305ba3fb0805,Disease,218
DISEASE_b513fd65760f,Disease,132
DISEASE_e2f37d4a7296,Disease,771
DISEASE_fbc735467173,Disease,127
DISEASE_800f3dcd7399,Disease,41
DISEASE_a3b8101aee89,Disease,80
DISEASE_c65a4f94d93a,Disease,119
DISEASE_d408fc9fe246,Disease,206
DISEASE_5a3ed51c21b9,Disease,366
GROUP_07053b06ed08,Group,1
GROUP_f4625d659b6c,Group,2
GROUP_18f765ab6d7d,Group,1
GROUP_b8d4fdb970b2,Group,1
GROUP_4ea5e9ce9a91,Group,10
GROUP_6aecf57616ed,Group,4
GROUP_6b73a6e4d1b9,Group,1
GROUP_772a79b43db0,Group,2
GROUP_dce583b0858e,Group,1
GROUP_730d8cd9cee4,Group,3
GROUP_e523a0c71cac,Group,1
GROUP_f6fd72174343,Group,4
GROUP_0198be3df1f6,Group,1
GROUP_3c9128237e88,Group,3
GROUP_6633d7bf0cc6,Group,1
GROUP_2d8089ffbf4f,Group,2
GROUP_84eaeb7e4894,Group,4
GROUP_3fed4d335ac5,Group,1
GROUP_b11d068c8104,Group,1
GROUP_4b47f76f5486,Group,1
GROUP_1b5ad6e3d52a,Group,1
GROUP_b9dad3523e11,Group,2
GROUP_bc0e767e6de6,Group,1
GROUP_58a27a46d761,Group,9
GROUP_944aacf47d24,Group,1
GROUP_4149f2e85a13,Group,1
GROUP_acd4166cce1b,Group,7
GROUP_5892dac3ae57,Group,3
GROUP_962ea06c7f58,Group,1
GROUP_e252f36d22a5,Group,1
GROUP_2105e7d954c6,Group,2
GROUP_9d20776d34d7,Group,1
GROUP_b697fd8b0de5,Group,1
GROUP_59c8f7aa6eaf,Group,6
GROUP_8ff9aacebd5f,Group,1
GROUP_a2907f41c950,Group,1
GROUP_59ebf396aaf9,Group,6
GROUP_02588d7b9f3c,Group,9
GROUP_471e995051b2,Group,1
GROUP_a2b5a1f9bf38,Group,1
GROUP_d409f6917789,Group,2
GROUP_afbcc5da97c0,Group,7
GROUP_293105c7da6a,Group,1
GROUP_0bec0fab8a97,Group,1
GROUP_20ccb8ec2e00,Group,7
GROUP_65b04f3bce9a,Group,5
GROUP_554619baf5f7,Group,1
GROUP_b885e37f424a,Group,2
GROUP_da58213ad953,Group,2
GROUP_ee28a07d50f1,Group,1
GROUP_8a859a8cfb4e,Group,2
GROUP_0dc28daf1028,Group,4
GROUP_03e8c957743d,Group,1
GROUP_107c54d3d1ca,Group,6
GROUP_6670eb15fa31,Group,1
GROUP_d5b6b8443c61,Group,5
GROUP_a8ef4d37311b,Group,5
GROUP_07aa88bc9db1,Group,1
GROUP_7f1aaef80f6b,Group,2
GROUP_18e86d713bdd,Group,1
GROUP_b20e8902f8a5,Group,1
GROUP_774c7cc3682a,Group,6
GROUP_446dcbe5d567,Group,1
GROUP_8cba15168fd8,Group,1
GROUP_b6a21181dad2,Group,1
GROUP_704aec658fa6,Group,2
GROUP_c3b97b09161b,Group,1
GROUP_247834d03a4a,Group,1
GROUP_c410a40c1ed6,Group,4
GROUP_d0f9f7368856,Group,1
GROUP_23e7de943f91,Group,1
GROUP_0210a2a00bfe,Group,8
GROUP_f7252dad2f94,Group,1
GROUP_a98f1920a8b5,Group,1
GROUP_2c2fc0c2cceb,Group,1
GROUP_90f817c72337,Group,1
GROUP_3b9e77407c74,Group,2
GROUP_57f16c20d07c,Group,5
GROUP_a1120bc7e136,Group,1
GROUP_6708e9147b28,Group,1
GROUP_e002121dba80,Group,4
GROUP_5f4e12cdf3ec,Group,1
GROUP_12e37df0043e,Group,2
GROUP_2fecdb4494f9,Group,1
GROUP_9b55f117e995,Group,1
GROUP_c0471fd6640b,Group,1
GROUP_1fa066777f23,Group,1
GROUP_7a188e52b53c,Group,1
GROUP_696d134b944b,Group,1
GROUP_8e66cf1ece3a,Group,1
GROUP_08fa7d96762c,Group,6
GROUP_ff69cf4e63b9,Group,1
GROUP_5f5c07a9ae29,Group,5
GROUP_434a681410ac,Group,6
GROUP_dba47af602d6,Group,1
GROUP_5916dd6f0b47,Group,1
GROUP_7960656ff85d,Group,4
GROUP_b212bd9e1357,Group,1
GROUP_b1a5ea8823f3,Group,1
GROUP_cf2a131cf0f6,Group,3
GROUP_e1a4bfcdab2c,Group,2
GROUP_59c80780708a,Group,1
GROUP_11c4849a20e1,Group,1
GROUP_e3059859099d,Group,1
GROUP_bb456aebc7aa,Group,1
GROUP_c5b32d866103,Group,1
GROUP_8cf30ec3d8e1,Group,7
GROUP_394962663be8,Group,1
GROUP_6953e2ed2325,Group,1
GROUP_2a2668d74eb2,Group,1
GROUP_bcfbdaa83be8,Group,1
GROUP_74bc570415a1,Group,1
GROUP_66ba16aa7c19,Group,1
GROUP_b73249f7bd1d,Group,1
GROUP_b119f6247933,Group,6
GROUP_ecf454e0bb35,Group,3
GROUP_7c4bb9a92a0a,Group,1
GROUP_bcea878a1236,Group,1
GROUP_9c15609cadd3,Group,7
GROUP_d5dc421d843b,Group,1
GROUP_96be2a6090eb,Group,1
GROUP_61cd8e95e9ee,Group,1
GROUP_c68a11578596,Group,1
GROUP_5f9e5ae42948,Group,1
GROUP_1d58955ad52e,Group,2
GROUP_c70617358d89,Group,3
GROUP_3edf3c99c328,Group,1
GROUP_aa00542f1e89,Group,7
GROUP_59628e6efe70,Group,1
GROUP_9e8e2be69e75,Group,3
GROUP_73bb4dddcc1b,Group,1
GROUP_43f9fb0abf16,Group,1
GROUP_3ef5161c38f7,Group,1
GROUP_8244731886b1,Group,1
GROUP_fa76a86a0d16,Group,1
GROUP_46a058794bb9,Group,1
GROUP_501763e00ef3,Group,1
GROUP_b2df27231a61,Group,1
GROUP_5cce5ba560d9,Group,5
GROUP_fd726a705d00,Group,1
GROUP_b1075fdda897,Group,1
GROUP_9083c2c8e973,Group,1
GROUP_c4a1de69abf2,Group,1
GROUP_35ce90be37f0,Group,5
GROUP_c9015b0490fa,Group,1
GROUP_cc2f58e00a0c,Group,7
GROUP_d5768dcfb8ee,Group,2
GROUP_507d0b436a6b,Group,3
GROUP_5f668a1459ad,Group,1
GROUP_cd8e1519c293,Group,1
GROUP_941654c96617,Group,1
GROUP_6bb9d8b35c3a,Group,5
GROUP_f84a3e3805e4,Group,1
GROUP_aa71f519ca57,Group,1
GROUP_d5d48f8b02e6,Group,1
GROUP_1d2a20f5374e,Group,1
GROUP_c97e1503e57c,Group,1
GROUP_6c3f83a0fd58,Group,1
GROUP_92a5b19cd245,Group,2
GROUP_143812346b77,Group,1
GROUP_ccf7e4398b43,Group,9
GROUP_0d05c7932a26,Group,1
GROUP_87918283d9a7,Group,7
GROUP_5c7e02d1eb86,Group,6
GROUP_16a6252acfa7,Group,1
GROUP_ff1d7a110d65,Group,2
GROUP_05f9fdba9b8b,Group,8
GROUP_949b6bca2904,Group,1
GROUP_6f898803a63d,Group,1
GROUP_4903c131b6ec,Group,1
GROUP_ac0bc8f3bdba,Group,1
GROUP_50fb8e01c951,Group,1
GROUP_8080f99422fa,Group,17
GROUP_145b81e3b3a0,Group,6
GROUP_b1cd5e454648,Group,1
GROUP_780833903473,Group,3
GROUP_db7d475a7fdb,Group,2
GROUP_3dbfc9504dfe,Group,4
GROUP_b605f73086fe,Group,2
GROUP_73537f647cb1,Group,7
GROUP_07b5e584ac7a,Group,2
GROUP_4fff7484fa1b,Group,4
GROUP_776498271899,Group,4
GROUP_ada8251d25dd,Group,5
GROUP_f8d1023efbae,Group,1
GROUP_cf372508f644,Group,1
GROUP_812a16117c85,Group,7
GROUP_c6455a8bb8bc,Group,1
GROUP_b6660aac3203,Group,3
GROUP_b7c557bd358a,Group,4
GROUP_69ac168c8cd3,Group,2
GROUP_21653298b2a9,Group,2
GROUP_b71d17877791,Group,4
GROUP_80f45eedea73,Group,1
GROUP_9b5cc25a4f3e,Group,1
GROUP_d787a41a8f63,Group,3
GROUP_500f69d0143e,Group,2
GROUP_e56667873629,Group,7
GROUP_3e3245245376,Group,3
GROUP_84c0ac478f86,Group,4
GROUP_6f62f69f1ad0,Group,1
GROUP_267093aca8de,Group,6
GROUP_06f17c9af8cd,Group,8
HERB_204d834ded7d,Herb,17
HERB_c1e63a3b9c7d,Herb,20
HERB_938ed24646d5,Herb,8
HERB_e2badf5ae71b,Herb,1
HERB_a5dce27a792e,Herb,2
HERB_8ad17c84021f,Herb,1
HERB_fd41cbfc1a69,Herb,1
HERB_ca9665dc4607,Herb,1
HERB_022a5db71e4c,Herb,1
HERB_27669bc5031c,Herb,1
HERB_fba3ffc36ee7,Herb,1
HERB_833243251800,Herb,1
HERB_638ac5c6ca9e,Herb,1
HERB_1b2956a938ac,Herb,1
HERB_5928db0a9428,Herb,1
HERB_6223b0ef71fe,Herb,1
HERB_6fed06556be1,Herb,1
HERB_ff515e9bae84,Herb,3
HERB_a15cbe7df6bb,Herb,1
HERB_21eb740079e6,Herb,21
HERB_2a920d80796d,Herb,1
HERB_e3b2f0eb7be4,Herb,14
HERB_cf62d213612d,Herb,3
HERB_641bac18c6b0,Herb,1
HERB_7138392cab40,Herb,1
HERB_abe07af46f67,Herb,1
HERB_faebcc4453e0,Herb,4
HERB_1714991d881b,Herb,2
HERB_e0111d4c9866,Herb,2
HERB_1a1d6025951f,Herb,1
HERB_e92f07ae986d,Herb,1
HERB_4066b3a9d34a,Herb,5
HERB_ff678a4de2c8,Herb,6
HERB_73477ce916d4,Herb,2
HERB_43fc31ec8e17,Herb,1
HERB_004fb8505a82,Herb,1
HERB_80ba42a06ae2,Herb,1
HERB_c28c3d32e0ce,Herb,1
HERB_318489b474f2,Herb,1
HERB_9ea85b352033,Herb,1
HERB_76379cf463fd,Herb,1
HERB_9cf3b1f598c3,Herb,13
HERB_cdcb23f80758,Herb,2
HERB_485a9a8c2ef9,Herb,9
HERB_19d061518ecd,Herb,1
HERB_69d22def0532,Herb,2
HERB_936babb94de0,Herb,1
HERB_dfe16c1144a5,Herb,1
HERB_6506dcb24ca9,Herb,1
HERB_61c3e31dce82,Herb,1
HERB_abedd7b6aa98,Herb,6
HERB_136e91cd8bc6,Herb,1
HERB_7f739e1d9f60,Herb,1
HERB_b9fecf62a757,Herb,1
HERB_3ac9982c8bb9,Herb,1
HERB_a7c7238708b2,Herb,1
HERB_eda84f34647e,Herb,1
HERB_e38c3bc922eb,Herb,1
HERB_d0d6fca5f99d,Herb,1
HERB_e4489795d92e,Herb,1
HERB_6d37023eadd8,Herb,1
HERB_bfb3f5bb3172,Herb,1
HERB_d5ee1d27a5c6,Herb,1
HERB_a29c9352ef4a,Herb,1
HERB_c57a1308cc77,Herb,1
HERB_9324073207b0,Herb,5
HERB_ccfe18691c6a,Herb,1
HERB_5c27838114e4,Herb,1
HERB_639def606d07,Herb,1
HERB_d24c0e38dff0,Herb,3
HERB_6937d67e2680,Herb,1
HERB_e43f0617b8e9,Herb,1
HERB_9e69d55e5cff,Herb,1
HERB_a3a882aa4991,Herb,1
HERB_2ea987d632a2,Herb,1
HERB_2c9d534a32a4,Herb,1
HERB_c20da37a2005,Herb,1
HERB_45fb7a387e25,Herb,1
HERB_e9a20ef57f56,Herb,1
HERB_e631fc7697d2,Herb,1
HERB_4c47aa2e614d,Herb,1
HERB_88808436df5c,Herb,1
HERB_9c8e6dea0d58,Herb,1
HERB_2242a822fa5b,Herb,1
HERB_db6731f592cf,Herb,1
HERB_2e76dc324dcd,Herb,1
HERB_638792249dc9,Herb,1
HERB_5b07033e92fa,Herb,1
HERB_80d0ed8ef98e,Herb,1
HERB_bbbb8df54e2a,Herb,1
HERB_448dfc4f8ad2,Herb,1
HERB_e215eca34828,Herb,1
HERB_73ab4dfae5a0,Herb,2
HERB_9a11cd42d999,Herb,1
HERB_3fc82e929f4f,Herb,1
HERB_b3400d9dea35,Herb,1
HERB_786067ce0791,Herb,31
HERB_6f2da33c2e88,Herb,1
HERB_d78ebc216dbc,Herb,1
HERB_f129313023b5,Herb,1
HERB_783098008103,Herb,1
HERB_ccafa31852e8,Herb,1
HERB_b97c7c37835b,Herb,1
HERB_58963a7e5def,Herb,2
HERB_57db999a10e3,Herb,1
HERB_0db943b84f86,Herb,1
HERB_22241273001e,Herb,1
HERB_27cbfba6c9ec,Herb,13
HERB_040d53dba44a,Herb,3
HERB_77dae85c1cf9,Herb,1
HERB_47cb18b52569,Herb,1
HERB_73e441a47891,Herb,1
HERB_24bd7aa41fdd,Herb,1
HERB_f38c905b2a9e,Herb,1
HERB_405060c8decb,Herb,1
HERB_ca9f6c9df209,Herb,1
HERB_af1eeb160210,Herb,2
HERB_88ea498e6159,Herb,1
HERB_9cc8dd227717,Herb,6
HERB_37074632b908,Herb,2
HERB_13debb7ce087,Herb,1
HERB_e799cde79aa4,Herb,11
HERB_d82128a892a5,Herb,1
HERB_24ce88dffe62,Herb,1
HERB_720b7875a78e,Herb,1
HERB_3b1eedfe647e,Herb,1
HERB_8a76f412896e,Herb,1
HERB_9a3e2fa2d875,Herb,2
HERB_70005cf4afcf,Herb,10
HERB_950bffaa6841,Herb,1
HERB_6bfb67b4669a,Herb,1
HERB_25a976e5611a,Herb,1
HERB_bd4a16919193,Herb,1
HERB_4ae68ae1c408,Herb,1
HERB_57731a57c4a8,Herb,1
HERB_a2a353599c5e,Herb,1
HERB_25b65bb8b0f0,Herb,1
HERB_cb17d4bf2672,Herb,1
HERB_2b560af2bba7,Herb,1
HERB_16d517777b6e,Herb,1
HERB_3b0a3d736736,Herb,1
HERB_00515fd0014c,Herb,1
HERB_8ca7c0a9625d,Herb,1
HERB_c7335d2accc6,Herb,1
HERB_4cbc884b8693,Herb,1
HERB_135e7d94b11e,Herb,1
HERB_ff661a85d464,Herb,1
HERB_ee4ef97d3135,Herb,1
HERB_dbcf287531d1,Herb,1
HERB_1a6d09664ec4,Herb,1
HERB_c2c45108ad70,Herb,1
HERB_e6c64117af8b,Herb,1
HERB_73cda4f3c296,Herb,1
HERB_581a2de31cff,Herb,1
HERB_7c1c234dc914,Herb,1
HERB_baf5bc271301,Herb,1
HERB_c1f491372e03,Herb,1
HERB_10c35a80f62f,Herb,1
HERB_7aeadec442ea,Herb,2
HERB_8133e4a6a54c,Herb,20
HERB_f0ad69e87005,Herb,1
HERB_27b733ae6dfc,Herb,1
HERB_d3f0ebb1bafd,Herb,1
HERB_e14cd3c3f751,Herb,1
HERB_34bfa52d578b,Herb,1
HERB_a10aa9be0198,Herb,2
HERB_8f3b22aaf490,Herb,2
HERB_b901b82839b8,Herb,3
HERB_75f90840c0fb,Herb,1
HERB_bb4f7d35fdbe,Herb,1
HERB_79d8efa68a07,Herb,1
HERB_f76e935fd6f4,Herb,1
HERB_63ccfa1534de,Herb,3
HERB_9b9ea7f97308,Herb,10
HERB_c4980f96197f,Herb,16
HERB_f8c778d72929,Herb,2
HERB_880f0fa075a1,Herb,1
HERB_7a311e346d9c,Herb,1
HERB_d1e1e93497da,Herb,4
HERB_891e39e16901,Herb,1
HERB_c9282930f2f9,Herb,1
HERB_9a6521f4e6ce,Herb,1
HERB_2e764bfec922,Herb,3
HERB_fc845c56ded1,Herb,1
HERB_748e0bf38754,Herb,1
HERB_9f8d6eee2d15,Herb,1
HERB_d582c646144b,Herb,1
HERB_bf134115aaf2,Herb,1
HERB_9a58c561d448,Herb,1
HERB_36e69d05ffb3,Herb,1
HERB_606ae09296f6,Herb,5
HERB_13f1ac4a4881,Herb,1
HERB_06ab032baa6f,Herb,9
HERB_e9a7ea77517f,Herb,5
HERB_f17a9f0ccc01,Herb,1
HERB_33705fdf8faa,Herb,4
HERB_a2496f0970a3,Herb,2
HERB_6bcfe70a0734,Herb,1
HERB_dca4937af4df,Herb,1
HERB_29b43e31f951,Herb,1
HERB_a2e2b7b059a2,Herb,1
HERB_1677ca498aec,Herb,5
HERB_60be7fe5b421,Herb,1
HERB_9ea82024963b,Herb,1
HERB_098bae98dc08,Herb,1
HERB_685eb18e3767,Herb,1
HERB_2bcf98261605,Herb,1
HERB_73d2a37df864,Herb,1
HERB_f10c334c53b7,Herb,1
HERB_e0348ae53163,Herb,1
HERB_060813a24a53,Herb,1
HERB_b3c952c38efb,Herb,1
HERB_b068ad138561,Herb,1
HERB_4b1b08fe98a2,Herb,1
HERB_cf841f8f931d,Herb,2
HERB_d94dfd3c02b5,Herb,1
HERB_424d76b9b4f8,Herb,1
HERB_cc9214c99a11,Herb,1
HERB_b5b1add32af3,Herb,1
HERB_2d34a00413bd,Herb,2
HERB_be34db8f6e05,Herb,1
HERB_56a9d2e97789,Herb,5
HERB_183a51813213,Herb,1
HERB_eb53539432d6,Herb,1
HERB_9edbfbfb16c4,Herb,1
HERB_ec872a8a9623,Herb,1
HERB_7a5772c21d84,Herb,2
HERB_f8071efcacb4,Herb,1
HERB_df9289d1dc03,Herb,1
HERB_56fb2e6eff1c,Herb,1
HERB_a4c0e61bd9af,Herb,3
HERB_3250f96ba8a9,Herb,1
HERB_f5b6a0bc7abb,Herb,1
HERB_6de2764df42f,Herb,2
HERB_287f9f4472fc,Herb,1
HERB_a6a6f9a29d61,Herb,1
HERB_915419a00eda,Herb,1
HERB_3a44c8394a0c,Herb,1
HERB_4e72b9bb3cef,Herb,1
HERB_c02bb19ac54c,Herb,1
HERB_0331a5649d8b,Herb,1
HERB_3687afa8a982,Herb,1
HERB_b5c927eb1888,Herb,1
HERB_8a1764b91d02,Herb,1
HERB_a0a29026b186,Herb,1
HERB_e61497670ff0,Herb,1
HERB_fa0739ce061c,Herb,1
HERB_8ad0dbf99c5e,Herb,1
HERB_c53c607500bf,Herb,1
HERB_4181446366c7,Herb,1
HERB_6895bbcd8139,Herb,1
HERB_9e702f52668d,Herb,1
HERB_087a284317c8,Herb,1
HERB_e5fd4f37fe56,Herb,23
HERB_1ca85b8532af,Herb,1
HERB_ff0ad8157cbb,Herb,1
HERB_945cb3f1d0f6,Herb,1
HERB_bf4e9a1d08dc,Herb,2
HERB_b3c9c67255aa,Herb,1
HERB_3ad76fe8a44a,Herb,1
HERB_66e6e7a018a5,Herb,1
HERB_02197187a700,Herb,1
HERB_9f2e3b1a0897,Herb,1
HERB_93fd05e63dc1,Herb,3
HERB_41ba2f5352d5,Herb,2
HERB_c1f301c6d4b0,Herb,1
HERB_215eb7e7cc07,Herb,1
HERB_f001323f56eb,Herb,1
HERB_7deb700f28e5,Herb,5
HERB_e0c55490fee5,Herb,2
HERB_84e5929672f9,Herb,1
HERB_0230210071b7,Herb,2
HERB_71ba8465196d,Herb,1
HERB_01dbf9d314ae,Herb,22
HERB_438080150d84,Herb,1
HERB_855e4f05824a,Herb,2
HERB_957107524cc0,Herb,3
HERB_ffa13f655270,Herb,3
HERB_74b0c65cdb01,Herb,1
HERB_ceec93047265,Herb,2
HERB_1788873860c4,Herb,1
HERB_739c3ef28ed7,Herb,1
HERB_61661e2f9dab,Herb,1
HERB_19f4154160a4,Herb,1
HERB_50758f5986b8,Herb,2
HERB_52ca0da12ed4,Herb,1
HERB_94d43b8103dc,Herb,1
HERB_9be2fb446fb3,Herb,1
HERB_9cfcabc4d64f,Herb,1
HERB_b5dd1c98873d,Herb,1
HERB_dbd8eef2cc7b,Herb,1
HERB_dcd402398189,Herb,1
HERB_083176057cbd,Herb,1
HERB_04dae96aca6b,Herb,1
HERB_def9e9e13f99,Herb,1
HERB_99f88961644f,Herb,1
HERB_1c1b10958d6f,Herb,1
HERB_85b8f434e0b8,Herb,1
HERB_9161848540de,Herb,1
HERB_a8b1ccd6e425,Herb,1
HERB_f812f775ba6e,Herb,1
HERB_0f924fb38809,Herb,1
HERB_a8a4da69a4c7,Herb,3
HERB_c357ac7f89df,Herb,1
HERB_c7d3cb43ef47,Herb,2
HERB_67293d1368dd,Herb,10
HERB_17aa42673b24,Herb,1
HERB_2f05cfe769e7,Herb,1
HERB_b590b594ddb4,Herb,1
HERB_3647ac2186ea,Herb,1
HERB_200247a75051,Herb,1
HERB_1a49c3787703,Herb,1
HERB_86e737c8b3bd,Herb,1
HERB_869b5549e169,Herb,1
HERB_69cc3f79b4ee,Herb,1
HERB_fed26b2616d6,Herb,1
HERB_2e4237d6e510,Herb,1
HERB_142294412ebc,Herb,1
HERB_24484559797b,Herb,1
HERB_737309dcc146,Herb,1
HERB_2b016ae90cc2,Herb,1
HERB_fc593ac680cc,Herb,1
HERB_f31cf3d8d7ed,Herb,1
HERB_386efbeb526d,Herb,1
HERB_8578db9f74b2,Herb,1
HERB_bbef25b06b6b,Herb,1
HERB_b44b58bc4578,Herb,5
HERB_a33f064c4736,Herb,1
HERB_fe01569aab26,Herb,1
HERB_bb873cadc927,Herb,9
HERB_857747f74b81,Herb,1
HERB_c8bdb7053030,Herb,2
HERB_c88a0ada9e5f,Herb,1
HERB_49ad20afbab7,Herb,1
HERB_332d5bc8ca35,Herb,8
HERB_4a1c5afd4f90,Herb,2
HERB_974e5bb2d987,Herb,1
HERB_6c7102cf0892,Herb,1
HERB_22bec3f200f5,Herb,1
HERB_32e50ac043af,Herb,1
HERB_9c1c88680fa3,Herb,1
HERB_b2d293785c60,Herb,1
HERB_577860959e48,Herb,1
HERB_431919a14cff,Herb,1
HERB_3729d61fb75d,Herb,2
HERB_2065e8e990f2,Herb,1
HERB_92208b5674de,Herb,1
HERB_b6d5d8bd963b,Herb,1
HERB_deb92d952162,Herb,1
HERB_4947bd0af60e,Herb,36
HERB_7e6f6dcb6ada,Herb,1
HERB_a4372c516ed7,Herb,4
HERB_906610e8ad7f,Herb,3
HERB_273f03c0023f,Herb,2
HERB_96f9796667c1,Herb,1
HERB_0278f0d32a1f,Herb,1
HERB_c5cfb275f134,Herb,1
HERB_38a6d63257b4,Herb,1
HERB_695680455532,Herb,1
HERB_7a42c1fb3efb,Herb,1
HERB_85e79d8e0d0d,Herb,1
HERB_62361b81d95b,Herb,1
HERB_31e7d4c09634,Herb,1
HERB_a00fa4ece56b,Herb,1
HERB_a56f1a8583fc,Herb,1
HERB_2688a0797094,Herb,1
HERB_b152d95c2268,Herb,1
HERB_bb979c13b575,Herb,1
HERB_b4850f2328cb,Herb,1
HERB_efb2621a46c9,Herb,1
HERB_b2a2878e226c,Herb,1
HERB_2cd8ac8f0eab,Herb,4
HERB_60d989fc2e02,Herb,1
HERB_6561d1b1ed16,Herb,1
HERB_93820ab15622,Herb,1
HERB_559654b822fb,Herb,1
HERB_9b1b8638f208,Herb,1
HERB_0d9b1e828f02,Herb,1
HERB_342ffa6bbe1b,Herb,16
HERB_985e83afb77a,Herb,1
HERB_bf95a2d9a47b,Herb,1
HERB_3ec5e15395b2,Herb,1
HERB_0e0685693bce,Herb,1
HERB_2dcbc182c1be,Herb,1
HERB_7ade534738fc,Herb,1
HERB_e220902cc193,Herb,1
HERB_3d9880a80fbd,Herb,1
HERB_18881c700797,Herb,1
HERB_26639fc75701,Herb,1
HERB_344c7bcacf7f,Herb,1
HERB_17a9c9b5dc03,Herb,1
HERB_cbe59475db78,Herb,1
HERB_02c15a4a04b1,Herb,1
HERB_a91fe48f9af4,Herb,1
HERB_86a7f1c8f653,Herb,1
HERB_94d8ce4bce84,Herb,2
HERB_c3457559afc5,Herb,2
HERB_5ab1bdf23f86,Herb,1
HERB_65f2d3e87463,Herb,1
HERB_d3ea25d112f6,Herb,1
HERB_68738a7d765a,Herb,1
HERB_2ed6ff948317,Herb,1
HERB_fecf9c5eda55,Herb,19
HERB_b14e33d9ff01,Herb,9
HERB_1796dff69e4d,Herb,1
HERB_8509ce64f4d5,Herb,1
HERB_48700aa68701,Herb,1
HERB_26b5bc362afd,Herb,1
HERB_d1a12932b59a,Herb,2
HERB_d1183a68cbe0,Herb,1
HERB_f384b4923680,Herb,4
HERB_9fe59b8af0d8,Herb,1
HERB_414563806b09,Herb,1
HERB_0b06238f3c4f,Herb,11
HERB_cc9818967a3c,Herb,1
HERB_048890385d88,Herb,1
HERB_5eeace312639,Herb,1
HERB_8a3e8373784a,Herb,1
HERB_933d326602cf,Herb,1
HERB_7c608795e4e0,Herb,1
HERB_c3c40cf6d917,Herb,2
HERB_92194d7f3528,Herb,1
HERB_99f3e9e6eff6,Herb,1
HERB_93b666f66637,Herb,1
HERB_df26abedcd34,Herb,4
HERB_7ad438d43b95,Herb,1
HERB_46f405c1dc1f,Herb,1
HERB_7c4b0670d449,Herb,1
HERB_5d95fcd7cb1a,Herb,1
HERB_35657eeae4ab,Herb,1
HERB_9bfd5ad89c28,Herb,26
HERB_27a87c0f5232,Herb,1
HERB_970dd60b50ec,Herb,5
HERB_d1c13fb9488e,Herb,1
HERB_3280a4b34890,Herb,2
HERB_f39607d0a2cd,Herb,1
HERB_fdf5a25aeee7,Herb,1
HERB_2d628564cf41,Herb,1
HERB_7b8ced271f25,Herb,1
HERB_a3f54cb07951,Herb,1
HERB_c9e98ecdbae9,Herb,1
HERB_74e6f4bb4c7c,Herb,1
HERB_d15ca2f42a64,Herb,1
HERB_d219bea04816,Herb,3
HERB_bc0d1e60c802,Herb,1
HERB_2acd5fa320da,Herb,1
HERB_079f1df34942,Herb,2
HERB_a7fb694df07d,Herb,1
HERB_e96d690d29a2,Herb,1
HERB_0a5e94dd6754,Herb,1
HERB_11345c4e98ec,Herb,1
HERB_6e668a6e6138,Herb,1
HERB_bbb85371467d,Herb,1
HERB_9115a5eeed78,Herb,2
HERB_3e4d953988cb,Herb,1
HERB_c52356057bf0,Herb,1
HERB_f584ad649bf3,Herb,24
HERB_091c2ec44ecc,Herb,2
HERB_08258a29c314,Herb,2
HERB_ab3c416e9549,Herb,1
HERB_6c880ff578ae,Herb,1
HERB_2dc028311b93,Herb,1
HERB_f67d94279a4b,Herb,1
HERB_b52adfe52812,Herb,2
HERB_150e89aa445b,Herb,1
HERB_d3d3641f9393,Herb,1
HERB_4834bc4e99d4,Herb,1
HERB_3d58801ac9fb,Herb,1
HERB_afa2166541d0,Herb,1
HERB_c09372070bc7,Herb,1
HERB_748765ae9a6c,Herb,1
HERB_76c8af96ffb5,Herb,1
HERB_cfd710783de6,Herb,1
HERB_bb97c473ceda,Herb,1
HERB_52d457fe6ce9,Herb,1
HERB_76d678320bd0,Herb,1
HERB_0b7780a52ad4,Herb,1
HERB_d05faab508f0,Herb,1
HERB_77d00a290100,Herb,2
HERB_caba6462d713,Herb,9
HERB_591862b94960,Herb,7
HERB_0dd51bebfd06,Herb,1
HERB_b6b2ad69eb6b,Herb,1
HERB_a46ffc025c75,Herb,1
HERB_edfc4fce8162,Herb,1
HERB_1bb449b2f0a6,Herb,1
HERB_63f31154602d,Herb,1
HERB_6e37e9715d90,Herb,1
HERB_041eda3dcd7c,Herb,1
HERB_8595ff1a5fa5,Herb,1
HERB_5e9a701210d8,Herb,1
HERB_a2b740942f70,Herb,1
HERB_9ffe2ddc9302,Herb,1
HERB_b9701e5d7734,Herb,1
HERB_6ba340ec411e,Herb,2
HERB_98bb74ef64af,Herb,1
HERB_39020e065fe5,Herb,1
HERB_e28aa4779fe5,Herb,1
HERB_3a71f7a7fc45,Herb,6
HERB_4bc2b7614c02,Herb,1
HERB_f1783e0f152c,Herb,1
HERB_2878c1f10297,Herb,1
HERB_b201eee45289,Herb,1
HERB_bb0b1d551c48,Herb,1
HERB_3b94e3292a9b,Herb,1
HERB_f242e828cc4f,Herb,1
HERB_46fcfad7a46f,Herb,1
HERB_82a6f5d0f781,Herb,1
HERB_ebd9b6b11481,Herb,1
HERB_7afd4be1601f,Herb,1
HERB_17431da0a4e0,Herb,1
HERB_4758032ae882,Herb,1
HERB_87eaa71a4025,Herb,1
HERB_f660c892df63,Herb,1
HERB_f996f564ed58,Herb,1
HERB_de9b45825196,Herb,14
HERB_de9f015438a4,Herb,1
HERB_52a110012a40,Herb,1
HERB_f46bcb053aec,Herb,1
HERB_c5cf82b8daf2,Herb,1
HERB_f659ab0b77a2,Herb,1
HERB_43bf7a7205aa,Herb,1
HERB_abda562d1c32,Herb,1
HERB_44543b3b1c72,Herb,1
HERB_77393b157924,Herb,1
HERB_f7ff409da6db,Herb,1
HERB_13d637ea2130,Herb,1
HERB_4673d6f07920,Herb,1
HERB_d2286d420499,Herb,1
HERB_64df95428ecb,Herb,11
HERB_fd229946fcfc,Herb,1
HERB_d7bd7db62216,Herb,1
HERB_32f779e6b913,Herb,1
HERB_0cce16f84531,Herb,1
HERB_3beaf86c70d9,Herb,2
HERB_6374097befbf,Herb,1
HERB_bb45ea0e2335,Herb,1
HERB_51386c38302a,Herb,1
HERB_14d947f8217a,Herb,1
HERB_eaf7d73d7a08,Herb,1
HERB_d8d05e1a9f0f,Herb,1
HERB_6bfc4299425f,Herb,1
HERB_da545dff51d9,Herb,1
HERB_d3872033a067,Herb,3
HERB_2e421a96666c,Herb,1
HERB_16fab8527f25,Herb,4
HERB_92b326c89801,Herb,1
HERB_70b75439a7b5,Herb,1
HERB_e392dd596c98,Herb,1
HERB_e38279d29ba2,Herb,15
HERB_f335414e6fe5,Herb,6
HERB_43b8b6b8df24,Herb,1
HERB_e6a718f95f0e,Herb,1
HERB_f5526f048e45,Herb,4
HERB_5f8967f0c5d7,Herb,3
HERB_be7ea79968f8,Herb,1
HERB_5b1754f5a224,Herb,1
HERB_25b9c132e560,Herb,1
HERB_37f330a0b47c,Herb,2
HERB_c9d44484930f,Herb,24
HERB_0096eaf5f9b5,Herb,1
HERB_c54968ba6679,Herb,1
HERB_0839617e7ec9,Herb,1
HERB_49fdc5e05023,Herb,1
HERB_f66481a5c7fd,Herb,1
HERB_a1386a2020bf,Herb,1
HERB_32828f1df461,Herb,2
HERB_f884a526c4b3,Herb,1
HERB_546d7010c852,Herb,1
HERB_27f2a003788f,Herb,1
HERB_a764cc0f0944,Herb,1
HERB_12f92d14b71e,Herb,1
HERB_e06eec149607,Herb,1
HERB_1b3b57ba180e,Herb,1
HERB_fe94a6d4a1ba,Herb,1
HERB_7122b97ece39,Herb,1
HERB_9ad8b9db9d7d,Herb,1
HERB_82bfc73e94fb,Herb,1
HERB_8704d3e8b0cf,Herb,1
HERB_467084f2c182,Herb,1
HERB_de51b8ab3507,Herb,1
HERB_f8a08b9c6d57,Herb,1
HERB_763f7695a21d,Herb,2
HERB_b0ebfb772d0f,Herb,1
HERB_840a6103b1c4,Herb,1
HERB_3867376911a9,Herb,1
HERB_a4a6b2d25c49,Herb,1
HERB_a9a8f1aec005,Herb,1
HERB_78a574aaf636,Herb,2
HERB_018ca4c49594,Herb,1
HERB_3fea9dc3a0a4,Herb,1
HERB_c618f62e25b3,Herb,1
HERB_1e5fdcabbea8,Herb,4
HERB_89f5fa4d2da4,Herb,1
HERB_15b50a7ef2be,Herb,1
HERB_f3f0f10f3e2b,Herb,1
HERB_465c4bc7dc14,Herb,1
HERB_67caa09f4dec,Herb,2
HERB_6af49ff9320d,Herb,6
HERB_19ec84110f93,Herb,1
HERB_1b9a30d6a771,Herb,1
HERB_2e6103166f09,Herb,2
HERB_157cc193988b,Herb,1
HERB_f4c3d58835d5,Herb,1
HERB_c0a3e0df93d0,Herb,1
HERB_0139fa4bf61f,Herb,1
HERB_c4010bbf7161,Herb,1
HERB_a091bcebb927,Herb,1
HERB_6d6c60dccaa5,Herb,10
HERB_2e070ba3ba2a,Herb,1
HERB_c824f06f7ccd,Herb,1
HERB_ed8342427ab0,Herb,1
HERB_c0824b62514b,Herb,1
HERB_1b65bb853b18,Herb,1
HERB_3fc684e93e34,Herb,1
HERB_d1737aa1b9ce,Herb,1
HERB_d93bbc4c7f05,Herb,1
HERB_fb6a9b4eece6,Herb,1
HERB_6018344099c3,Herb,1
HERB_5a928155be31,Herb,1
HERB_092b5f10ef4a,Herb,1
HERB_eb1ce61b6763,Herb,3
HERB_fc91fbb576b6,Herb,1
HERB_15e7fb284fb8,Herb,1
HERB_8b690ed2d3ed,Herb,1
HERB_a927c116aac8,Herb,1
HERB_132834645f81,Herb,1
HERB_46de2ccf1b59,Herb,1
HERB_94b49ec11eff,Herb,1
HERB_e8a1328c01f0,Herb,1
HERB_aa9582347ec7,Herb,1
HERB_e2f702cd742a,Herb,1
HERB_c5568b143de7,Herb,1
HERB_13f7e1b81fd5,Herb,5
HERB_67d9c685d19c,Herb,1
HERB_857dfeb68553,Herb,1
HERB_be9129a152d0,Herb,1
HERB_8087f1b30a2c,Herb,8
HERB_821288fe2e26,Herb,1
HERB_0807644f06dd,Herb,3
HERB_1328378144af,Herb,1
HERB_fcc85d4d3500,Herb,1
HERB_479563153f9d,Herb,1
HERB_463d7ea8bce2,Herb,1
HERB_9b873fc26f19,Herb,1
HERB_b9042f24cefe,Herb,3
HERB_39fff8494009,Herb,1
HERB_2de54c60276e,Herb,1
HERB_2845bb92cace,Herb,1
HERB_a015dcb85fc3,Herb,1
HERB_965775059fa6,Herb,1
HERB_f0ece3df9a01,Herb,1
HERB_a4c9171b5a0d,Herb,1
HERB_02f764910b70,Herb,6
HERB_a4229735b39c,Herb,12
HERB_81428d0ca6bd,Herb,1
HERB_1fd80888ca49,Herb,2
HERB_1879ee2487cd,Herb,1
HERB_f0282731a0c0,Herb,1
HERB_cb3b381d9cfa,Herb,1
HERB_47c1eda00415,Herb,1
HERB_b66f48e07045,Herb,1
HERB_5ec82f136dd0,Herb,1
HERB_76ee50b616f5,Herb,1
HERB_2d3bf7977714,Herb,1
HERB_63ae8ff63422,Herb,1
HERB_e8edf70e2650,Herb,3
HERB_300ef7d3570c,Herb,3
HERB_1db3615aa137,Herb,3
HERB_9f654d8936e1,Herb,1
HERB_be3f1179adbc,Herb,1
HERB_237a63140988,Herb,1
HERB_51573aebf8f1,Herb,22
HERB_1fb4760afea0,Herb,1
HERB_045cdd8b4470,Herb,2
HERB_08523ccd6be4,Herb,1
HERB_4809ee660300,Herb,1
HERB_fa73bb3f9c65,Herb,1
HERB_ccc71fdd2e1d,Herb,1
HERB_c9a86532c530,Herb,1
HERB_0861c49f1bb5,Herb,1
HERB_f2ff72f4ef10,Herb,5
HERB_af9f2dd70ea1,Herb,1
HERB_537b5f9ab791,Herb,1
HERB_82d1f626da9b,Herb,1
HERB_1a577a69af04,Herb,1
HERB_944b8e69ca3a,Herb,2
HERB_a252ea6ff7d6,Herb,12
HERB_0b885818b35d,Herb,13
HERB_cb805eae32d8,Herb,8
HERB_8ee1e3c8fe19,Herb,2
HERB_551fadc7b3bc,Herb,1
HERB_e78d21877bec,Herb,1
HERB_6cbab1a7d90e,Herb,3
HERB_745258fb752f,Herb,1
HERB_fbbfbd6b25d2,Herb,1
HERB_4c4470184246,Herb,1
HERB_4f83ea8cdbdb,Herb,1
HERB_1a3c0cd7a0d6,Herb,1
HERB_b4bbb783ce5e,Herb,1
HERB_4b985e15521b,Herb,1
HERB_430b33c10d9c,Herb,8
HERB_25a571fbaf93,Herb,1
HERB_b4c5d54f53bd,Herb,1
HERB_e7808e8cc621,Herb,4
HERB_f2b41855542c,Herb,2
HERB_2e68568c7822,Herb,1
HERB_76ca31a3c74c,Herb,1
HERB_97cdfccf97d9,Herb,3
HERB_62660bc1e666,Herb,1
HERB_8b2169b4f92f,Herb,1
HERB_49f344e75b10,Herb,1
HERB_e4d037dfd164,Herb,1
HERB_171ada81d12d,Herb,5
HERB_fe33e9230604,Herb,1
HERB_6bbb6c82f304,Herb,2
HERB_4034b67f8176,Herb,1
HERB_b1798c77241a,Herb,1
HERB_bafdb6657fb0,Herb,18
HERB_7545ff1701d0,Herb,1
HERB_1fb3c8d5189a,Herb,2
HERB_148f0ee86a4e,Herb,1
HERB_df53d575a832,Herb,1
HERB_f1476400e8e8,Herb,1
HERB_48e94e2d330f,Herb,1
HERB_68a6d161e188,Herb,1
HERB_b447d6f50652,Herb,2
HERB_99e8ecfcc95b,Herb,1
HERB_a71f8de018ba,Herb,1
HERB_03b0892bfbde,Herb,1
HERB_c3c03074cb85,Herb,6
HERB_60b7c41d17f2,Herb,1
HERB_2199905111f6,Herb,1
HERB_9af2cb83a3dc,Herb,1
HERB_972c8626a643,Herb,1
HERB_9aeb9b5d07b6,Herb,1
HERB_055bd02697e0,Herb,2
HERB_79a1f571e8be,Herb,1
HERB_eb290e76f49f,Herb,1
HERB_938a0424a1c2,Herb,25
HERB_ae8d4e450b7d,Herb,1
HERB_07364d391c15,Herb,1
HERB_7a32a017ace3,Herb,1
HERB_205a6fc22f03,Herb,1
HERB_9e58a6b5bbc1,Herb,3
HERB_ca9fd3b2c121,Herb,1
HERB_d2b809acd229,Herb,1
HERB_7aaadeda1ccd,Herb,9
HERB_1507f1665954,Herb,2
HERB_c9a1659f86b5,Herb,1
HERB_2bfd1749c47f,Herb,1
HERB_032989e456eb,Herb,1
HERB_dfcc86e9293f,Herb,1
HERB_ccb83655fc43,Herb,1
HERB_ed67358948c0,Herb,1
HERB_b8012cba52d0,Herb,4
HERB_b09b0ab4dbdf,Herb,3
HERB_2a2e40ee757a,Herb,1
HERB_6bb6675c930f,Herb,1
HERB_25f8465119ce,Herb,1
HERB_d32ae16b0737,Herb,1
HERB_352d00f43a1a,Herb,1
HERB_4ca0c9fd2e92,Herb,1
HERB_95f22a15d772,Herb,1
HERB_c8dc1d63495d,Herb,2
HERB_4256143798f6,Herb,1
HERB_b8ecd9417cf0,Herb,2
HERB_7b02039c4b8f,Herb,1
HERB_75e50415aa07,Herb,1
HERB_fb6937d21e0d,Herb,1
HERB_f70092ac9635,Herb,1
HERB_1e2599d17d5f,Herb,1
HERB_1060181cd776,Herb,1
HERB_d3cf486ba670,Herb,1
HERB_754736472432,Herb,1
HERB_126bc2500ef0,Herb,1
HERB_6a9c0af122db,Herb,1
HERB_a6ee7a99cee9,Herb,1
HERB_6cc9d02ce2c0,Herb,1
HERB_f0c4eaded18f,Herb,1
HERB_5ba6afb7d064,Herb,1
HERB_f2c8f5be5e1e,Herb,1
HERB_ac23e8f1c4d4,Herb,1
HERB_92228e6c3436,Herb,1
HERB_aba258b3d290,Herb,1
HERB_6456c79c2c5f,Herb,1
HERB_7f52b52ad399,Herb,1
HERB_4d3dc7c560ad,Herb,1
HERB_916719dc9289,Herb,2
HERB_6c8e9e7f3822,Herb,1
HERB_50e96c9d6432,Herb,1
HERB_24e612f5d32d,Herb,3
HERB_202c506b6164,Herb,1
HERB_55f786252085,Herb,1
HERB_7927f50e79b0,Herb,2
HERB_30d88c2ff3d1,Herb,1
HERB_d16fba595fd2,Herb,2
HERB_785d37bbdf18,Herb,1
HERB_9a3d99e31e2a,Herb,1
HERB_3f1020e8d25b,Herb,1
HERB_1168983126de,Herb,2
HERB_9f7542636d58,Herb,1
HERB_0f3df94259ec,Herb,1
HERB_6a9f03687946,Herb,7
HERB_fa31a2efad55,Herb,1
HERB_096448d25db0,Herb,1
HERB_91c4097a146d,Herb,1
HERB_6498c72ef41e,Herb,1
HERB_1ee0750d2680,Herb,1
HERB_1d783cffa970,Herb,1
HERB_2a0ebf0db6db,Herb,1
HERB_9790fa1555bc,Herb,1
HERB_7730c95607e4,Herb,3
HERB_81fc828be5a1,Herb,1
HERB_d67073e2bd5e,Herb,17
HERB_580bf8d991a1,Herb,1
HERB_92e7bae17f12,Herb,1
HERB_d3fa42472366,Herb,1
HERB_1312a5af2cb2,Herb,1
HERB_1367359447bb,Herb,1
HERB_f11a7bcfcb9b,Herb,1
HERB_67407addf395,Herb,1
HERB_cc32d44e4e81,Herb,1
HERB_210b1656e807,Herb,3
HERB_0f9f5aea79f1,Herb,1
HERB_8f0aafb44824,Herb,1
HERB_207bcdff1c20,Herb,2
HERB_4e6e23c71886,Herb,1
HERB_d034953557b1,Herb,1
HERB_07cf0306c68a,Herb,1
HERB_a5763f17722c,Herb,2
HERB_a010f5492ce2,Herb,1
HERB_562848b3e238,Herb,1
HERB_403949f3a9fc,Herb,1
HERB_d3c5511a5dbd,Herb,1
HERB_af77f5334540,Herb,1
HERB_92cb1306a8cc,Herb,1
HERB_4188bb3f1e7d,Herb,1
HERB_c153ffa14280,Herb,1
HERB_9544260f71c3,Herb,1
HERB_6e59eed80a13,Herb,1
HERB_4fb9e1fb3a6f,Herb,2
HERB_f4bb11dd009e,Herb,2
HERB_f25ffbe7dba4,Herb,1
HERB_660c5f5da59d,Herb,1
HERB_9df50ed1c6ee,Herb,2
HERB_826a6867da11,Herb,1
HERB_b339fd558d5f,Herb,1
HERB_97f03bd9d6c9,Herb,1
HERB_94646c0ef0a2,Herb,1
HERB_c8bac104e955,Herb,1
HERB_5a8ee0821e95,Herb,1
HERB_9015696dc366,Herb,1
HERB_599e6f91727a,Herb,1
HERB_7b2efc37dc71,Herb,1
HERB_ca6179c1c84f,Herb,6
HERB_c14b52af708f,Herb,5
HERB_3ae8d226d6c0,Herb,2
HERB_d52773473758,Herb,1
HERB_29517296fefe,Herb,2
HERB_f666765d51c8,Herb,1
HERB_cc881df26131,Herb,1
HERB_c8247f02dbbc,Herb,1
HERB_0a0693c60cb0,Herb,1
HERB_d78a30fb7362,Herb,3
HERB_783f4fa21cb0,Herb,1
HERB_d7866496ac2e,Herb,1
HERB_cfd9bc445f2b,Herb,1
HERB_5b5a26f3842e,Herb,1
HERB_1f59425ea276,Herb,3
HERB_f0b41964c23b,Herb,1
HERB_9c8c3beb21bb,Herb,1
HERB_fe3ed1309111,Herb,1
HERB_155e64197617,Herb,1
HERB_51f014d51d91,Herb,7
HERB_198d9aeb4c81,Herb,1
HERB_3e6a6c3100f8,Herb,1
HERB_97e85a46322e,Herb,1
HERB_cb11d21035f1,Herb,1
HERB_d90ece11223b,Herb,1
HERB_f18d75389edf,Herb,7
HERB_a8d31bfc508a,Herb,1
HERB_d2de201b8e34,Herb,1
HERB_3c9871983307,Herb,2
HERB_e2846d51e6df,Herb,5
HERB_8a8891f70e85,Herb,1
HERB_49119a961a2f,Herb,1
HERB_d3afcae21618,Herb,1
HERB_013ec3945af6,Herb,1
HERB_cf95f28119b7,Herb,1
HERB_38d4e6a7232d,Herb,1
HERB_2cee74add4b1,Herb,6
HERB_4f647f006e56,Herb,2
HERB_b2e193d6953f,Herb,1
HERB_0277fbb965e8,Herb,1
HERB_25f97483f91d,Herb,1
HERB_81bb8a2372b5,Herb,1
HERB_94197da83e8b,Herb,1
HERB_57f93cb26f74,Herb,1
HERB_248a42c178dd,Herb,7
HERB_504762eca2d3,Herb,1
HERB_76630b03784e,Herb,1
HERB_8efca6ec05c9,Herb,1
HERB_159e507ff1b5,Herb,1
HERB_708e10c793b5,Herb,1
HERB_b670ebd09544,Herb,1
HERB_99d91c81a91c,Herb,1
HERB_5e5b7a286dee,Herb,1
HERB_7e7983abea75,Herb,1
HERB_c48b977ca132,Herb,1
HERB_2724a72ccf8d,Herb,1
HERB_260b448385c5,Herb,1
HERB_a2bc59dfee37,Herb,1
HERB_3522ad36dfa7,Herb,1
HERB_928da1a6c7c3,Herb,7
HERB_1c59f7c8754a,Herb,17
HERB_e1bb2e27afb8,Herb,1
HERB_357349142be4,Herb,1
HERB_622689154f1e,Herb,1
HERB_5701363726a7,Herb,1
HERB_1b5b66c80223,Herb,1
HERB_3ce743471157,Herb,1
HERB_68ae847a1c12,Herb,1
HERB_0038e710cfe0,Herb,1
HERB_37bc4c38162f,Herb,7
HERB_931804eb8015,Herb,1
HERB_8550b09f4b86,Herb,1
HERB_ecd46dc197a7,Herb,1
HERB_b43fbb19e522,Herb,1
HERB_b63fab3dd413,Herb,1
HERB_97b0b536c77e,Herb,1
HERB_3e763622c627,Herb,1
HERB_b32e9333945b,Herb,1
HERB_8675e0657952,Herb,6
HERB_c9f827a03c6a,Herb,1
HERB_296d72e85303,Herb,1
HERB_599c201f5eba,Herb,1
HERB_58637c3f5929,Herb,4
HERB_2bc7341dca70,Herb,2
HERB_d5404929e5cf,Herb,1
HERB_a01c7b604a89,Herb,2
HERB_ff1448006750,Herb,2
HERB_85a9e4910bf7,Herb,1
HERB_9db9bbb21629,Herb,1
HERB_19451a92d1b4,Herb,1
HERB_30cfebd670b8,Herb,1
HERB_150447912971,Herb,1
HERB_d27af36b2f28,Herb,6
HERB_855f42eb2bcf,Herb,1
HERB_07c753a8b9c3,Herb,1
HERB_6ebae1dd3389,Herb,2
HERB_063271e3302c,Herb,1
HERB_504ab81d1dcb,Herb,3
HERB_b2de21614c6e,Herb,1
HERB_b05ff6e5541c,Herb,1
HERB_8ef9c55f9639,Herb,1
HERB_5d61cd43a76e,Herb,1
HERB_ae629ea3fe42,Herb,8
HERB_f3870e0d361c,Herb,1
HERB_d34aa20c684b,Herb,6
HERB_7a0e4cfc2af4,Herb,1
HERB_9d476a1e2bde,Herb,1
HERB_c2e8b808d1d4,Herb,1
HERB_addd768e95d3,Herb,1
HERB_576937b958eb,Herb,9
HERB_a435570d6537,Herb,1
HERB_a0a2f58e5c6a,Herb,6
HERB_d8df24966178,Herb,1
HERB_9ccd55da9b5d,Herb,1
HERB_5be6d9ce0f90,Herb,1
HERB_0af2dbe77188,Herb,1
HERB_3658161a6d8e,Herb,1
HERB_b8002662896e,Herb,1
HERB_249023075a2c,Herb,1
HERB_548d316373dc,Herb,1
HERB_f99c653bec46,Herb,1
HERB_e7ad9ef173a5,Herb,1
HERB_435e6ee8bd66,Herb,1
HERB_3ee47c6e8133,Herb,1
HERB_c4d5499e2806,Herb,1
HERB_5bb622b9e39b,Herb,1
HERB_da14b6d1e6fb,Herb,1
HERB_7ba70bbfefc8,Herb,1
HERB_2db7f7720763,Herb,1
HERB_681e9258a5ba,Herb,1
HERB_70193f1ee43d,Herb,1
HERB_2060e5b536cd,Herb,1
HERB_d637480df775,Herb,1
HERB_5763d7ec4327,Herb,1
HERB_cee139522964,Herb,2
HERB_b4e0b3de3438,Herb,1
HERB_1938f866e6d7,Herb,2
HERB_8932649d8449,Herb,1
HERB_549e9683e592,Herb,1
HERB_acf51749635d,Herb,1
HERB_e66bb7792c0c,Herb,21
HERB_2d97c10ec51e,Herb,19
HERB_13dc9fe5512c,Herb,3
HERB_466556329337,Herb,20
HERB_3cd6d65ed4bd,Herb,1
HERB_c4e662691c80,Herb,1
HERB_bcc607e38112,Herb,1
HERB_69951504c5dc,Herb,1
HERB_6c7c1d3d695c,Herb,1
HERB_7f05908e57a7,Herb,1
HERB_61143d2d6c12,Herb,1
HERB_3205ab65d29e,Herb,1
HERB_ec6c07ea8c79,Herb,1
HERB_c25a7b0e966e,Herb,1
HERB_f4c2c6499628,Herb,1
HERB_615eec9e7e1a,Herb,1
HERB_442f45d54f5e,Herb,1
HERB_83e499918b9a,Herb,1
HERB_14ee7cbfc21b,Herb,1
HERB_d1808347f64d,Herb,1
HERB_1b1b25a3003c,Herb,1
HERB_7a1b7fb32053,Herb,1
HERB_b57f9a9420ab,Herb,1
HERB_dba4ae5cecad,Herb,1
HERB_0f1cff5bee5f,Herb,1
HERB_b6f0e22af732,Herb,1
HERB_ed540045f71f,Herb,1
HERB_710859e3b1db,Herb,1
HERB_7bc725832e87,Herb,1
HERB_491c42495bad,Herb,1
HERB_c489689c6a08,Herb,2
HERB_e351fc2d2908,Herb,1
HERB_dcb88b278518,Herb,1
HERB_583d1ddc5ebb,Herb,2
HERB_eb515448985b,Herb,1
HERB_e2799cc33c82,Herb,1
HERB_367b16e867d1,Herb,1
HERB_abae48f3cd16,Herb,1
HERB_89353b034fe4,Herb,1
HERB_0673b7ee042c,Herb,1
HERB_4457bf81097d,Herb,1
HERB_03694e2427bf,Herb,1
HERB_3a1d690857ee,Herb,1
HERB_c5da3a951533,Herb,1
HERB_48e21cd983d0,Herb,7
HERB_f8daf3a56034,Herb,1
HERB_bc28e6116750,Herb,4
HERB_f3b7eb15659b,Herb,1
HERB_d9d43f8b1531,Herb,1
HERB_b3b9bf83fe5a,Herb,1
HERB_6fe9943ee1d3,Herb,1
HERB_bb60c0fb726f,Herb,1
HERB_0739be9d8b0a,Herb,1
HERB_b69747e4bdff,Herb,1
HERB_ce50e5c65ed3,Herb,1
HERB_644747d45559,Herb,1
HERB_c143a8c37b92,Herb,2
HERB_cfffb4df0573,Herb,1
HERB_76affcfdf7f4,Herb,1
HERB_ac44503420c2,Herb,1
HERB_225eec04ab2b,Herb,1
HERB_9cefe4b2caaf,Herb,1
HERB_7de2af192461,Herb,1
HERB_213bbcc6b886,Herb,1
HERB_3474a80116db,Herb,1
HERB_a2f222879591,Herb,4
HERB_ec63243efd90,Herb,3
HERB_2eef8ed9e545,Herb,1
HERB_b04555c9dc52,Herb,1
HERB_9a9bd233e6d6,Herb,1
HERB_373325e7d022,Herb,1
HERB_306591cb1ed4,Herb,1
HERB_7644fc09507a,Herb,1
HERB_0e5234fcfa6f,Herb,1
HERB_678330dcdd7e,Herb,1
HERB_7d52d9099c81,Herb,33
HERB_82128745c75e,Herb,7
HERB_848aac178362,Herb,3
HERB_318e35f8b5ac,Herb,1
HERB_9dce37d2683f,Herb,1
HERB_617261fe9a3c,Herb,1
HERB_929ab0f8ad4e,Herb,1
HERB_9f2cd1246515,Herb,1
HERB_6c9bb5b6b9d7,Herb,5
HERB_228f259175e8,Herb,7
HERB_b0cb68ad5ed8,Herb,1
HERB_054934d8de67,Herb,1
HERB_e4bec4134e75,Herb,1
HERB_bd13cd4189a3,Herb,1
HERB_d98aa616e150,Herb,1
HERB_9ac47128c137,Herb,16
HERB_14f57b5368a4,Herb,1
HERB_35106122ffa6,Herb,1
HERB_b96d26cd8b9f,Herb,1
HERB_bb8a54b3d7a0,Herb,6
HERB_6524b5bb41b7,Herb,1
HERB_421993e8235d,Herb,1
HERB_f604ea33cca2,Herb,1
HERB_45e663275dbf,Herb,1
HERB_6320b20c3cc8,Herb,4
HERB_199990d40fd2,Herb,1
HERB_0af4e4fcca58,Herb,1
HERB_5cb96152f4ec,Herb,5
HERB_1def2690d2f2,Herb,2
HERB_5af95d2b2ea0,Herb,1
HERB_91f893e51c36,Herb,1
HERB_665cd5afd3c2,Herb,1
HERB_1ca3915b9386,Herb,1
HERB_5dd1d8eb6ae4,Herb,1
HERB_f614e3117fca,Herb,1
HERB_3ccac112b3a1,Herb,1
HERB_e685084b906d,Herb,1
HERB_f7f75ef2794a,Herb,1
HERB_5cb6c6c28dfc,Herb,1
HERB_f483f9fd5609,Herb,2
HERB_75e90cf6bfaa,Herb,15
HERB_0af7a7f51d0a,Herb,5
HERB_d93aae428da8,Herb,2
HERB_627b704c0e2f,Herb,2
HERB_db1cbb4643ae,Herb,1
HERB_b6274cb09cd0,Herb,2
HERB_8d8a8e0f6bf4,Herb,1
HERB_b872dc3a4ac6,Herb,1
HERB_9d11349aa02f,Herb,1
HERB_97266ea837b8,Herb,1
HERB_65b0f8c99377,Herb,2
HERB_9d6b6d36104a,Herb,2
HERB_41faa7145586,Herb,1
HERB_c1aa6a64b4c3,Herb,2
HERB_7c0a44ceceec,Herb,1
HERB_2cd3b7058c33,Herb,1
HERB_522e8cd45792,Herb,1
HERB_dab9c2a31e07,Herb,6
HERB_f71154e52541,Herb,6
HERB_ef2066b1bff5,Herb,1
HERB_8a9151ec943b,Herb,1
HERB_592946e3e0b3,Herb,1
HERB_f64c1ac679e2,Herb,1
HERB_6f6a061c889f,Herb,1
HERB_2c1c2a6b71c2,Herb,1
HERB_48475e09475e,Herb,1
HERB_09787ed725f9,Herb,1
HERB_89b9185fa8fb,Herb,1
HERB_0f1ee1644f9a,Herb,1
HERB_e8ede15bac93,Herb,4
HERB_dedf0108f1d0,Herb,2
HERB_055a04f20155,Herb,1
HERB_5e8a4a0faeae,Herb,1
HERB_bb462b96f5b3,Herb,9
HERB_360410f7e397,Herb,1
HERB_b923008e30ab,Herb,2
HERB_e3b4cbc062c1,Herb,1
HERB_4d8eb831765f,Herb,3
HERB_09f71ca97766,Herb,2
HERB_5d301dbd9d3a,Herb,1
HERB_d9bba114cecf,Herb,1
HERB_1db3c989a5ff,Herb,1
HERB_5dd0d86080d2,Herb,1
HERB_31cb05110258,Herb,1
HERB_e45e4f216955,Herb,4
HERB_3c0400132079,Herb,1
HERB_8685d10fb942,Herb,1
HERB_7448d13f784e,Herb,1
HERB_7c44fac855e2,Herb,1
HERB_a669ec2ccbbe,Herb,1
HERB_5a1a309eec32,Herb,1
HERB_bb75ed102d74,Herb,1
HERB_d4f97d441f24,Herb,1
HERB_02ee8b269dd8,Herb,1
HERB_249df7441494,Herb,1
HERB_3fc04cb0aa44,Herb,1
HERB_97ab54582166,Herb,1
HERB_61a5dbb7d5bb,Herb,1
HERB_16f2115a8702,Herb,1
HERB_f80893be9633,Herb,1
HERB_10446e7a4db6,Herb,1
HERB_9b68a32be910,Herb,1
HERB_a44851e0d9d1,Herb,1
HERB_7de66302c42a,Herb,1
HERB_c1c5bad3323b,Herb,3
HERB_eab6ae90a11d,Herb,1
HERB_03829fa45cf0,Herb,1
HERB_1c9da9cc2108,Herb,2
HERB_8625043b8af5,Herb,1
HERB_f50374798a0a,Herb,1
HERB_8c4c6423f650,Herb,1
HERB_5653f2850b9e,Herb,2
HERB_201dbc635756,Herb,1
HERB_96eaf24589f3,Herb,1
HERB_fcac377726ad,Herb,1
HERB_a96ebf2d255f,Herb,1
HERB_6f6eadf1a1a0,Herb,1
HERB_7b43b78811b4,Herb,3
HERB_b10425fc83ac,Herb,1
HERB_dd76e8724614,Herb,2
HERB_f8bba426cdcb,Herb,3
HERB_1d6f1bf6eccb,Herb,1
HERB_91816a1cd660,Herb,1
HERB_5ee150de59a8,Herb,1
HERB_f5fbfc0a820d,Herb,1
HERB_79db7aee982d,Herb,1
HERB_48b7c1cbdb4e,Herb,1
HERB_7fa4a3e178dc,Herb,1
HERB_164bebe5531c,Herb,1
HERB_fa48011c68a5,Herb,1
HERB_f3cf128fe154,Herb,1
HERB_e7722c2c6339,Herb,1
HERB_e5d7d76ffbe7,Herb,1
HERB_c7919e9c7f8b,Herb,1
HERB_45052f69d001,Herb,1
HERB_dbf09c94b772,Herb,1
HERB_64913c5f0258,Herb,1
HERB_1e91dfd84cf7,Herb,1
HERB_9c192ddfa0a1,Herb,1
HERB_020344b8032f,Herb,1
HERB_e4c73a086a50,Herb,1
HERB_15264fefd794,Herb,1
HERB_8a9672d68e1f,Herb,1
HERB_89c028c7ba74,Herb,1
HERB_a12c58db3405,Herb,1
HERB_05814886a392,Herb,1
HERB_88f8e09545e7,Herb,2
HERB_5e497d00204e,Herb,1
HERB_9a6a1e46fe2c,Herb,1
HERB_df56989c12f0,Herb,1
HERB_ffd990e6d006,Herb,1
HERB_ce9161f0eca1,Herb,1
HERB_ae7b5eaabb36,Herb,1
HERB_9e147581cd22,Herb,1
HERB_01f45b8938ac,Herb,1
HERB_a375c1a61225,Herb,9
HERB_b488a14460ff,Herb,1
HERB_c421637f7577,Herb,4
HERB_b53ce0321334,Herb,1
HERB_0e33817c978e,Herb,1
HERB_bb85a7350849,Herb,3
HERB_c2d0e11a4708,Herb,2
HERB_7d52beae8384,Herb,1
HERB_f4dd389ae576,Herb,3
HERB_2294b55e615b,Herb,1
HERB_4a385f1d0e2a,Herb,1
HERB_0d6877b630dd,Herb,1
HERB_3cc42652146d,Herb,1
HERB_276880114856,Herb,1
HERB_6c8807ae2b9e,Herb,1
HERB_66abcb6918e9,Herb,2
HERB_b48a84fdac8c,Herb,1
HERB_efa3d89f049b,Herb,1
HERB_84086e217359,Herb,1
HERB_0d6650a6b197,Herb,1
HERB_99a469c739c3,Herb,1
HERB_1c087da62faa,Herb,1
HERB_e01f10777d15,Herb,1
HERB_717747363f31,Herb,4
HERB_18f9e0b89b31,Herb,1
HERB_926fbe2421a2,Herb,1
HERB_8cf3e48eaa4d,Herb,4
HERB_cc072b22bae0,Herb,1
HERB_c230c2e44b11,Herb,1
HERB_73184000eca0,Herb,1
HERB_2033a5db7670,Herb,1
HERB_9dc791d4c49a,Herb,1
HERB_50f7e24981fc,Herb,1
HERB_89dcc2daa611,Herb,1
HERB_5fb24994e473,Herb,1
HERB_7672ad3de47d,Herb,2
HERB_2eb4a569370f,Herb,1
HERB_6fc0a3b955b4,Herb,1
HERB_a039b0e23e4a,Herb,1
HERB_56005d883900,Herb,1
HERB_9f044358f684,Herb,1
HERB_c46c66ad6afc,Herb,13
HERB_61ba4d26132f,Herb,1
HERB_8edea506ba26,Herb,1
HERB_e33d26da123e,Herb,1
HERB_9cbdb86c5991,Herb,1
HERB_d31e075f7f2b,Herb,1
HERB_14cd9a07926d,Herb,3
HERB_9d53abd0c079,Herb,1
HERB_db93d06df509,Herb,1
HERB_4022025605e2,Herb,1
HERB_387c1d1ffb60,Herb,2
HERB_4bcdd6b94050,Herb,1
HERB_d8b41bb8dee8,Herb,3
HERB_bf66a5768b88,Herb,1
HERB_96a388504417,Herb,1
HERB_be7ed2523392,Herb,1
HERB_9319c17e0214,Herb,2
HERB_9271a150a60b,Herb,1
HERB_a964edee7e5f,Herb,1
HERB_4d60a2fa4641,Herb,1
HERB_eab382a4c4b9,Herb,1
HERB_c6028d6f01f6,Herb,1
HERB_9a6f640600fc,Herb,1
HERB_4d67c7f2ad6b,Herb,2
HERB_beda900fb5dc,Herb,5
HERB_cbbe03664c5d,Herb,1
HERB_060d5685bcd9,Herb,4
HERB_004c7d792fd1,Herb,5
HERB_6d29f6205fab,Herb,1
HERB_c4dd0a545e48,Herb,9
HERB_63cd93cd7280,Herb,9
HERB_882af35810a2,Herb,1
HERB_6e6cb144d9b9,Herb,3
HERB_08733c4be5a8,Herb,1
HERB_837a44c49cd3,Herb,1
HERB_546ad1ba4e44,Herb,3
HERB_92fbbb24415a,Herb,1
HERB_a025eba32ae5,Herb,1
HERB_14229cbfb777,Herb,1
HERB_8819c3a5a286,Herb,6
HERB_13b4f6403dfd,Herb,1
HERB_ca1368ddd545,Herb,1
HERB_a3b16b7b6a0e,Herb,1
HERB_872f379828a0,Herb,1
HERB_d7619a4389a1,Herb,1
HERB_e4d41c35fc95,Herb,1
HERB_10d04243c388,Herb,1
HERB_b3c9d409258a,Herb,1
HERB_22e2595b0f0f,Herb,1
HERB_a25174590931,Herb,15
HERB_24c927c1559f,Herb,1
HERB_b704e53cffa9,Herb,1
HERB_52a9936ea13f,Herb,1
HERB_6e1b3684f26b,Herb,1
HERB_c5d9b3865269,Herb,1
HERB_836a86e8104c,Herb,2
HERB_044ddb8b0c53,Herb,1
HERB_cc63b3cabd94,Herb,1
HERB_67b28496111b,Herb,1
HERB_1bf08f48f207,Herb,1
HERB_d297549caae2,Herb,1
HERB_4287cc017c28,Herb,1
HERB_e638defda4df,Herb,1
HERB_6d82e8d752af,Herb,3
HERB_fb5f4d83839d,Herb,2
HERB_e0ec9c607058,Herb,1
HERB_03e884f3c6a2,Herb,1
HERB_1449a2baed5c,Herb,6
HERB_4e3b0014982a,Herb,1
HERB_d88790f4746b,Herb,1
HERB_aad85bae07a2,Herb,1
HERB_58a8d7a1a40e,Herb,1
HERB_a53157741b20,Herb,6
HERB_e48451a99eaf,Herb,1
HERB_bca5ded1ff68,Herb,1
HERB_c12441af1b2a,Herb,1
HERB_725bf29344b4,Herb,1
HERB_b555e157f98b,Herb,1
HERB_3a68466f4da5,Herb,1
HERB_d0edde455a5a,Herb,1
HERB_3dedc9c80c11,Herb,6
HERB_20e4d610bdc9,Herb,1
HERB_cdf4cc0be647,Herb,1
HERB_68ad4690f2d7,Herb,1
HERB_31e2cc86196a,Herb,12
HERB_23b1acfb14da,Herb,1
HERB_8e0a65fa97d2,Herb,1
HERB_4e54deadcb74,Herb,1
HERB_82a55f8b61df,Herb,1
HERB_db39bb93328e,Herb,1
HERB_180a072a4fde,Herb,1
HERB_0d9d2bf60c66,Herb,1
HERB_3ef8883063a5,Herb,1
HERB_25f219a53aa3,Herb,3
HERB_a71c9c06df9d,Herb,1
HERB_dcfa2e401109,Herb,1
HERB_46bf4cc11c73,Herb,1
HERB_6dc2960e40a2,Herb,1
HERB_4e4421b6a215,Herb,1
HERB_7c7f4192addb,Herb,1
HERB_1a8980409997,Herb,1
HERB_7fd504ed4f20,Herb,1
HERB_480850d9de0b,Herb,1
HERB_53b3dc4e5612,Herb,1
HERB_4a48e1e2033a,Herb,2
HERB_370f23e093e6,Herb,1
HERB_1f81a99ebfc5,Herb,1
HERB_4ae04934419d,Herb,1
HERB_eb9c49b50b9b,Herb,1
HERB_d030104205cb,Herb,1
HERB_66307cd04e27,Herb,1
HERB_2c71a63d0729,Herb,1
HERB_60d4eea7ba8e,Herb,1
HERB_b42141a6b113,Herb,1
HERB_5b514448a741,Herb,1
HERB_10976935bc02,Herb,15
HERB_d594c66a5b63,Herb,2
HERB_9d65dbd5905f,Herb,1
HERB_6059a058dc4a,Herb,1
HERB_1822c95412d0,Herb,1
HERB_abe97dd50394,Herb,1
HERB_2457566c2947,Herb,1
HERB_40aa65517084,Herb,1
HERB_7d2a7910b207,Herb,1
HERB_d34d1a7373ec,Herb,1
HERB_e98ca0991374,Herb,3
HERB_8638d2c88f53,Herb,2
HERB_1d0c8fa34e22,Herb,1
HERB_085b349dc8fd,Herb,1
HERB_d8ec0dae5b28,Herb,1
HERB_4a098a154642,Herb,10
HERB_10ca97e2bf82,Herb,1
HERB_d2fe86a35ced,Herb,1
HERB_cbe026b230df,Herb,1
HERB_b31f336fa2e3,Herb,1
HERB_3501aa23f411,Herb,1
HERB_aa8bf8a2a849,Herb,3
HERB_af782cc67618,Herb,1
HERB_36e70ca00a13,Herb,1
HERB_604ea20dce4c,Herb,14
HERB_bef5095422c9,Herb,1
HERB_b290f3f36995,Herb,1
HERB_8a9dd6304ecc,Herb,1
HERB_60eb2e3e5ed1,Herb,8
HERB_daf81bb181fd,Herb,2
HERB_8488a87242da,Herb,1
HERB_37cdc76daaaf,Herb,1
HERB_3fbd38f17776,Herb,1
HERB_40eff8358705,Herb,1
HERB_a216030bfeda,Herb,1
HERB_e2fb7e418947,Herb,1
HERB_8cc5c0011d6f,Herb,1
HERB_a2f10a22491f,Herb,1
HERB_301e4c967119,Herb,3
HERB_d1892141714e,Herb,1
HERB_2a862624c45d,Herb,1
HERB_79f04fc32d92,Herb,1
HERB_8a33705ef7a1,Herb,1
HERB_56557b3c67b4,Herb,1
HERB_63bbdb500306,Herb,1
HERB_9c6ef1280244,Herb,1
HERB_4941851d7f80,Herb,3
HERB_f318131fc815,Herb,1
HERB_06e36b9d0b83,Herb,1
HERB_39e7ec5feb78,Herb,1
HERB_1ffef6a38445,Herb,1
HERB_c1a934eca1d2,Herb,1
HERB_fb9d001fcd48,Herb,1
HERB_43616feded4b,Herb,2
HERB_7a142aec45ce,Herb,1
HERB_8f76247522e5,Herb,3
HERB_8ec4e686980b,Herb,1
HERB_084703de0159,Herb,1
HERB_b7791e0a2722,Herb,1
HERB_c591aecc1086,Herb,14
HERB_5014504844fc,Herb,1
HERB_9fe48bdb9b5e,Herb,1
HERB_2d10ef687270,Herb,1
HERB_f08c5ae2cc67,Herb,8
HERB_58a46f23817d,Herb,1
HERB_f30a78646c79,Herb,1
HERB_16fb3c6e7747,Herb,1
HERB_a24aeaa71e90,Herb,14
HERB_bd247519b96f,Herb,1
HERB_523bb5cafc82,Herb,1
HERB_3401c1abe8a1,Herb,7
HERB_7efcee4c5d2c,Herb,2
HERB_3b894bb40403,Herb,1
HERB_ba96cb531363,Herb,1
HERB_ecf53f588799,Herb,1
HERB_5841e21463f0,Herb,1
HERB_cd5e38f92730,Herb,1
HERB_f25800a4d1bc,Herb,1
HERB_38ca5337cbc1,Herb,1
HERB_005f0a860890,Herb,2
HERB_6a6a76331c9b,Herb,1
HERB_0e087b2cd807,Herb,1
HERB_4ee1681b996f,Herb,18
HERB_120e7e03bdab,Herb,1
HERB_4d04e7998cfa,Herb,1
HERB_5bf79623e012,Herb,21
HERB_bc706badcb43,Herb,1
HERB_fb68ff966ebb,Herb,1
HERB_a421968c831e,Herb,1
HERB_e580d399a6fd,Herb,1
HERB_8b8e3ab164e2,Herb,1
HERB_7381cd94fc5a,Herb,1
HERB_cfd9cd420dc4,Herb,1
HERB_8e964569bb03,Herb,2
HERB_9d205bf4fc09,Herb,1
HERB_67e7b6d2724b,Herb,1
HERB_be291044fa89,Herb,2
HERB_c31165783034,Herb,1
HERB_ca48937442cd,Herb,1
HERB_d8fe791dd26f,Herb,9
HERB_6c8763af2d61,Herb,1
HERB_d91ff61dc629,Herb,1
HERB_6307307bd71f,Herb,1
HERB_44cf889659a6,Herb,1
HERB_c6f445d3a06b,Herb,1
HERB_717888a98a69,Herb,2
HERB_0003644d56ab,Herb,1
HERB_780c70a8e9e7,Herb,1
HERB_a760b383bed5,Herb,1
HERB_80022c44700f,Herb,2
HERB_e69d4eabedf9,Herb,1
HERB_56d2c4d16597,Herb,1
HERB_b427672a4545,Herb,1
HERB_11ce3da3fed0,Herb,1
HERB_3973625f4738,Herb,2
HERB_e919b87644ff,Herb,4
HERB_5a6dd974b220,Herb,1
HERB_4effd07a27ed,Herb,2
HERB_5837d4fa22fb,Herb,1
HERB_23c6ecb8bd8a,Herb,1
HERB_bafb117f7389,Herb,1
HERB_7ba5e8f14c9c,Herb,1
HERB_66b64c92edc7,Herb,1
HERB_5700c5b22130,Herb,1
HERB_70704438daa0,Herb,1
HERB_8ced56a79308,Herb,1
HERB_933f6b05b622,Herb,1
HERB_35e9d125992e,Herb,1
HERB_1a69226c5439,Herb,1
HERB_5f12a8f34b5c,Herb,1
HERB_e566be858ace,Herb,1
HERB_880becd631f0,Herb,1
HERB_277b04e06844,Herb,1
HERB_f8d97f264614,Herb,1
HERB_ebb5d93780e1,Herb,1
HERB_ff379efdf0cf,Herb,1
HERB_c183158feb5c,Herb,1
HERB_ccd34c199a3f,Herb,1
HERB_06ac21723ba4,Herb,1
HERB_25362e8c7181,Herb,1
HERB_e915f8389f39,Herb,1
HERB_0510289c60e2,Herb,1
HERB_5dd742fe5b2b,Herb,1
HERB_2edf0a692816,Herb,1
HERB_e24aeb4848df,Herb,1
HERB_dc37363460ac,Herb,1
HERB_96556d8d3e62,Herb,1
HERB_5c2997f6ff29,Herb,1
HERB_1b9979bca320,Herb,1
HERB_25e772b3bc87,Herb,1
HERB_7f54ed4975c6,Herb,1
HERB_cf259ec94a04,Herb,1
HERB_d4a93522eb5d,Herb,1
HERB_e413b14a5c2f,Herb,1
HERB_b9480289d4de,Herb,1
HERB_cf55962adf88,Herb,1
HERB_af611f1ef40c,Herb,25
HERB_32db57bf6da1,Herb,1
HERB_38e10c52c69c,Herb,1
HERB_0dfb9b7f5dc4,Herb,1
HERB_732a5d9b4a55,Herb,1
HERB_5edad7b03f6c,Herb,1
HERB_599e4e5fcd7b,Herb,1
HERB_60f19d9ea6db,Herb,1
HERB_4197a732f4a1,Herb,1
HERB_baec97002985,Herb,1
HERB_ea91c7798c58,Herb,1
HERB_b16efd4311ff,Herb,1
HERB_cc9cedb56c2c,Herb,1
HERB_7a2939ed70bf,Herb,18
HERB_acc15fa7c218,Herb,1
HERB_88ac3f31a28a,Herb,1
HERB_4dfc7cd420a8,Herb,1
HERB_0b72d4205f0b,Herb,1
HERB_882680492c72,Herb,1
HERB_f59b79cb0e6e,Herb,1
HERB_fb7b40ff96ed,Herb,1
HERB_65683eba2841,Herb,1
HERB_d82a1f7b8ac8,Herb,1
HERB_dba94b0326fc,Herb,1
HERB_40967a92861d,Herb,1
HERB_4e476741b177,Herb,1
HERB_431c81881c9a,Herb,1
HERB_efc1b4b2fccc,Herb,1
HERB_e92efeb4f1cc,Herb,5
HERB_d8b2f3428999,Herb,2
HERB_67acad0a1e40,Herb,3
HERB_ab1249ebeaac,Herb,1
HERB_69a5ebf141e6,Herb,1
HERB_dfa5496f992f,Herb,1
HERB_767dbf3dbe59,Herb,1
HERB_b4da3993b8b2,Herb,1
HERB_9b01e2c8c093,Herb,1
HERB_63e25576c766,Herb,1
HERB_2d8022834d01,Herb,11
HERB_c4f514ee8cd2,Herb,1
HERB_d3bbf3df4f7d,Herb,1
HERB_48c1bca73c54,Herb,3
HERB_8e9cca1cf1b5,Herb,1
HERB_80dc4e920cdb,Herb,1
HERB_f02a02d5cf28,Herb,1
HERB_7fc049701aed,Herb,1
HERB_9865296b79f2,Herb,1
HERB_8a70fe1eb957,Herb,1
HERB_eb03f262083c,Herb,1
HERB_e8a3b0431f86,Herb,1
HERB_307d16331351,Herb,1
HERB_98112692985d,Herb,1
HERB_b92ae82041e1,Herb,1
HERB_9d1be74ac257,Herb,1
HERB_a1081f646130,Herb,1
HERB_dd0d5b1b7194,Herb,1
HERB_8ae4f3a246e5,Herb,1
HERB_80ccb6870239,Herb,1
HERB_b4e7217f4753,Herb,1
HERB_7fff515aaab7,Herb,1
HERB_3a7749e99dd5,Herb,1
HERB_c243990d1169,Herb,1
HERB_28a4244eb409,Herb,1
HERB_391c69f77050,Herb,1
HERB_98206c0b8730,Herb,1
HERB_2dfcf244e280,Herb,1
HERB_8cba2fe7ed73,Herb,1
HERB_d707e3912a4d,Herb,1
HERB_b4a54be5af31,Herb,1
HERB_df443d56d18b,Herb,1
HERB_a8ba472f255f,Herb,1
HERB_2ad47d57e0e4,Herb,1
HERB_0230645d0937,Herb,1
HERB_f4eee7df8302,Herb,1
HERB_42569dc074d2,Herb,1
HERB_eb5f71b82714,Herb,2
HERB_96562a12b0b9,Herb,1
HERB_ab62d519073f,Herb,1
HERB_dcb5829bd0b4,Herb,3
HERB_67d1c72bacd2,Herb,1
HERB_69567cae99c0,Herb,10
HERB_bc6afe8b2821,Herb,1
HERB_fc300b737c61,Herb,9
HERB_7447cefa1a75,Herb,1
HERB_8b0192f98afa,Herb,1
HERB_036fc0d7a990,Herb,1
HERB_33b7a88ea2e5,Herb,1
HERB_5ea2f37a7fc9,Herb,1
HERB_ecf09920adf8,Herb,1
HERB_7e3e42b28068,Herb,1
HERB_2cfb1cb4c242,Herb,1
HERB_22a5ecef10a6,Herb,1
HERB_133b4eef27e1,Herb,1
HERB_551f7273dc27,Herb,1
HERB_8210071f82a8,Herb,1
HERB_a74c27cde747,Herb,1
HERB_ad8bd4908d30,Herb,6
HERB_c484fb8cbbc8,Herb,2
HERB_a12459c54207,Herb,1
HERB_40879c9a6110,Herb,1
HERB_60602c23accb,Herb,4
HERB_e596112a5c14,Herb,16
HERB_93ed2a0be0e1,Herb,1
HERB_95d8ea9e49c1,Herb,1
HERB_fd31950e8d93,Herb,2
HERB_569f16c50fe1,Herb,1
HERB_1a9a9e1fd709,Herb,1
HERB_7a40398e8814,Herb,1
HERB_d78f67946adc,Herb,1
HERB_2144d7c2de1c,Herb,1
HERB_cb3a88ee842e,Herb,1
HERB_d4f32920b7a4,Herb,1
HERB_766031899ff7,Herb,1
HERB_a2ebf00a043f,Herb,1
HERB_30a5362554be,Herb,8
HERB_488a25704d6e,Herb,1
HERB_94322fa273b1,Herb,1
HERB_17a8b82a2e7e,Herb,1
HERB_88f05e04fd38,Herb,7
HERB_a22635d2e395,Herb,1
HERB_ef99d4e36e32,Herb,1
HERB_f23117c4b1de,Herb,2
HERB_327a1399fbab,Herb,1
HERB_3accc6830d7c,Herb,1
HERB_8b8ae1624891,Herb,1
HERB_083a6c507210,Herb,1
HERB_21dfee8abe1f,Herb,1
HERB_c98214d3b782,Herb,6
HERB_f495101dfc02,Herb,1
HERB_2612f73b96ec,Herb,1
HERB_f1105c8a0d03,Herb,4
HERB_32ea576e0c9f,Herb,1
HERB_c6f59a6a220d,Herb,1
HERB_e733c4d3eb49,Herb,1
HERB_01a6d76b47b6,Herb,1
HERB_4e34d844a5ec,Herb,1
HERB_c79079259ae7,Herb,1
HERB_1b083864e72d,Herb,1
HERB_10c60ef0a32c,Herb,1
HERB_91d1d53b7dac,Herb,1
HERB_e3b359b68f86,Herb,1
HERB_f3da4812b8f0,Herb,1
HERB_ab5f8d24f3f9,Herb,1
HERB_6041da645089,Herb,1
HERB_a80b766095a0,Herb,1
HERB_74e7ed2575c9,Herb,1
HERB_18cbfdcf79e2,Herb,1
HERB_b14a4703bc3e,Herb,1
HERB_2400c970649d,Herb,1
HERB_42d53af7e63c,Herb,1
HERB_d179586c0d79,Herb,1
HERB_ebb007aca1ec,Herb,1
HERB_0f0cf8bbcd3f,Herb,1
HERB_ed8902a66626,Herb,1
HERB_e63d81e67d24,Herb,1
HERB_875de796cc52,Herb,2
HERB_6435c9091f0c,Herb,1
HERB_4dd0d1b850a4,Herb,1
HERB_a1b38e1a558d,Herb,1
HERB_f1e69ec401a3,Herb,1
HERB_37490f3889bd,Herb,1
HERB_03ef258827ac,Herb,1
HERB_91a0fc123670,Herb,1
HERB_5eea25a8be54,Herb,1
HERB_625eddc19c63,Herb,4
HERB_56c97f7d2839,Herb,1
HERB_2e1985ddfe6a,Herb,1
HERB_4e200d53c5ae,Herb,1
HERB_a2399bc8bca1,Herb,1
HERB_544b2774b9ab,Herb,1
HERB_d867181123d1,Herb,1
HERB_9000a23979f1,Herb,1
HERB_e48f9b866aab,Herb,1
HERB_192d707487ea,Herb,1
HERB_0da883447b53,Herb,3
HERB_e5b4289822fe,Herb,1
HERB_68ae1fe36f5f,Herb,1
HERB_6e903da9885c,Herb,1
HERB_c078878a4851,Herb,2
HERB_6672fedca10b,Herb,1
HERB_4c55748d4d79,Herb,1
HERB_ba2193be288b,Herb,1
HERB_294d04601620,Herb,1
HERB_f3981ccd9f53,Herb,3
HERB_415c05ad5d6f,Herb,1
HERB_826dc0f26eb4,Herb,1
HERB_d7bc4269034e,Herb,1
HERB_faec3bd29f83,Herb,1
HERB_d60a78d2bca2,Herb,1
HERB_52b8296ed5cc,Herb,1
HERB_bf3736a73c49,Herb,1
HERB_6592c1520de5,Herb,1
HERB_98e6c9519f56,Herb,1
HERB_1031fa465922,Herb,1
HERB_29bb4633725f,Herb,1
HERB_736aa29d6d19,Herb,1
HERB_6ddf95090845,Herb,1
HERB_b4cab960293a,Herb,1
HERB_3b8d87cabfd6,Herb,1
HERB_c0b9f8f904cb,Herb,1
HERB_57cd8ddcd777,Herb,1
HERB_79b56e8a77ab,Herb,1
HERB_e954d25f51bc,Herb,2
HERB_9855f3bc6495,Herb,2
HERB_78d5709c879d,Herb,1
HERB_d620681ecff9,Herb,1
HERB_9d270a156cf5,Herb,3
HERB_a3922c4a8670,Herb,1
HERB_063c33258481,Herb,1
HERB_81f331321e7b,Herb,2
HERB_c310b06c2546,Herb,1
HERB_c082c7629ebe,Herb,9
HERB_e4371dd51e9b,Herb,1
HERB_240b357d9f7c,Herb,1
HERB_df97a2fbcbb9,Herb,1
HERB_83f951950c1b,Herb,6
HERB_885eb64532d2,Herb,5
HERB_d190b00f37df,Herb,2
HERB_21238c40ea39,Herb,1
HERB_62a0cd19a66a,Herb,1
HERB_d2e15fd9e051,Herb,1
HERB_d2b2df245a04,Herb,1
HERB_fdf57ff1d823,Herb,1
HERB_e775e10f49d2,Herb,1
HERB_4bbd57ae2922,Herb,1
HERB_23268bc27381,Herb,1
HERB_13818e42d50a,Herb,1
HERB_7349741f3e3a,Herb,1
HERB_d7c2256da18a,Herb,8
HERB_abd7acbb711c,Herb,2
HERB_8ce87ec91238,Herb,3
HERB_53db01f2967d,Herb,1
HERB_ac89ce964567,Herb,1
HERB_59fc6728a8a0,Herb,1
HERB_2519515f0e3a,Herb,1
HERB_ef0e132d3de2,Herb,1
HERB_57554112d93c,Herb,1
HERB_c03fe89940fe,Herb,1
HERB_29c6722281c7,Herb,1
HERB_2d50419ad32e,Herb,2
HERB_47b12ce620dd,Herb,1
HERB_d3bd464ab877,Herb,1
HERB_97b3b1995509,Herb,1
HERB_9a3b9f54333d,Herb,1
HERB_4992381c48dd,Herb,15
HERB_77bea45619ea,Herb,2
HERB_58a2db6628fe,Herb,1
HERB_7ec7af8faddc,Herb,1
HERB_5904494590ff,Herb,1
HERB_753f78a2c8ea,Herb,3
HERB_e03f8458c3a7,Herb,2
HERB_a4d279730582,Herb,1
HERB_d6a88d12a8ef,Herb,1
HERB_45b640a75e7b,Herb,1
HERB_38df7c981e2c,Herb,3
HERB_d0cfaf64e05c,Herb,3
HERB_6c1632b721dc,Herb,1
HERB_f58658e14e90,Herb,1
HERB_5ef9db46b82b,Herb,1
HERB_5c175f07a504,Herb,1
HERB_d5e57900af61,Herb,1
HERB_6815e18a3e87,Herb,1
HERB_11cc20ed0fd4,Herb,1
HERB_3dca2374c03f,Herb,1
HERB_e6316cba4a1a,Herb,1
HERB_b49736c6321a,Herb,4
HERB_58075905aa4a,Herb,1
HERB_84dc7717a815,Herb,1
HERB_e7cd3c72e51f,Herb,3
HERB_3d233a2b6848,Herb,1
HERB_bf43b2528672,Herb,1
HERB_e5695e0520a4,Herb,1
HERB_84b81a9eadcd,Herb,6
HERB_6da66ff65598,Herb,11
HERB_d8f14fea461a,Herb,1
HERB_83d210ba05e4,Herb,1
HERB_98e66b3e7e87,Herb,1
HERB_30761ced765b,Herb,1
HERB_fa9262a445f5,Herb,1
HERB_932a12142dd0,Herb,4
HERB_d630563717d3,Herb,1
HERB_a9f3ff4653e1,Herb,1
HERB_7e306b179dd5,Herb,1
HERB_0d39fdca2059,Herb,1
HERB_0a83bc1a79f4,Herb,1
HERB_dbdc2cdd97d7,Herb,2
HERB_3ea5fe10b9f9,Herb,1
HERB_61740883b24f,Herb,1
HERB_b99ffa76ad58,Herb,1
HERB_e93acc053b04,Herb,1
HERB_b10597af961e,Herb,1
HERB_d53408830945,Herb,1
HERB_eb8471027daa,Herb,1
HERB_f18d2c2023c3,Herb,4
HERB_f885d1bd3afc,Herb,1
HERB_e6db7f422303,Herb,2
HERB_f2e1c212ad94,Herb,17
HERB_15f3dac2524c,Herb,1
HERB_394d7bd4c4b8,Herb,1
HERB_fc345434d07b,Herb,1
HERB_0ba1e08e03e6,Herb,1
HERB_fdef1ccb5895,Herb,1
HERB_ac9c9e8367e0,Herb,5
HERB_c993ba5914be,Herb,1
HERB_426079881cef,Herb,9
HERB_41b40e961e7b,Herb,1
HERB_7706e8995d48,Herb,3
HERB_e70d31a3a811,Herb,1
HERB_4e3fcd056668,Herb,6
HERB_07fd5d6e5b93,Herb,1
HERB_4c415aee44a7,Herb,11
HERB_e2599da4ff72,Herb,1
HERB_a837e348a110,Herb,1
HERB_6768046a02ce,Herb,1
HERB_a1b1f8ef6afd,Herb,1
HERB_35f1d439e97f,Herb,1
HERB_2ee95c94b070,Herb,1
HERB_3c2383504574,Herb,1
HERB_094243cf152a,Herb,4
HERB_a30353c87891,Herb,3
HERB_c0f2bb613c4e,Herb,1
HERB_ba39ae713443,Herb,1
HERB_88d6026ad561,Herb,1
HERB_7f0d3ceb7c72,Herb,2
HERB_e0a10c94546b,Herb,14
HERB_8aaca076b658,Herb,15
HERB_facd5ea9c7e6,Herb,2
HERB_5a0c96351170,Herb,1
HERB_c1adad47b13f,Herb,1
HERB_eb2b4386ea8b,Herb,1
HERB_9b79b38b41c8,Herb,3
HERB_27a06dbeadaf,Herb,1
HERB_4a1f26ba27fc,Herb,1
HERB_3aec661eb3f6,Herb,1
HERB_6576a6768141,Herb,1
HERB_b3f4a85b6a49,Herb,2
HERB_61f36974b038,Herb,1
HERB_837b05da45a2,Herb,2
HERB_d3b7ea76ba17,Herb,1
HERB_d2731fcff6c3,Herb,3
HERB_e94470d0283e,Herb,1
HERB_e4a588e1d645,Herb,1
HERB_7ecaaee5fe23,Herb,1
HERB_6e1b7e23073d,Herb,1
HERB_828dd9f08f60,Herb,1
HERB_b1b3251cd59e,Herb,1
HERB_475fac8c9bcf,Herb,1
HERB_81a70f2fc6e3,Herb,1
HERB_2049583c6de1,Herb,1
HERB_b451806cd611,Herb,1
HERB_8651c4ced186,Herb,1
HERB_d4a2334931ee,Herb,1
HERB_355ab0b547ea,Herb,1
HERB_10de2b7086c9,Herb,1
HERB_34828e6c96b7,Herb,1
HERB_f0109d71e6af,Herb,1
HERB_ccfaab3ef857,Herb,1
HERB_8bb709b7f5df,Herb,1
HERB_fa5ebfba339a,Herb,1
HERB_a7a7f3631d4f,Herb,1
HERB_aed27f8e42c5,Herb,1
HERB_d9a17c8dd337,Herb,1
HERB_6ec6633f6dd4,Herb,1
HERB_b2c3213282d0,Herb,1
HERB_f65611a61e59,Herb,1
HERB_82ee1880d01a,Herb,1
HERB_556cd874558b,Herb,22
HERB_25a5fadc4a42,Herb,15
HERB_8056cfdb8b60,Herb,1
HERB_963ae9e168c6,Herb,1
HERB_f3a5b70d3684,Herb,2
HERB_13b10fd6c180,Herb,3
HERB_e8ab8f5c348f,Herb,1
HERB_1285fbab9f42,Herb,1
HERB_ab93d98c8ec7,Herb,2
HERB_71e1d6a1d665,Herb,1
HERB_3484bc3f9f4c,Herb,1
HERB_10e70990d36a,Herb,2
HERB_542acaec5459,Herb,1
HERB_e4a44269501a,Herb,1
HERB_6abdb6975dbf,Herb,1
HERB_172c2ca8575c,Herb,1
HERB_dd3b78689a3f,Herb,1
HERB_63d48918db37,Herb,1
HERB_9958479d089f,Herb,1
HERB_d42f7d4761e0,Herb,6
HERB_8b2ad70da22b,Herb,1
HERB_db5ede7aca78,Herb,1
HERB_e6857f79902e,Herb,14
HERB_9793f071213d,Herb,1
HERB_bf9957bad775,Herb,1
HERB_03565b552b76,Herb,1
HERB_fbda55963894,Herb,4
HERB_a9196eed05ae,Herb,1
HERB_a5d814befdd0,Herb,1
HERB_f10f3fa6e1ce,Herb,1
HERB_801c1e234169,Herb,1
HERB_bfd154a7fb58,Herb,1
HERB_85b0558ec4ad,Herb,1
HERB_e4efdb4692c5,Herb,14
HERB_e538ac42c0c5,Herb,2
HERB_8af58a51b8a0,Herb,2
HERB_10e47200314c,Herb,1
HERB_43630a0d78fd,Herb,1
HERB_1f797320468f,Herb,1
HERB_3006c7f89ae2,Herb,1
HERB_9dcf32b14781,Herb,1
HERB_2af7a63a3ac9,Herb,2
HERB_153e60097faa,Herb,1
HERB_a5163466059b,Herb,1
HERB_862b5430f817,Herb,1
HERB_5224d65aceea,Herb,1
HERB_348d26ef8000,Herb,1
HERB_f604ee11948a,Herb,24
HERB_f412f1969e34,Herb,16
HERB_8cc60c805bd5,Herb,2
HERB_52e10c48dc24,Herb,10
HERB_711700c1ab98,Herb,1
HERB_29c0decfc069,Herb,1
HERB_28687d1842ea,Herb,2
HERB_699921ac4ecf,Herb,1
HERB_041c2c1e5ad8,Herb,1
HERB_6f0e3a7abf27,Herb,2
HERB_392630d5aba8,Herb,1
HERB_73e74193c997,Herb,1
HERB_65c9b16e7a95,Herb,1
HERB_b535a698e1d4,Herb,1
HERB_5a8857229b7b,Herb,1
HERB_b5161a75ccac,Herb,1
HERB_a8c4bac56dec,Herb,1
HERB_560951e76f9b,Herb,1
HERB_c33b0dfb8cf4,Herb,1
HERB_0b24d83ea8f0,Herb,1
HERB_839bff1a44ae,Herb,1
HERB_18c319f585ce,Herb,1
HERB_b64841132add,Herb,1
HERB_1dda0615739d,Herb,2
HERB_58f173f36cfa,Herb,1
HERB_b21068e82e2b,Herb,1
HERB_a42c09e0a6a6,Herb,1
HERB_712c2bd53469,Herb,12
HERB_9ce714c33c3a,Herb,1
HERB_619c798b88fd,Herb,2
HERB_8535ac36ea07,Herb,1
HERB_65a56e3193f9,Herb,1
HERB_a0ed47fa43bb,Herb,1
HERB_694016f22c72,Herb,1
HERB_075ed45d620a,Herb,4
HERB_878adfd46a04,Herb,1
HERB_d173fc5686fd,Herb,1
HERB_86440ab5919f,Herb,4
HERB_ba96cf081216,Herb,3
HERB_aa6cf720ec16,Herb,1
HERB_c374adf8a078,Herb,1
HERB_5ae2aea7aba9,Herb,1
HERB_dd4ebe170776,Herb,1
HERB_c88fec677d58,Herb,1
HERB_b1913210bcf0,Herb,1
HERB_cdb585cd04ff,Herb,4
HERB_d9b3029ff88d,Herb,1
HERB_1e2f2cb49295,Herb,1
HERB_2cde3271e3c7,Herb,1
HERB_497ba16a4509,Herb,1
HERB_5e78fb3e41bb,Herb,1
HERB_bb2b0161e42a,Herb,2
HERB_f6a4706a0230,Herb,4
HERB_d8f4b5b30bb6,Herb,1
HERB_9076011a2480,Herb,2
HERB_88c3fdd7353c,Herb,1
HERB_4bb84dd2de0f,Herb,1
HERB_5db251427868,Herb,1
HERB_2bbeae1a2c83,Herb,1
HERB_93de0bf96b72,Herb,1
HERB_dfc5d1b004e6,Herb,2
HERB_1a1ac616129d,Herb,1
HERB_6188caf65fbb,Herb,1
HERB_c0442b1065c7,Herb,1
HERB_ed3cf616a4f1,Herb,1
HERB_76b639af06ee,Herb,2
HERB_beb1dc40c489,Herb,1
HERB_707877f89a89,Herb,1
HERB_3b1a8006aa2e,Herb,3
HERB_9222336eac8a,Herb,1
HERB_3946c9dbf931,Herb,1
HERB_1660b2ec87e9,Herb,1
HERB_00f99f67c45c,Herb,1
HERB_f49543c96b50,Herb,1
HERB_a1def982afc2,Herb,1
HERB_5ae5d5f562a2,Herb,1
HERB_e189a9e360c2,Herb,1
HERB_366b2f96ab45,Herb,1
HERB_599c1db91760,Herb,3
HERB_e3696d3efb21,Herb,1
HERB_c81c26799ecb,Herb,1
HERB_bda2d2cd8271,Herb,1
HERB_eb80b32085e3,Herb,1
HERB_beaee04d02fb,Herb,2
HERB_64294169f643,Herb,1
HERB_b01a5fe5a89c,Herb,1
HERB_bd71c5ed3e71,Herb,1
HERB_ba0c85a60b13,Herb,5
HERB_1d946292c0bc,Herb,1
HERB_4401a3c29f91,Herb,1
HERB_d4c751128dd8,Herb,1
HERB_796ea29cc720,Herb,22
HERB_a97c7a4d6d3a,Herb,2
HERB_15c4850da83b,Herb,1
HERB_5c6c96930091,Herb,2
HERB_a551a2b48d8a,Herb,1
HERB_994397120f65,Herb,9
HERB_9374d22f89b5,Herb,1
HERB_aca554fde38c,Herb,1
HERB_63e272521aea,Herb,1
HERB_ecb6c92aef94,Herb,1
HERB_9cf2d3613974,Herb,1
HERB_6aa55415fe06,Herb,1
HERB_f7640a9bf248,Herb,1
HERB_68e6b3f4c99d,Herb,1
HERB_6a2a4a0893c9,Herb,1
HERB_06dd24edff16,Herb,1
HERB_65069d46b1c1,Herb,1
HERB_58a0980b05bd,Herb,1
HERB_675d493c177b,Herb,1
HERB_1ac2b8697bbf,Herb,1
HERB_9e3800f23f1c,Herb,9
HERB_6161dfe4e4ee,Herb,1
HERB_9e6e4540cf42,Herb,2
HERB_a24ca1a32884,Herb,23
HERB_117e2a2ab9bb,Herb,1
HERB_12793fd6f349,Herb,1
HERB_f923afe5e8ef,Herb,1
HERB_c27d948fc457,Herb,1
HERB_e14f3ae2ddc0,Herb,1
HERB_333f8777aedd,Herb,1
HERB_92d51b167e97,Herb,1
HERB_cb4a3b531d37,Herb,1
HERB_54db52c07b60,Herb,1
HERB_bc7b36b0a7f9,Herb,10
HERB_58d0f4a98909,Herb,1
HERB_137723a7d66a,Herb,5
HERB_b4d4b02f5a57,Herb,1
HERB_e9386e12814d,Herb,1
HERB_9da309aee36a,Herb,1
HERB_79580d0812c3,Herb,1
HERB_ca2da32198cd,Herb,1
HERB_416f8dcaf265,Herb,1
HERB_fbfdadf34946,Herb,2
HERB_f34aca8ad4e2,Herb,1
HERB_42d837de971e,Herb,3
HERB_eedca6c903fe,Herb,5
HERB_b5fddb692f3f,Herb,1
HERB_903f117076eb,Herb,1
HERB_43d7250621fa,Herb,2
HERB_7a0b71050748,Herb,1
HERB_a77431ab1a31,Herb,1
HERB_5d2917fa9714,Herb,1
HERB_0e795cb3243b,Herb,2
HERB_c6664139d186,Herb,1
HERB_266c14aaa720,Herb,1
HERB_77a712437527,Herb,1
HERB_6d54ec73e7ce,Herb,1
HERB_6d35abb1a85f,Herb,1
HERB_23466057ef0e,Herb,8
HERB_afa5549d999e,Herb,1
HERB_8e8d32f7c60b,Herb,1
HERB_3ed5dc112df5,Herb,1
HERB_17bfc5913fa8,Herb,1
HERB_1beb5ee80552,Herb,1
HERB_84f78db55741,Herb,2
HERB_3c03bec2f7e5,Herb,3
HERB_3e0a49c303cc,Herb,1
HERB_058173e8a72b,Herb,1
HERB_f7120dac7a47,Herb,1
HERB_72bf7481099e,Herb,1
HERB_cff690f75f27,Herb,1
HERB_81783dffa251,Herb,1
HERB_bfb1ec311c05,Herb,1
HERB_c2c400b04cad,Herb,1
HERB_9a8be4e33bab,Herb,1
HERB_cb87b02e68b9,Herb,7
HERB_e460a457e032,Herb,1
HERB_6e071ef7c08e,Herb,1
HERB_1531f4412608,Herb,2
HERB_99c0b48c7ff4,Herb,2
HERB_020444ef530b,Herb,1
HERB_db63352093b3,Herb,1
HERB_587ecef10a21,Herb,1
HERB_005779af4a95,Herb,1
HERB_542acfe1d0c4,Herb,1
HERB_b4216d3b9759,Herb,1
HERB_e9b7596007d9,Herb,1
HERB_a6b16e83dc7b,Herb,1
HERB_e7eba9febae0,Herb,16
HERB_e32dfecf22e6,Herb,5
HERB_c2aa41afafd7,Herb,1
HERB_f223f2c7a7ef,Herb,1
HERB_ef731e1085d3,Herb,2
HERB_b8c05f9ce237,Herb,1
HERB_46ccdd63dc56,Herb,1
HERB_9cd82dde1843,Herb,1
HERB_5adaf9dc2563,Herb,1
HERB_a92506b4d0bd,Herb,3
HERB_9492e1f3c1b9,Herb,2
HERB_6f8cf67af601,Herb,1
HERB_fe12f7819f92,Herb,2
HERB_431b903e4215,Herb,1
HERB_f0c7a71f02d2,Herb,1
HERB_e82088bd6946,Herb,2
HERB_c1ec9f28da79,Herb,1
HERB_c276ad778eb8,Herb,1
HERB_40b0fcaa0bea,Herb,1
HERB_57b727deeb1a,Herb,1
HERB_0402a0a82951,Herb,1
HERB_4b6f183f0feb,Herb,1
HERB_1f355f6306d7,Herb,1
HERB_5f825f4bcbe5,Herb,1
HERB_60c9d25e734a,Herb,1
HERB_a49db82efd53,Herb,12
HERB_d25f6c0c5737,Herb,1
HERB_8a6b1de324d3,Herb,1
HERB_541348871b91,Herb,1
HERB_2c44f8fa5d9d,Herb,1
HERB_7e5501910d49,Herb,1
HERB_66fae25a9156,Herb,1
HERB_32858b5d52d2,Herb,1
HERB_a9fac048994a,Herb,1
HERB_b57e149a4fd7,Herb,1
HERB_d226076d9f86,Herb,1
HERB_1b828f1a7137,Herb,1
HERB_2a1eca3381b9,Herb,1
HERB_8aaed43a8204,Herb,1
HERB_c737e0794634,Herb,1
HERB_af7fd92fc738,Herb,1
HERB_146b9ddb9c7f,Herb,1
HERB_538f6cfc425c,Herb,1
HERB_fca6e03f7a10,Herb,3
HERB_a49fb5380712,Herb,1
HERB_a93ace7bcb04,Herb,1
HERB_61760a3cb294,Herb,1
HERB_329b6cff4a6d,Herb,1
HERB_20c5b91341c7,Herb,1
HERB_a9e185650308,Herb,1
HERB_db065e4c3b3c,Herb,1
HERB_01d32ef9c903,Herb,1
HERB_08c98b89fee5,Herb,1
HERB_8a18337c7781,Herb,1
HERB_245b9c8d8c76,Herb,1
HERB_c0f7132c3937,Herb,1
HERB_48aebbe7bb91,Herb,1
HERB_6cce1b5065ce,Herb,1
HERB_d547f09e7350,Herb,1
HERB_1bc8866d7d21,Herb,1
HERB_f80772f720ab,Herb,1
HERB_27eddf8e3efa,Herb,1
HERB_cd9d83471232,Herb,1
HERB_f3a70cb709bf,Herb,1
HERB_376c72447c86,Herb,1
HERB_dbd198658f15,Herb,15
HERB_f7a8a16e9cd9,Herb,1
HERB_c2e0a29409c3,Herb,1
HERB_5511d4dbe156,Herb,1
HERB_62bf57732a1c,Herb,1
HERB_6c35fa788d07,Herb,2
HERB_aa5138dcd057,Herb,4
HERB_1416331ac7a7,Herb,2
HERB_5f85a52d4a1d,Herb,1
HERB_9b619ec78cb9,Herb,3
HERB_2e3837d84c7a,Herb,1
HERB_96cb7cb73214,Herb,4
HERB_90162a6382d6,Herb,1
HERB_fa8a56c66210,Herb,1
HERB_cfe0acf375ff,Herb,1
HERB_432353ee6d2c,Herb,1
HERB_93ba8233a3aa,Herb,1
HERB_acd8cb4f6230,Herb,1
HERB_2d527c547654,Herb,1
HERB_e52876381e4a,Herb,1
HERB_1c8d1d757f94,Herb,1
HERB_899b342c4331,Herb,1
HERB_b0e52fabcd28,Herb,1
HERB_aa36ba2854ed,Herb,1
HERB_ea9fbb6d7c35,Herb,1
HERB_82533d13702f,Herb,1
HERB_c95f64df7264,Herb,2
HERB_405b7229edd8,Herb,1
HERB_11488d80ff84,Herb,1
HERB_eb39265f6851,Herb,1
HERB_5b04d7e78c9e,Herb,1
HERB_7ad7a22ed4af,Herb,2
HERB_164abfaca4f8,Herb,1
HERB_8032b4e42bf8,Herb,1
HERB_59df8f68cbbd,Herb,1
HERB_9346df66ac5d,Herb,1
HERB_b037d7a93ef4,Herb,1
HERB_872aed113679,Herb,1
HERB_302b2c073649,Herb,1
HERB_3c931f75c005,Herb,1
HERB_0442791f4634,Herb,1
HERB_dea35424a9ae,Herb,1
HERB_5bf5eb6fe039,Herb,1
HERB_ff73b3ba4246,Herb,1
HERB_d866ede9a516,Herb,1
HERB_399139e158fb,Herb,1
HERB_c12d288c1b1d,Herb,3
HERB_b4175947dc32,Herb,1
HERB_99c981175ae1,Herb,1
HERB_7d5981f96e1a,Herb,1
HERB_8b346dd7e9c0,Herb,2
HERB_89fe1421e063,Herb,1
HERB_843619dac7a4,Herb,1
HERB_9d1bd31b9e09,Herb,3
HERB_ca911a7ebc1a,Herb,1
HERB_4df0bd1797fb,Herb,1
HERB_9d97f9e44c5b,Herb,1
HERB_b05e5904b514,Herb,1
HERB_6f6f27d0e78f,Herb,1
HERB_9ec04dddd522,Herb,2
HERB_d50f11f73502,Herb,1
HERB_23698e27af6b,Herb,1
HERB_b73a38a07152,Herb,1
HERB_7fc895f66829,Herb,1
HERB_fef2ca1c616d,Herb,1
HERB_ba98c5de4efe,Herb,1
HERB_4635260ccb25,Herb,1
HERB_cab1e8e284aa,Herb,1
HERB_268d4fbbb175,Herb,1
HERB_7e3dbd687a3c,Herb,1
HERB_26e706d3f965,Herb,1
HERB_b93b43282681,Herb,1
HERB_b6e334ee1c52,Herb,1
HERB_fd987327ff2d,Herb,1
HERB_2970308625d2,Herb,1
HERB_5d816bf38572,Herb,1
HERB_79e8fa829c1a,Herb,1
HERB_8f10a9a876fd,Herb,1
HERB_bbf88d35b993,Herb,1
HERB_796cdac2a088,Herb,1
HERB_6773f6f0f6b3,Herb,1
HERB_a5a86b55e70c,Herb,1
HERB_40aaf05927bf,Herb,3
HERB_439351dfb553,Herb,1
HERB_c5fb4b77c7ca,Herb,1
HERB_7e1b9d504ec3,Herb,1
HERB_9da5daf65f60,Herb,2
HERB_0ae2ee439ef5,Herb,1
HERB_bbe02f22babf,Herb,1
HERB_974d0ffb5e34,Herb,17
HERB_1b4f4b1f456d,Herb,3
HERB_d193d31823bd,Herb,1
HERB_1e8209fbc300,Herb,1
HERB_fc511c5e28f1,Herb,1
HERB_ee638f5ddda1,Herb,1
HERB_1003b3be6423,Herb,1
HERB_c26fe4c4d214,Herb,1
HERB_c1f9e682ad9f,Herb,3
HERB_5e63508b9a06,Herb,1
HERB_f1870a4fbdb8,Herb,7
HERB_6c5ffe2d1f20,Herb,1
HERB_0a3827780e09,Herb,1
HERB_77e6f56e7845,Herb,1
HERB_e7f07cc264df,Herb,1
HERB_24968b783927,Herb,1
HERB_0cb8af39bf3b,Herb,6
HERB_64a6d689fe22,Herb,23
HERB_039ed7e507cd,Herb,1
HERB_f036a9236c57,Herb,2
HERB_cdb11605efc1,Herb,1
HERB_c106a4a629a8,Herb,1
HERB_eaa33bf9a12b,Herb,1
HERB_0ade9bcd5eb1,Herb,1
HERB_c316d79b9c5b,Herb,1
HERB_fbace2d5a256,Herb,1
HERB_1db6e304845d,Herb,1
HERB_7afc4437dd83,Herb,1
HERB_2b91ed77ab8f,Herb,1
HERB_de8ee8507bb7,Herb,1
HERB_1aee8ff39b58,Herb,2
HERB_77110623cb70,Herb,1
HERB_5aee4e47a017,Herb,1
HERB_e52bc021676f,Herb,1
HERB_c240484c7a17,Herb,1
HERB_b33d03e7c2f3,Herb,1
HERB_12945c703714,Herb,1
HERB_c7dcdbc07c0b,Herb,4
HERB_6f925591ba16,Herb,1
HERB_b56b0396d2ae,Herb,2
HERB_c8825b029f22,Herb,1
HERB_3eb472278033,Herb,1
HERB_2f0c28f3420d,Herb,1
HERB_df053886d498,Herb,1
HERB_ef27b4d297db,Herb,1
HERB_6accb109f67d,Herb,1
HERB_ab40e2656e45,Herb,1
HERB_713c6c6f08a5,Herb,1
HERB_e5e4b0bc9d64,Herb,16
HERB_c792783c8085,Herb,11
HERB_3b32f421ce3e,Herb,1
HERB_544c5441713f,Herb,1
HERB_ec9ea2af9164,Herb,2
HERB_3d9dabd91834,Herb,1
HERB_ead2d6da895d,Herb,1
HERB_4b6cf9311587,Herb,2
HERB_db68ba8ff103,Herb,1
HERB_1a0dbaebac6d,Herb,1
HERB_a7c023743ba0,Herb,1
HERB_ea0e32d7b0d3,Herb,1
HERB_b36ade1a911e,Herb,1
HERB_3db405059f30,Herb,1
HERB_130cd6e6911a,Herb,1
HERB_5a6b1a39c56d,Herb,1
HERB_eb4616e0b2e1,Herb,1
HERB_47984c95dc36,Herb,1
HERB_1cb3a6a3fe66,Herb,7
HERB_bc62178f26df,Herb,1
HERB_88d0fd51d223,Herb,1
HERB_0728c4893671,Herb,1
HERB_f62cb2bda19b,Herb,1
HERB_29276549c9bb,Herb,1
HERB_31a6f71f77c2,Herb,1
HERB_8b5a42c30497,Herb,1
HERB_3f6a26487e94,Herb,1
HERB_41b0148da21e,Herb,1
HERB_e7549cd55f6b,Herb,13
HERB_1f86d741bbbd,Herb,11
HERB_2fd8e7c5bca4,Herb,1
HERB_3baf8dad54f5,Herb,1
HERB_c2ad618bcd37,Herb,1
HERB_dfdbc627b37c,Herb,1
HERB_d4cb34395286,Herb,1
HERB_8db569171fa5,Herb,1
HERB_ed12f8bb6873,Herb,1
HERB_071d1585e559,Herb,1
HERB_cad81bf2978f,Herb,1
HERB_522588a3a921,Herb,1
HERB_7f6baf698479,Herb,4
HERB_f571d27f4848,Herb,1
HERB_edeca5bb5569,Herb,1
HERB_66db334128d3,Herb,1
HERB_1c86e598d7f1,Herb,1
HERB_150c8b5f2b11,Herb,1
HERB_8b18edb360aa,Herb,1
HERB_516a586df734,Herb,1
HERB_642764fe9f56,Herb,1
HERB_1f4339d43776,Herb,1
HERB_eb951b88e88c,Herb,1
HERB_54801f2ff093,Herb,1
HERB_8bcbdfc3c490,Herb,1
HERB_97d85e5c4a30,Herb,1
HERB_44b61d9a7606,Herb,1
HERB_0628735c69df,Herb,1
HERB_b6fbbe3371c7,Herb,3
HERB_187bd388daea,Herb,1
HERB_84ff2c1918a8,Herb,1
HERB_925c49472eb0,Herb,1
HERB_c83029ea703d,Herb,1
HERB_3e3f6d404700,Herb,1
HERB_01c08affad85,Herb,1
HERB_15c39669c387,Herb,1
HERB_e34c57b10d90,Herb,1
HERB_c65804e5fff1,Herb,1
HERB_6b765db68212,Herb,1
HERB_9e8b4a2416ce,Herb,1
HERB_6e30970ba08e,Herb,1
HERB_8982f4fb3ed6,Herb,1
HERB_e58f79397ef4,Herb,1
HERB_1a62e460d34a,Herb,1
HERB_75086928d1e9,Herb,1
HERB_40f5f356c63d,Herb,1
HERB_d7d66d92ba2b,Herb,1
HERB_1d555d82d9a6,Herb,3
HERB_38cc393a2d71,Herb,1
HERB_552680b582e1,Herb,1
HERB_c015bf7bc17a,Herb,1
HERB_bcc258562516,Herb,1
HERB_f2fbacac2a1d,Herb,8
HERB_23efe6f09689,Herb,1
HERB_c1cfc33c9e3b,Herb,1
HERB_945cefba9020,Herb,1
HERB_ddc364e04720,Herb,1
HERB_0d3a06a7f613,Herb,1
HERB_4a986d1959de,Herb,1
HERB_0de310bd4295,Herb,1
HERB_012e56e273ae,Herb,1
HERB_30eea3c98fb5,Herb,1
HERB_6ae14cc3897c,Herb,1
HERB_94c50686b490,Herb,1
HERB_c305108efb36,Herb,1
HERB_1ccf5944f02e,Herb,1
HERB_a7e909c0e04e,Herb,1
HERB_7a4343450c55,Herb,1
HERB_7819d3962d73,Herb,1
HERB_9b7166ce61f5,Herb,1
HERB_734cd7fe2415,Herb,1
HERB_6d8ba3bdea27,Herb,1
HERB_cb637be72ab4,Herb,1
HERB_dc6ccf668342,Herb,1
HERB_a784873d73c4,Herb,1
HERB_7609d0b4d3cf,Herb,1
HERB_155166378a24,Herb,1
HERB_ffee29f8a073,Herb,2
HERB_0b2b96e7d9e4,Herb,1
HERB_3880d46d39d7,Herb,1
HERB_1eea08ffe76d,Herb,4
HERB_6a7dbb27d780,Herb,1
HERB_fc43eeee84af,Herb,1
HERB_547bbb5fd644,Herb,1
HERB_e04a81c28933,Herb,1
HERB_ab726f17c3bd,Herb,1
HERB_ebb0dec378b8,Herb,1
HERB_bbca200ddafa,Herb,2
HERB_a9cf454575c4,Herb,8
HERB_74bf9d9ed195,Herb,1
HERB_2f2a4f7767ad,Herb,1
HERB_8490aabb9e0e,Herb,1
HERB_695a46dc3012,Herb,1
HERB_da9d1f2dda81,Herb,1
HERB_9c3b702a6abb,Herb,2
HERB_b3976246bde2,Herb,1
HERB_6019cbd21186,Herb,1
HERB_5f40cfc0c14f,Herb,1
HERB_d4f87f49630f,Herb,1
HERB_de96f5781779,Herb,1
HERB_301051bad6e3,Herb,1
HERB_f0672923077b,Herb,2
HERB_3626665d287b,Herb,1
HERB_495630d086d1,Herb,1
HERB_0ab767d4468d,Herb,1
HERB_a4bffe618366,Herb,1
HERB_049f2d18bcab,Herb,1
HERB_8113d386997d,Herb,16
HERB_d0b27560047a,Herb,1
HERB_ce0efda9bf82,Herb,1
HERB_5156ace24239,Herb,3
HERB_94fae1869e4e,Herb,1
HERB_a295760b01c0,Herb,3
HERB_a5a636112ac9,Herb,2
HERB_860847c02465,Herb,5
HERB_208d66224e8c,Herb,1
HERB_76ae01682bb8,Herb,1
HERB_c78cb6dbcb5c,Herb,2
HERB_9e67a6ca5ae4,Herb,1
HERB_4ccff90b910a,Herb,1
HERB_1c19d3252da8,Herb,1
HERB_8ea380eb0d09,Herb,1
HERB_38bfc43ba2e0,Herb,1
HERB_1f297eb3ff82,Herb,2
HERB_6a272dc0ae8c,Herb,1
HERB_021a8bf07d6e,Herb,6
HERB_9cae300a3490,Herb,3
HERB_a50ca4056646,Herb,1
HERB_62f6b108c048,Herb,1
HERB_bb2f85e93623,Herb,1
HERB_01dba5fe7428,Herb,1
HERB_0776364febe9,Herb,9
HERB_dd720d12ae99,Herb,30
HERB_f1a81c305dc6,Herb,1
HERB_58be8093a5ab,Herb,1
HERB_e1dd8e988b1f,Herb,2
HERB_cc7f6fd7cbc1,Herb,1
HERB_1c14dc203cfd,Herb,1
HERB_05771c7e6895,Herb,2
HERB_8a578b8d7f0b,Herb,1
HERB_48df887d4961,Herb,1
HERB_1d3de7a698c2,Herb,1
HERB_383b7971e51b,Herb,2
HERB_742ff40196b6,Herb,1
HERB_6181da92d769,Herb,1
HERB_38d1ba7ad07a,Herb,1
HERB_9e1f272ff6d5,Herb,3
HERB_069095c9ac01,Herb,1
HERB_d0f008236dcc,Herb,1
HERB_95da497bc135,Herb,1
HERB_3993b7c9660c,Herb,1
HERB_79df6d10d812,Herb,1
HERB_b2dc68c5657c,Herb,1
HERB_2c9cb6453843,Herb,1
HERB_4b1513a11846,Herb,1
HERB_2b08ec2fd60e,Herb,1
HERB_4b6c2f5b3aae,Herb,1
HERB_13291c4d3132,Herb,1
HERB_dffef1fd33e1,Herb,1
HERB_1511333a29d3,Herb,1
HERB_ea778af40523,Herb,1
HERB_97466b82f956,Herb,1
HERB_12e9c8825dcd,Herb,4
HERB_dcd0dffda57a,Herb,1
HERB_f564ee108378,Herb,2
HERB_a7ef33d7a506,Herb,2
HERB_d10b52e3c083,Herb,1
HERB_aa93fa389374,Herb,1
HERB_98810dd2cd8b,Herb,1
HERB_851bb925bbf1,Herb,1
HERB_dad3dc744db9,Herb,1
HERB_b45f850e9d44,Herb,1
HERB_9e52554a494b,Herb,4
HERB_28aa1a417e79,Herb,1
HERB_a572c209d394,Herb,1
HERB_ac511859f0e7,Herb,1
HERB_7111f8b5abeb,Herb,1
HERB_d4b4f9fb2e36,Herb,3
HERB_6443a02360a7,Herb,4
HERB_93d8936d073b,Herb,1
HERB_faff7343ff8a,Herb,1
HERB_89630b055694,Herb,1
HERB_55ece9f722ec,Herb,4
HERB_44ca4daaac8f,Herb,1
HERB_67abe9953ea0,Herb,2
HERB_cae09e26b059,Herb,1
HERB_006a4536ff65,Herb,1
HERB_24e113569959,Herb,1
HERB_e728fd252b2b,Herb,1
HERB_8d978f328437,Herb,2
HERB_845bb1475d59,Herb,1
HERB_b0fb8c7a37c6,Herb,1
HERB_31bbe048077d,Herb,10
HERB_68ad7b340403,Herb,1
HERB_9959062001be,Herb,1
HERB_cf84d2f46fae,Herb,1
HERB_6ef692fdd6ca,Herb,1
HERB_f37cdc7e96ae,Herb,1
HERB_ea28b769e834,Herb,1
HERB_cc94236fa7df,Herb,1
HERB_713473af0bb7,Herb,1
HERB_d98f507f9469,Herb,1
HERB_aa631bd21a43,Herb,1
HERB_db8bac07792a,Herb,1
HERB_054d0683c201,Herb,1
HERB_58aa20f8e130,Herb,1
HERB_3381339f9655,Herb,1
HERB_ee8be607c82b,Herb,1
HERB_84b0e661cac5,Herb,1
HERB_da3fe268d86b,Herb,1
HERB_29cb06182e55,Herb,17
HERB_a418257c6ccc,Herb,2
HERB_8df7ea8fda12,Herb,1
HERB_73df50db4116,Herb,1
HERB_15f72ccf32d6,Herb,1
HERB_d5a13a2c2d91,Herb,1
HERB_40608daddae8,Herb,1
HERB_c8dda051c456,Herb,2
HERB_b793305a0f49,Herb,1
HERB_b437692e3554,Herb,1
HERB_9bfd53f1ce61,Herb,2
HERB_45b7b007edd7,Herb,2
HERB_4d1bd436fe16,Herb,5
HERB_e2334c5c9c55,Herb,1
HERB_79b59fe13de3,Herb,1
HERB_0c624684c610,Herb,1
HERB_2ff328cbcf17,Herb,3
HERB_b3048b5a4e12,Herb,10
HERB_fb11d2467e4f,Herb,1
HERB_9d8d017f52c9,Herb,1
HERB_5007ce57e495,Herb,1
HERB_fef21789ced8,Herb,1
HERB_e502e02c4694,Herb,1
HERB_a45cc3091d1c,Herb,2
HERB_bd11f1294123,Herb,3
HERB_4551f723b173,Herb,1
HERB_d5623bdb61b2,Herb,1
HERB_8d38c170c11c,Herb,2
HERB_c5e826999189,Herb,1
HERB_1e6e2b9ddb01,Herb,1
HERB_d296eec8bd46,Herb,2
HERB_39eb2ed014dd,Herb,1
HERB_007547291416,Herb,13
HERB_24c0498a364d,Herb,1
HERB_1b679e4f7449,Herb,1
HERB_0d403f0a3dfc,Herb,1
HERB_2cbbb26a8ced,Herb,3
HERB_95feef44e32e,Herb,1
HERB_541d94e29c7c,Herb,1
HERB_a2f2f29c5296,Herb,1
HERB_5288e8dcc6d1,Herb,1
HERB_6a061cd85fe4,Herb,2
HERB_293587d5d317,Herb,12
HERB_2dd7da03f613,Herb,3
HERB_7a2169279368,Herb,3
HERB_784cc8077534,Herb,1
HERB_e008a86e703a,Herb,1
HERB_a04d19556f5e,Herb,1
HERB_a49add3b72b3,Herb,1
HERB_a912d6525331,Herb,5
HERB_02fcead19771,Herb,1
HERB_256a063e9f44,Herb,1
HERB_d8e93e264379,Herb,1
HERB_7ec503c94803,Herb,1
HERB_b0d83f19e07e,Herb,1
HERB_7989611f42a8,Herb,1
HERB_afbef4a9b640,Herb,1
HERB_c12e1a70a728,Herb,6
HERB_c67b39f2259a,Herb,1
HERB_d14362e0adee,Herb,1
HERB_7a0c60aed07c,Herb,1
HERB_b395b4aa5a21,Herb,2
HERB_8868e875cced,Herb,1
HERB_2f3479ae01e3,Herb,15
HERB_38eecdeb3c47,Herb,1
HERB_be273e6cca48,Herb,1
HERB_1921abae6cd1,Herb,1
HERB_7cd1707df94e,Herb,1
HERB_cfb424677572,Herb,1
HERB_8f980f1a1453,Herb,1
HERB_9850ceb37589,Herb,1
HERB_946c4c44c2b4,Herb,1
HERB_8ca863eedade,Herb,1
HERB_0092ad45514d,Herb,1
HERB_1ebf8da48e6c,Herb,1
HERB_2b3176cb34bb,Herb,1
HERB_de2030917ff4,Herb,1
HERB_fdc9039aacd1,Herb,1
HERB_684dd4d859d8,Herb,1
HERB_35334ccfffe4,Herb,2
HERB_56998cfdb622,Herb,2
HERB_b1c4410f37f8,Herb,4
HERB_061b3da83af5,Herb,1
HERB_a24d392d0fca,Herb,1
HERB_bf2a5f1ba871,Herb,1
HERB_2556dca138fb,Herb,1
HERB_cbc9180ec18c,Herb,1
HERB_54a607caee9a,Herb,1
HERB_065ddaeba80d,Herb,1
HERB_a539005d5bcb,Herb,1
HERB_e0cd4d017a06,Herb,1
HERB_8405908f0420,Herb,1
HERB_75ede39a518c,Herb,1
HERB_680c8833e5b0,Herb,1
HERB_c45fd409823f,Herb,1
HERB_dea19215915e,Herb,1
HERB_22af0cdd226e,Herb,1
HERB_73984db8f47b,Herb,1
HERB_e67e21577e99,Herb,1
HERB_8b365dcc5b6d,Herb,1
HERB_a030f1e7b13a,Herb,1
HERB_5c8ea0c2c319,Herb,1
HERB_72c9180d141f,Herb,1
HERB_a85bfb68f169,Herb,1
HERB_d03abfa19a5c,Herb,1
HERB_9352644fcb9c,Herb,1
HERB_40f70dfce31e,Herb,1
HERB_0351035ab2aa,Herb,1
HERB_01f263912181,Herb,4
HERB_506cc4b77068,Herb,2
HERB_94ac20e82fed,Herb,1
HERB_3bad0f7fca46,Herb,1
HERB_7f38add2766c,Herb,1
HERB_047c3f7a1478,Herb,1
HERB_39c61f1d239d,Herb,1
HERB_80683db0ecc7,Herb,1
HERB_4157430d6f41,Herb,1
HERB_ecb582252d52,Herb,2
HERB_691c3bc9545d,Herb,1
HERB_3cc6e7cb9d83,Herb,1
HERB_9d50616d84ce,Herb,1
HERB_37099fec5902,Herb,1
HERB_1824235b5a64,Herb,1
HERB_c3eaa8e20335,Herb,1
HERB_9781fed97f87,Herb,1
HERB_b4ccb4c80182,Herb,1
HERB_770d4379722a,Herb,1
HERB_805e183ba48d,Herb,7
HERB_ff1d821dff73,Herb,2
HERB_e9087a6a1b83,Herb,1
HERB_b6f7d18a0751,Herb,2
HERB_d41d96c207bf,Herb,1
HERB_8c1179306da0,Herb,3
HERB_cae5fdf37dbb,Herb,1
HERB_1b511ffb8d10,Herb,1
HERB_675fb60f491d,Herb,1
HERB_2892838486aa,Herb,1
HERB_ddb43a0b878d,Herb,1
HERB_128a08e9f203,Herb,1
HERB_5b79baa20983,Herb,2
HERB_6cbcb9d2199c,Herb,1
HERB_8c4efb9124f1,Herb,1
HERB_337256f0fb25,Herb,1
HERB_31a56735bb98,Herb,1
HERB_7e15d51dd667,Herb,1
HERB_4003a0454519,Herb,1
HERB_0ce6c57d3c76,Herb,1
HERB_56d697410a57,Herb,1
HERB_77dab091d722,Herb,1
HERB_a9e72726b030,Herb,1
HERB_e1f36978a84d,Herb,1
HERB_ed3838c582fd,Herb,1
HERB_c72e00ab1d98,Herb,1
HERB_71dceda8bd5c,Herb,1
HERB_e8c26317f399,Herb,1
HERB_8d1152d8a6e9,Herb,1
HERB_ae44db40a3db,Herb,1
HERB_660a487f93e0,Herb,5
HERB_80bdf7006406,Herb,5
HERB_a6e6f88ff744,Herb,2
HERB_eecc7505a024,Herb,2
HERB_0d524cc50ae4,Herb,1
HERB_80f106ade49a,Herb,1
HERB_4e59de55cc67,Herb,1
HERB_1576618a9625,Herb,1
HERB_775cf00740c8,Herb,2
HERB_16bc12409ca9,Herb,1
HERB_e2a9de16b1d7,Herb,1
HERB_7060d48bc11e,Herb,1
HERB_aa2271182453,Herb,1
HERB_11a61328d8db,Herb,2
HERB_6dd95122f788,Herb,1
HERB_c5012759ffd3,Herb,1
HERB_1714808fac2f,Herb,1
HERB_e252db13bd47,Herb,1
HERB_d096e286e5ec,Herb,1
HERB_729b2be96278,Herb,1
HERB_abf1b3f0a710,Herb,1
HERB_64c6f778d8d9,Herb,1
HERB_ec482d880803,Herb,1
HERB_ec3dbcaaae61,Herb,7
HERB_1d88e8e6c757,Herb,1
HERB_6890a9a26859,Herb,1
HERB_6f429cd02f3c,Herb,1
HERB_e6f6ea6fa6bd,Herb,1
HERB_f45cdf0dc13b,Herb,6
HERB_841ca731794f,Herb,1
HERB_690039765e8f,Herb,2
HERB_a8162e9222e4,Herb,1
HERB_57ef760cb936,Herb,1
HERB_e6bffc72fa4a,Herb,1
HERB_4ffafa8c472a,Herb,1
HERB_a2771b9ac82f,Herb,5
HERB_6e6c587265e2,Herb,1
HERB_b26ec97cf6a0,Herb,1
HERB_5b4d2ab9cbcf,Herb,1
HERB_a2921828c599,Herb,1
HERB_7d326bcadc31,Herb,1
HERB_3e25023ab2e7,Herb,1
HERB_588143a62fa2,Herb,1
HERB_e6ebd42f7a55,Herb,1
HERB_52cf18be8be2,Herb,1
HERB_f46799479527,Herb,1
HERB_5c4f8f82ec94,Herb,2
HERB_34d5d0761374,Herb,1
HERB_8c2f35b7d836,Herb,6
HERB_3d6f975aef03,Herb,1
HERB_2b47f5795789,Herb,1
HERB_38ea36465bcf,Herb,6
HERB_3c16d9efd788,Herb,1
HERB_e43b92ccdf23,Herb,1
HERB_20890a341551,Herb,1
HERB_07c842e311df,Herb,1
HERB_645587eaa1bd,Herb,1
HERB_3086195e9a8f,Herb,1
HERB_4372a58803b1,Herb,1
HERB_bf7331e28eda,Herb,1
HERB_4eccd8e4c4f1,Herb,2
HERB_fc6ce8aef8b7,Herb,1
HERB_ad8558925e26,Herb,1
HERB_fda4be9fb35b,Herb,1
HERB_7cdb9849b4f4,Herb,24
HERB_657a7f160d88,Herb,1
HERB_c4b142df54b1,Herb,1
HERB_314dfbd5593b,Herb,11
HERB_4342d41e6dcb,Herb,3
HERB_c7eada85603b,Herb,1
HERB_fd3078508176,Herb,1
HERB_ff99778ed217,Herb,1
HERB_a3253ad73ef8,Herb,1
HERB_b53800b3c3d9,Herb,5
HERB_67b5e51f063b,Herb,5
HERB_69aa8dbd5568,Herb,1
HERB_dc99120a7a54,Herb,1
HERB_df461d14ca8a,Herb,2
HERB_50b8570bd4f8,Herb,1
HERB_9382d98eb4bb,Herb,1
HERB_136a0701fbf1,Herb,1
HERB_54ac9519ab0f,Herb,1
HERB_4e54f8cf4342,Herb,1
HERB_be8e0a3a6a9a,Herb,1
HERB_a2572053a200,Herb,1
HERB_804962ec8e1f,Herb,2
HERB_0724a1cecfad,Herb,1
HERB_70410d2742f5,Herb,1
HERB_91a43510e1fe,Herb,1
HERB_9027195cc627,Herb,1
HERB_f09aa8646089,Herb,1
HERB_e8138263303c,Herb,1
HERB_e9403537f337,Herb,1
HERB_b18c89f8d009,Herb,1
HERB_377e4dabec5a,Herb,1
HERB_08596fb5a844,Herb,1
HERB_c12588d72ea8,Herb,1
HERB_9993616b7af7,Herb,1
HERB_1d98dc918d51,Herb,1
HERB_e7007182a19c,Herb,1
HERB_7fee73b21f59,Herb,1
HERB_d74b9aef6c06,Herb,1
HERB_4bbcece66531,Herb,1
HERB_330217534c8c,Herb,1
HERB_98ad91613e58,Herb,1
HERB_7172f14e3750,Herb,1
HERB_6c89fe4ed86e,Herb,1
HERB_5f3b238c6165,Herb,1
HERB_f11acc06c8e3,Herb,1
HERB_9debcaa9487b,Herb,1
HERB_bd4db88f552a,Herb,1
HERB_e859c997b76d,Herb,1
HERB_60626eb6c7c4,Herb,1
HERB_ce980f46f046,Herb,1
HERB_cefcdde97fb6,Herb,1
HERB_a25dc91551ad,Herb,1
HERB_fe91a454727d,Herb,2
HERB_af16ae52dc7f,Herb,2
HERB_396002952ed4,Herb,1
HERB_3d40d412995c,Herb,8
HERB_a8cb9a487c49,Herb,2
HERB_46eccd852547,Herb,1
HERB_2fb5ec45e952,Herb,1
HERB_2b18587795e5,Herb,1
HERB_f23b7227bfaa,Herb,1
HERB_c13faaf77554,Herb,1
HERB_15968ca0cb7f,Herb,1
HERB_c1f9eae218f1,Herb,1
HERB_3afb8bb82265,Herb,1
HERB_fcf654785ece,Herb,1
HERB_689524dbcf08,Herb,1
HERB_52249e460a45,Herb,1
HERB_cea8c227ec6c,Herb,1
HERB_18c9ea7c97dd,Herb,1
HERB_f56b4091babb,Herb,1
HERB_7a1a4f540d25,Herb,1
HERB_cdf58bd26820,Herb,1
HERB_743a63a08fc7,Herb,1
HERB_6ad71647d97a,Herb,1
HERB_347378d2876a,Herb,1
HERB_304073a07860,Herb,7
HERB_3132be210c57,Herb,2
HERB_29f782451b0d,Herb,2
HERB_39b8ba4c63ea,Herb,2
HERB_5ea9139a5e97,Herb,4
HERB_22ca1586f4e1,Herb,1
HERB_dfee752dc12d,Herb,1
HERB_9ac7f9d1ef73,Herb,6
HERB_59765ac9fc26,Herb,1
HERB_9e7912f470bd,Herb,1
HERB_0841b6c19c29,Herb,1
HERB_6da90d6caccd,Herb,1
HERB_4b01d4c4b3eb,Herb,2
HERB_64072f196ec6,Herb,1
HERB_794434768008,Herb,1
HERB_049a3782d636,Herb,1
HERB_f877a10fb44b,Herb,1
HERB_45e3efccd52b,Herb,1
HERB_f3721dba58ac,Herb,1
HERB_0a6c965400b5,Herb,1
HERB_2037d1fea9e2,Herb,1
HERB_fb94c9293997,Herb,1
HERB_557ae395c63c,Herb,1
HERB_99f01c95862f,Herb,2
HERB_ad3d1f3182f5,Herb,1
HERB_675af103cb35,Herb,1
HERB_7d41ac3a69d0,Herb,1
HERB_3c269bc60a1c,Herb,1
HERB_a9219e62d229,Herb,1
HERB_1603d058ac6f,Herb,1
HERB_29a16d113518,Herb,1
HERB_9484fcfe676f,Herb,1
HERB_0e3904fb1d9c,Herb,1
HERB_f0adfe10cb71,Herb,1
HERB_9eb57c4ef578,Herb,1
HERB_058354299c79,Herb,1
HERB_5aab7b22d46a,Herb,1
HERB_57f6bf05d53f,Herb,1
HERB_4a84ba041d71,Herb,2
HERB_27e55e55acba,Herb,1
HERB_058da5c82976,Herb,1
HERB_8b3061906035,Herb,1
HERB_b63cfa5ce8d3,Herb,1
HERB_dc1595642030,Herb,1
HERB_9f9f733cc335,Herb,1
HERB_cfddef67d732,Herb,1
HERB_0db85087ad99,Herb,3
HERB_05f9b90af047,Herb,1
HERB_1d5c0e39be52,Herb,1
HERB_b0deb8b78ae9,Herb,1
HERB_5167caaa0860,Herb,57
HERB_c38eee02f3f0,Herb,3
HERB_4de21e9df28e,Herb,8
HERB_2493fde3a59a,Herb,6
HERB_42fd45e6ed0b,Herb,5
HERB_0d2000586ce7,Herb,1
HERB_1c189afaad10,Herb,2
HERB_a004bdfcd8ff,Herb,1
HERB_516c0271d6a0,Herb,1
HERB_fce6cf4df67d,Herb,1
HERB_39e79cb54385,Herb,2
HERB_42123ebf5ffb,Herb,2
HERB_00ba54cb5fdc,Herb,2
HERB_c017b5a0d8a8,Herb,1
HERB_b6b06857c6d8,Herb,1
HERB_16eb30ba099a,Herb,1
HERB_15ecb3a4aaf4,Herb,1
HERB_78abe9b84bfd,Herb,1
HERB_e8d2e93fd87c,Herb,1
HERB_91d067bfa7bf,Herb,2
HERB_97a968672105,Herb,1
HERB_cbd925356eaf,Herb,1
HERB_5a5c7bd12d47,Herb,1
HERB_7f05efef9832,Herb,1
HERB_244a8e6690ca,Herb,1
HERB_50745853e341,Herb,1
HERB_b5eadf5ba9b2,Herb,1
HERB_5fa7a2a85401,Herb,1
HERB_79e1530f60e8,Herb,1
HERB_a86bb7054a94,Herb,1
HERB_1128cf1e9faa,Herb,5
HERB_5e972df1ab9a,Herb,1
HERB_05a3218ae770,Herb,2
HERB_c698f56c54de,Herb,1
HERB_d39a7bc16ad4,Herb,1
HERB_af6fddcbb17d,Herb,1
HERB_de407d5a88c7,Herb,5
HERB_e68e66b20a28,Herb,1
HERB_6b3c1ea11293,Herb,1
HERB_cf2fed52efe7,Herb,1
HERB_fa050f760987,Herb,1
HERB_1563e4044940,Herb,1
HERB_e291fba57382,Herb,2
HERB_a8edc346020c,Herb,1
HERB_a878e1fabb9f,Herb,1
HERB_5c80600a7b7d,Herb,1
HERB_55d193c5a423,Herb,1
HERB_c5bb35bcd85a,Herb,1
HERB_dc79dac3451c,Herb,1
HERB_df1e87aebae0,Herb,1
HERB_0db01d152838,Herb,1
HERB_86897159e67d,Herb,1
HERB_7fcf3d6e841e,Herb,1
HERB_fd25a4d7b7b8,Herb,1
HERB_fb6595dc9cd3,Herb,1
HERB_d86216aaf2e0,Herb,1
HERB_e1f7e0d34bd5,Herb,1
HERB_63e65bf7a09f,Herb,1
HERB_46dfb83902ac,Herb,1
HERB_82d187b700c7,Herb,5
HERB_5652bacce1ae,Herb,1
HERB_3f9029c8f116,Herb,1
HERB_a1daa2681cf8,Herb,9
HERB_4d5402e06b00,Herb,1
HERB_4fb4440b0158,Herb,3
HERB_f8b0690f9654,Herb,1
HERB_a0dd20e991ad,Herb,1
HERB_0b48d8027da2,Herb,2
HERB_27b5fab8a2a5,Herb,1
HERB_a21b37ec2b5e,Herb,1
HERB_70d0ba39e9fb,Herb,5
HERB_d570b3d008dd,Herb,1
HERB_5161d727cbe4,Herb,3
HERB_1813b9afa169,Herb,1
HERB_b6dc781bc7f9,Herb,1
HERB_4c990bbbc5a6,Herb,2
HERB_67dcc05da83b,Herb,1
HERB_ee4aa9dd8f5f,Herb,1
HERB_2e3c4d7b0590,Herb,1
HERB_aba653abc819,Herb,1
HERB_8998e7ee3e9a,Herb,1
HERB_3c444dd96024,Herb,1
HERB_3a7433225811,Herb,1
HERB_a111e3582aa7,Herb,1
HERB_a2d6ce16c009,Herb,1
HERB_36fd52669e29,Herb,3
HERB_ec237dfa14c5,Herb,1
HERB_e06595ba8bbd,Herb,1
HERB_64da35ebf7c4,Herb,1
HERB_c22c8471e1b7,Herb,3
HERB_6bfb569642fa,Herb,1
HERB_4b3b7f9f8d3c,Herb,2
HERB_c347892a6d31,Herb,1
HERB_96e01ebe319b,Herb,1
HERB_a4d576b00a2a,Herb,1
HERB_54d350178c70,Herb,2
HERB_d3c118c24cb2,Herb,1
HERB_ed5b3f7852a2,Herb,1
HERB_798aee4340eb,Herb,1
HERB_7a239373cf7b,Herb,2
HERB_14ae9d3fdf35,Herb,1
HERB_31a32ce3d130,Herb,1
HERB_9ea5d561b773,Herb,1
HERB_4fbc4cfe9179,Herb,1
HERB_42dc1074d4cb,Herb,1
HERB_f7cbd26a3182,Herb,1
HERB_a0f0cd694f27,Herb,1
HERB_56608403efec,Herb,1
HERB_384956437fc8,Herb,1
HERB_df19acd20453,Herb,1
HERB_7bb95c50f67d,Herb,1
HERB_e8dd04448291,Herb,2
HERB_b4be56eaba43,Herb,1
HERB_c2843ff410d3,Herb,1
HERB_e2eb584d06a0,Herb,1
HERB_a721dd33056f,Herb,1
HERB_c39812b1f7aa,Herb,2
HERB_34d7edaf4569,Herb,1
HERB_c269d7aebaa3,Herb,2
HERB_9a5eb1e408cf,Herb,3
HERB_3977d3ea1e6a,Herb,1
HERB_622dceed6d3e,Herb,1
HERB_be6e05ecb53e,Herb,2
HERB_c3e1752e7af3,Herb,1
HERB_f66be75b547a,Herb,1
HERB_96afd5216632,Herb,2
HERB_e24c82cf5c51,Herb,1
HERB_c87f9d57c1f3,Herb,6
HERB_26299448b875,Herb,2
HERB_d393f3bd8e85,Herb,14
HERB_d82b639a8c7a,Herb,1
HERB_d1b948cc1b49,Herb,1
HERB_9176427b68d5,Herb,4
HERB_ac2c4d531ac9,Herb,1
HERB_1fffe934c5a8,Herb,2
HERB_6186a978cd66,Herb,1
HERB_f12c03cca981,Herb,1
HERB_8d00b72e5aa1,Herb,1
HERB_39e5515f69a4,Herb,1
HERB_df4dc9cd22be,Herb,1
HERB_fe0178a21a17,Herb,1
HERB_af41c9e5bfa3,Herb,1
HERB_d83f6a03a79a,Herb,1
HERB_70ec7d89451e,Herb,1
HERB_ccc295731ed5,Herb,1
HERB_7151dae9bc6d,Herb,1
HERB_a2b3c3b4b21f,Herb,1
HERB_c15192c0643b,Herb,1
HERB_05cce5bacc9b,Herb,1
HERB_2c251d1f734d,Herb,1
HERB_e5cb39e92493,Herb,1
HERB_c5d1ec3d15f5,Herb,1
HERB_ad4bd8083119,Herb,1
HERB_47d3d129bcc0,Herb,7
HERB_c7c44aa23765,Herb,2
HERB_70d256b928ac,Herb,1
HERB_2fff50bcb7dd,Herb,5
HERB_687665535293,Herb,4
HERB_c2f01887086f,Herb,1
HERB_1384743c4146,Herb,1
HERB_dee3e7bcf6fc,Herb,1
HERB_c7aecf27a309,Herb,1
HERB_d34164e5ffa8,Herb,2
HERB_adc394bc55bc,Herb,2
HERB_690a74c170a0,Herb,1
HERB_87c784e14aec,Herb,1
HERB_4c79ad85d8c0,Herb,1
HERB_89dc37c79602,Herb,1
HERB_f435baa927fa,Herb,3
HERB_2e3fb19736da,Herb,1
HERB_37acae09f93f,Herb,1
HERB_7708b31c3c77,Herb,1
HERB_b0589b302c39,Herb,1
HERB_194827c94869,Herb,2
HERB_3229c91e9b94,Herb,1
HERB_9323c569e37c,Herb,1
HERB_383464ccbe3e,Herb,1
HERB_1f687fd8c286,Herb,1
HERB_a9d43b4b091a,Herb,1
HERB_fa04d21cdb93,Herb,1
HERB_7e0cdb244d9c,Herb,2
HERB_011bb5a92ac9,Herb,3
HERB_4ce5a17944dd,Herb,1
HERB_f93da177f7a4,Herb,1
HERB_73212f081401,Herb,1
HERB_1d71e6cd1d10,Herb,1
HERB_c37c1902357b,Herb,1
HERB_9dad0ee2c610,Herb,1
HERB_7af89e121125,Herb,1
HERB_dd953b9b6884,Herb,1
HERB_d1fcae1f4623,Herb,1
HERB_19b5fe4ddd84,Herb,1
HERB_00f37a21e00d,Herb,1
HERB_2e4cb04cdcf9,Herb,1
HERB_2787d2f11537,Herb,1
HERB_fbaf77528b47,Herb,6
HERB_9ca1c111cda6,Herb,2
HERB_e0778a0812cb,Herb,1
HERB_cb5ca9917455,Herb,1
HERB_56a9ab2e4626,Herb,2
HERB_c6706369ea21,Herb,1
HERB_c2bdd23af2a4,Herb,5
HERB_34be98332706,Herb,1
HERB_9a52f03dd37e,Herb,1
HERB_46951e4f11a5,Herb,1
HERB_27fc16a46dd5,Herb,6
HERB_2f53e326bcd9,Herb,1
HERB_defc85ab45f4,Herb,3
HERB_03bc90ad7b6e,Herb,1
HERB_4fc419c04270,Herb,1
HERB_e709c57f045c,Herb,1
HERB_0572a3d3cfd0,Herb,1
HERB_545721b976ac,Herb,1
HERB_31c0f1ef0085,Herb,1
HERB_da771f171fcd,Herb,1
HERB_ff6f96030e5f,Herb,1
HERB_23ae20005b4e,Herb,2
HERB_857b637e199b,Herb,1
HERB_89a5fdd23ba7,Herb,1
HERB_79345d216ef7,Herb,1
HERB_ccb324b58638,Herb,1
HERB_7b78f6f134e0,Herb,1
HERB_de346a7f74ce,Herb,1
HERB_b446407c2e0e,Herb,1
HERB_5f9fa89640d8,Herb,1
HERB_ae86317a2ac2,Herb,1
HERB_2ca98dac77f9,Herb,3
HERB_986076b37ac3,Herb,1
HERB_a1a6f12e6d24,Herb,1
HERB_5564c88086d4,Herb,1
HERB_675f89c97e01,Herb,1
HERB_8d514c41a2cf,Herb,1
HERB_7e5f3b1da8c1,Herb,1
HERB_dfd2373d96a4,Herb,7
HERB_a013dbf0ff9c,Herb,2
HERB_88e24103e1bb,Herb,1
HERB_638b88c8c23a,Herb,1
HERB_ad954ce7d22d,Herb,1
HERB_720f00eecb83,Herb,1
HERB_d8537fb25204,Herb,1
HERB_894af9179ded,Herb,1
HERB_17102dbbc2d9,Herb,1
HERB_f0356b2a998a,Herb,1
HERB_202527497092,Herb,13
HERB_6f1a3341dceb,Herb,1
HERB_2be75d252005,Herb,10
HERB_908b7536f138,Herb,1
HERB_9b1ed5b07d6d,Herb,1
HERB_40b7c9a9e99d,Herb,1
HERB_ade59d23f0af,Herb,1
HERB_f748277d6636,Herb,2
HERB_fe5ebd904120,Herb,1
HERB_ee610bcf9818,Herb,1
HERB_36a66e3084b4,Herb,2
HERB_ce31beca46de,Herb,3
HERB_3f3404196f12,Herb,1
HERB_9dd706a80306,Herb,1
HERB_ddea8615a9ca,Herb,1
HERB_1675d5b5df07,Herb,1
HERB_5571d1a39039,Herb,10
HERB_dc145ac1d6bd,Herb,1
HERB_b501e561c5b7,Herb,1
HERB_8ec58343cfb5,Herb,1
HERB_d4e53d92dc62,Herb,1
HERB_7e0206eb4a32,Herb,1
HERB_8124a0646a17,Herb,1
HERB_7e47a1f5fd0d,Herb,1
HERB_38503b5e182f,Herb,1
HERB_3573ee38a492,Herb,27
HERB_f775fd44b839,Herb,2
HERB_1b1026c0c088,Herb,1
HERB_8ac6dda51e21,Herb,1
HERB_56011efcb746,Herb,1
HERB_bfb6d914db5d,Herb,1
HERB_6e8515b7fcab,Herb,6
HERB_9af1122a6165,Herb,1
HERB_7180123f111c,Herb,1
HERB_87be89efcf99,Herb,1
HERB_406373d4d2ba,Herb,1
HERB_12ae4b4eaa05,Herb,1
HERB_7501d7316be8,Herb,1
HERB_8cff2f69a5a5,Herb,1
HERB_351b4307e526,Herb,1
HERB_f07bb00c2d2a,Herb,1
HERB_e74bc8f331ac,Herb,1
HERB_15dfb6159bce,Herb,3
HERB_75785ab768a0,Herb,1
HERB_bb3f07fd92dc,Herb,1
HERB_d42839e2f7dd,Herb,1
HERB_0f904c127922,Herb,1
HERB_718254300f1b,Herb,1
HERB_639b5bb9c1a7,Herb,1
HERB_76b99bb37bc3,Herb,2
HERB_6c9d0d3a59b4,Herb,3
HERB_7b611b4299d5,Herb,1
HERB_77727969ae11,Herb,1
HERB_4fd9388e6446,Herb,19
HERB_60a34aed36ce,Herb,5
HERB_484dadb45796,Herb,1
HERB_4799f73b62ed,Herb,1
HERB_52335011b778,Herb,1
HERB_5245a8abcc96,Herb,5
HERB_0c9ca0508a52,Herb,4
HERB_959c5a4755ef,Herb,3
HERB_f35f7b0c35f4,Herb,1
HERB_f137ad300faa,Herb,10
HERB_122050a4ab75,Herb,1
HERB_fc941e7984bd,Herb,1
HERB_4b97bc94e336,Herb,1
HERB_095e780a4882,Herb,1
HERB_1bc59e0bdbba,Herb,1
HERB_2e9fb74f02f3,Herb,8
HERB_a204860afaaf,Herb,1
HERB_47b67096eb37,Herb,1
HERB_e8d544cff756,Herb,1
HERB_5e93311cb002,Herb,1
HERB_52fa63dbaff9,Herb,1
HERB_3584432cfdb5,Herb,1
HERB_1a533fd6d092,Herb,1
HERB_98ca407c4d43,Herb,1
HERB_e5b3c7f72dd9,Herb,8
HERB_8d713f335f45,Herb,1
HERB_199cdfa28664,Herb,1
HERB_462774b5322d,Herb,1
HERB_924562eb770b,Herb,1
HERB_c5870f3b3a1a,Herb,21
HERB_6f35cddf6dcf,Herb,1
HERB_36d325e03b15,Herb,1
HERB_0a0fc41bba80,Herb,1
HERB_f3d585a58209,Herb,1
HERB_6154d69d4449,Herb,1
HERB_705e3eceb33a,Herb,17
HERB_f232738b5ce4,Herb,1
HERB_0ed5e6ff7c85,Herb,1
HERB_d7b358efdeaf,Herb,1
HERB_b9a84ecb2fa3,Herb,1
HERB_84390c5fe61f,Herb,1
HERB_d27ece86e658,Herb,1
HERB_93f9b0aa8f81,Herb,1
HERB_0d3d133f1d5e,Herb,1
HERB_c04592e00811,Herb,1
HERB_55e331bed036,Herb,1
HERB_39d53f615b5e,Herb,1
HERB_6765923a98a5,Herb,1
HERB_3062ce8a086d,Herb,1
HERB_dd7532dea642,Herb,1
HERB_bfb914d2382d,Herb,1
HERB_78ef1f146d5c,Herb,1
HERB_f0bc8970c8e4,Herb,1
HERB_1aa3cb23c684,Herb,1
HERB_b0605dbfcfa7,Herb,1
HERB_7e25ce8e8afb,Herb,1
HERB_6f5d641c874c,Herb,1
HERB_6ab2578215d6,Herb,1
HERB_e53348cea486,Herb,1
HERB_dd005f3fb4b1,Herb,1
HERB_d19f2b4d6e7e,Herb,13
HERB_ed53ea402664,Herb,1
HERB_ef4680fd1831,Herb,3
HERB_607e7de3346d,Herb,1
HERB_6aa642039a17,Herb,1
HERB_3d688bba1b55,Herb,2
HERB_a2c4466d6b96,Herb,1
HERB_31fdd6c7586f,Herb,1
HERB_f1337de39a53,Herb,4
HERB_3addc898e1d9,Herb,1
HERB_9752bf902521,Herb,2
HERB_17803ff1608f,Herb,1
HERB_db58834d34ea,Herb,2
HERB_652e563f23d8,Herb,1
HERB_8ce22a41df7f,Herb,1
HERB_2bdea6513a6d,Herb,1
HERB_3da7310caceb,Herb,1
HERB_8229edb42546,Herb,1
HERB_1b788f96824f,Herb,1
HERB_5b138dd8a2f0,Herb,1
HERB_36baa356870e,Herb,4
HERB_7087a08282aa,Herb,3
HERB_09b35b0020ac,Herb,1
HERB_0e745cdd5d49,Herb,1
HERB_82f14d97daca,Herb,2
HERB_a041e759761c,Herb,1
HERB_601cd30e8d7d,Herb,11
HERB_4592b256e623,Herb,1
HERB_c1d4c0cf7d63,Herb,1
HERB_a940c998cdb3,Herb,2
HERB_0ee96e1315c9,Herb,4
HERB_264ca89424a1,Herb,1
HERB_d54e0014dba7,Herb,1
HERB_5e5a6c3773db,Herb,1
HERB_74144bf0c615,Herb,1
HERB_bebda0e69842,Herb,1
HERB_07be70cea839,Herb,1
HERB_3b99f480bb54,Herb,1
HERB_599a1e65f55b,Herb,11
HERB_fbeb423e21b6,Herb,2
HERB_82a2b36e4947,Herb,20
HERB_949489f74746,Herb,1
HERB_ec843c826b88,Herb,1
HERB_4e9d920618bd,Herb,1
HERB_1d14efcb9349,Herb,1
HERB_52d2ec295ed1,Herb,1
HERB_c9856478d3da,Herb,1
HERB_a34bef4be7de,Herb,2
HERB_d7c02a36ecdd,Herb,2
HERB_725a8e9add88,Herb,9
HERB_a73b88fd342c,Herb,1
HERB_ff4cec3d7db9,Herb,1
HERB_c694a35c25e8,Herb,1
HERB_312bc4f4ceef,Herb,2
HERB_dba5521446fa,Herb,1
HERB_15a546c20c78,Herb,1
HERB_7797227a1be4,Herb,1
HERB_a0b173e37dd0,Herb,2
HERB_1fc4c9e9852b,Herb,1
HERB_fb3aa0bca0e5,Herb,1
HERB_94c2cf8e3441,Herb,1
HERB_3fff029cc86b,Herb,10
HERB_8466ba2d42ee,Herb,2
HERB_bfe673bb3842,Herb,1
HERB_2b10dc47f828,Herb,1
HERB_41d86fb5d841,Herb,1
HERB_4155c088dc15,Herb,1
HERB_9df2e1781881,Herb,1
HERB_fbc8c9e2a9d7,Herb,1
HERB_81b9cd9927c8,Herb,1
HERB_d9c059d99323,Herb,1
HERB_aaaa41ca1c26,Herb,1
HERB_edb6db4074b5,Herb,1
HERB_f1f911538b56,Herb,1
HERB_f393770fad4c,Herb,1
HERB_8e27357690f0,Herb,1
HERB_4896f8361f9a,Herb,1
HERB_72002527b67b,Herb,1
HERB_cbef32c411ce,Herb,2
HERB_58a24444bf16,Herb,1
HERB_7d0fad0cdf57,Herb,1
HERB_8ed01079aa39,Herb,1
HERB_8bf6152139de,Herb,1
HERB_06221d87a4fe,Herb,2
HERB_9ac5bb9021d5,Herb,1
HERB_6f55edaf37a7,Herb,1
HERB_73485cae462f,Herb,1
HERB_639d5d135c6d,Herb,1
HERB_a03f4194b5d6,Herb,1
HERB_ce4d097732aa,Herb,1
HERB_381a37e0db93,Herb,2
HERB_dcfeec2fc047,Herb,1
HERB_a50122a85837,Herb,1
HERB_9faf1d1f6401,Herb,1
HERB_73402483ced6,Herb,1
HERB_ecf1f5bf413c,Herb,1
HERB_a47ffb14e76e,Herb,1
HERB_57d145d40c33,Herb,1
HERB_e0990d0b20f2,Herb,1
HERB_a2d807469f6f,Herb,1
HERB_e4d602ba7166,Herb,3
HERB_40ed0cb9dfe8,Herb,1
HERB_12e9159584c6,Herb,1
HERB_c3323e77f665,Herb,1
HERB_8fe53c800008,Herb,1
HERB_ec5a3880dc61,Herb,2
HERB_1e19aa9e2562,Herb,6
HERB_e3dc711f9dce,Herb,1
HERB_4ad72640d54d,Herb,1
HERB_9b0ce7ccb5da,Herb,1
HERB_0937ac396cdc,Herb,1
HERB_06b983a0bf97,Herb,1
HERB_a54c5c64df5a,Herb,12
HERB_329a5d8af2f9,Herb,1
HERB_f6497b200995,Herb,7
HERB_ba4534d0254d,Herb,2
HERB_2c2e504ba077,Herb,1
HERB_0d8de8f658bc,Herb,2
HERB_af22dc4e1bb6,Herb,1
HERB_cc223b88d587,Herb,1
HERB_5b007ef42acc,Herb,1
HERB_14ccf1ba649c,Herb,2
HERB_b9573a10e49d,Herb,1
HERB_503000c2b979,Herb,1
HERB_69b695d69897,Herb,1
HERB_72f4f04fc874,Herb,1
HERB_7cd0222043ce,Herb,12
HERB_89a48cdcdfb7,Herb,1
HERB_33d3d28a29d4,Herb,1
HERB_117acd977ba0,Herb,1
HERB_2b001517c490,Herb,1
HERB_31bdb10ab299,Herb,1
HERB_eaa60a6d0a8c,Herb,1
HERB_f4b90bc5d178,Herb,1
HERB_4d4be361037d,Herb,1
HERB_fb81b78881e8,Herb,1
HERB_718e48b0097d,Herb,1
HERB_b9945dd0aefe,Herb,1
HERB_a4cea4dd6eca,Herb,1
HERB_d15e753f201d,Herb,9
HERB_3e4a95865131,Herb,1
HERB_8e3354d8b878,Herb,1
HERB_daf85381a594,Herb,1
HERB_ef63f640fc78,Herb,1
HERB_7b5d24342e02,Herb,8
HERB_6a6a68ae0336,Herb,1
HERB_77662962ea4b,Herb,1
HERB_5439f1243c69,Herb,1
HERB_d4fe7b5cf2d1,Herb,1
HERB_73649c6f580c,Herb,10
HERB_abbe101674d9,Herb,1
HERB_eb56e647b60e,Herb,1
HERB_37e22069684d,Herb,1
HERB_cfdc4645d1b4,Herb,3
HERB_10decd345361,Herb,1
HERB_33801fccd95b,Herb,10
HERB_c307773f1065,Herb,1
HERB_f01bf5d9d69c,Herb,1
HERB_6c13a983d9d1,Herb,1
HERB_e7cbc97d0496,Herb,1
HERB_04e46cd68e43,Herb,1
HERB_333368062eff,Herb,21
HERB_041b38440f7e,Herb,1
HERB_501323b737c6,Herb,1
HERB_9d0395e788d6,Herb,1
HERB_9e6949b15139,Herb,1
HERB_1dc5f20c5162,Herb,1
HERB_a436170e6108,Herb,1
HERB_23437b485bb8,Herb,1
HERB_6f5c57d4c4fa,Herb,1
HERB_c0a747d37ce1,Herb,1
HERB_a69ee17653a7,Herb,1
HERB_06a2a37e5b32,Herb,1
HERB_f3b9af4f7a3e,Herb,1
HERB_d4684991886b,Herb,1
HERB_f2849d710560,Herb,1
HERB_a69035497528,Herb,1
HERB_5bf3369f3c1d,Herb,1
HERB_6e4be8a51081,Herb,5
HERB_e21437c8cc82,Herb,1
HERB_75b49a8708dc,Herb,1
HERB_4575694e8f5d,Herb,1
HERB_bed36ec8631f,Herb,1
HERB_8a9a5d0062de,Herb,1
HERB_0357591fcd24,Herb,1
HERB_cfcd1fd894dc,Herb,1
HERB_c81e9f857ff1,Herb,7
HERB_6961b618c18c,Herb,1
HERB_c1168e970d5c,Herb,1
HERB_856defdae044,Herb,1
HERB_a9d5f23f74de,Herb,1
HERB_022a30c0c32b,Herb,1
HERB_9ccad522d141,Herb,1
HERB_3a9a2839606e,Herb,1
HERB_c1ca09474c4d,Herb,1
HERB_6d43dad95806,Herb,1
HERB_a35316fa9622,Herb,1
HERB_73b4de3f5493,Herb,1
HERB_73212ea461f4,Herb,1
HERB_6217a3724380,Herb,1
HERB_e6a084beb34e,Herb,1
HERB_2a8592cdce41,Herb,2
HERB_e5b6645037cf,Herb,1
HERB_13c492dff8bf,Herb,1
HERB_2e38c3ac38fc,Herb,2
HERB_6353a74d724e,Herb,1
HERB_71655d01bf93,Herb,1
HERB_3ca210fa3148,Herb,1
HERB_ce9ee47ec609,Herb,1
HERB_051bfd98ba70,Herb,1
HERB_c7abd62fa816,Herb,5
HERB_f1f41d42988d,Herb,1
HERB_64374d13824c,Herb,2
HERB_688602682cb1,Herb,9
HERB_a76869fd39a8,Herb,9
HERB_9e68d079b5ae,Herb,1
HERB_917bf5d0977c,Herb,6
HERB_62370df15943,Herb,6
HERB_cccc9567234f,Herb,1
HERB_b13844854a8c,Herb,1
HERB_9bbdfe4d80a6,Herb,1
HERB_44f10afe0762,Herb,3
HERB_1af0aae8b551,Herb,1
HERB_b83c5352d3cc,Herb,1
HERB_dedc57018143,Herb,1
HERB_a90faee9dfd4,Herb,1
HERB_c2c3406c6551,Herb,2
HERB_2e9ea2a6615d,Herb,1
HERB_6ece491fce3a,Herb,1
HERB_c6db59d9ce33,Herb,1
HERB_d6a9a1b57c15,Herb,1
HERB_702cd1861b32,Herb,1
HERB_2e9059297e64,Herb,11
HERB_63e8a54dae7b,Herb,1
HERB_216939fb1ce5,Herb,1
HERB_0e4c4cf3115b,Herb,1
HERB_05c71edaac6e,Herb,1
HERB_e745b79a94ec,Herb,1
HERB_82d640978494,Herb,1
HERB_f38f70cc8589,Herb,2
HERB_b7468fd27c71,Herb,1
HERB_678b255c36ae,Herb,7
HERB_37eb4728639e,Herb,2
HERB_eb3a01307f9e,Herb,1
HERB_9bb53814a40b,Herb,4
HERB_c6193d88b081,Herb,2
HERB_5aac14f5a696,Herb,2
HERB_648705dd962a,Herb,1
HERB_623638b26dad,Herb,1
HERB_5303be0196cf,Herb,1
HERB_10fcd4ee03cd,Herb,1
HERB_732713c48991,Herb,2
HERB_c6f390bf67e5,Herb,1
HERB_5bc906295a3e,Herb,1
HERB_87ba465467ba,Herb,1
HERB_5798d0d98bda,Herb,1
HERB_31b27277e1e9,Herb,1
HERB_26aaea29d957,Herb,1
HERB_db8ce48f9e1c,Herb,2
HERB_cbb244f43935,Herb,1
HERB_fab8d0473eed,Herb,1
HERB_c094c546e739,Herb,1
HERB_8be31d6f4080,Herb,1
HERB_7a30ee549fac,Herb,1
HERB_ec79a87d4991,Herb,2
HERB_e7d10e749012,Herb,2
HERB_6e0638aa0be7,Herb,1
HERB_88ab58539b71,Herb,1
HERB_d71524f2a3df,Herb,1
HERB_13fc618d23ee,Herb,1
HERB_944b93fd7bf6,Herb,1
HERB_6249bb11e1e5,Herb,1
HERB_615375545f55,Herb,1
HERB_7c97415a0103,Herb,1
HERB_ef0ae12e2f12,Herb,1
HERB_cc2d0a1491dc,Herb,1
HERB_326f03a468f0,Herb,2
HERB_bdb61f3960d0,Herb,1
HERB_e8fa22e8550a,Herb,3
HERB_75cc5f10ddb1,Herb,1
HERB_5d1ede2ed4e4,Herb,1
HERB_1dc8ef1d7e85,Herb,1
HERB_25ab5a49e615,Herb,11
HERB_cbee664d3cea,Herb,1
HERB_60b174b444df,Herb,1
HERB_4416f0dd7576,Herb,1
HERB_3649bff6cae1,Herb,1
HERB_cccea4e4ea9b,Herb,3
HERB_c615b45e9ac5,Herb,1
HERB_09eebc881c1f,Herb,1
HERB_4481b6f9dbb1,Herb,4
HERB_c67c65e5e37f,Herb,1
HERB_1f1c9916a80a,Herb,1
HERB_4afe488469bc,Herb,1
HERB_848028859f40,Herb,11
HERB_4b9aa799ba1a,Herb,3
HERB_c325c7a264c0,Herb,1
HERB_c3dd4edabe1b,Herb,1
HERB_a6c0c66fac2e,Herb,1
HERB_2c566274d8b0,Herb,3
HERB_192a9bf8a631,Herb,1
HERB_fa5dbe403eed,Herb,1
HERB_16206ea21406,Herb,8
HERB_9f30efb8cf32,Herb,3
HERB_604960ebd574,Herb,2
HERB_4232fd06552e,Herb,2
HERB_a1b1d142d99e,Herb,2
HERB_694ebbf1d9f0,Herb,1
HERB_618dedb8bc76,Herb,1
HERB_2f115a3adef5,Herb,1
HERB_eb8d8e21b6a3,Herb,4
HERB_c3b4ef831d02,Herb,1
HERB_eed6710ecbb3,Herb,2
HERB_463e27dced43,Herb,1
HERB_772dcb032f4e,Herb,1
HERB_8ea359525672,Herb,1
HERB_a0ecb2d9c8f7,Herb,1
HERB_ab299b5e63ee,Herb,2
HERB_90c240fbe64a,Herb,1
HERB_4d24ff8825cd,Herb,3
HERB_e2bd9a766a3b,Herb,1
HERB_e4d63504b9eb,Herb,1
HERB_60221a27af97,Herb,1
HERB_af0b8804acfa,Herb,1
HERB_eb7f9e49fd44,Herb,1
HERB_b670a3869f64,Herb,1
HERB_b2e8cd1987c7,Herb,1
HERB_fb847902b789,Herb,1
HERB_e2f06d2585b1,Herb,2
HERB_14c48d69db6a,Herb,2
HERB_9425d477f9c2,Herb,2
HERB_58f15c4964f5,Herb,1
HERB_ff60f292ff11,Herb,3
HERB_0163cbe84151,Herb,1
HERB_aa8aed299662,Herb,1
HERB_87dcd8967644,Herb,2
HERB_0e2ede038392,Herb,1
HERB_c441dd5c0216,Herb,1
HERB_4bcb85a50d69,Herb,1
HERB_0921d43a29a7,Herb,1
HERB_5fc3c3a5d932,Herb,2
HERB_3bf9a963784a,Herb,1
HERB_5eb9012fdd6e,Herb,2
HERB_39c9460c1c5d,Herb,11
HERB_98a8a1c42f99,Herb,1
HERB_fab2397af987,Herb,1
HERB_195d54347420,Herb,1
HERB_a25797bbb0ea,Herb,1
HERB_e4c26eb97d0c,Herb,4
HERB_cc45c1120b4b,Herb,1
HERB_97e99c49d202,Herb,3
HERB_a3324a8800d5,Herb,1
HERB_2047a5085d55,Herb,1
HERB_c40102282ab1,Herb,1
HERB_60d61993bec5,Herb,1
HERB_4c15f2557139,Herb,1
HERB_804c43a531e3,Herb,1
HERB_5966d00cc147,Herb,3
HERB_ec8c0509acb8,Herb,1
HERB_d4156f9374b1,Herb,1
HERB_bed917e0790d,Herb,1
HERB_e8fb013dabef,Herb,1
HERB_a62e6b802a60,Herb,2
HERB_5301aaba87bd,Herb,1
HERB_213ce02ba32e,Herb,1
HERB_90bc505eed40,Herb,1
HERB_98c0a50b1a7e,Herb,1
HERB_2b69232de730,Herb,1
HERB_61e6d0c403db,Herb,1
HERB_1dfdf176bb43,Herb,1
HERB_70afe4a0b454,Herb,1
HERB_7d1f57b5304c,Herb,1
HERB_c4f3c03350ec,Herb,1
HERB_92def49d5751,Herb,1
HERB_061f2fd7a83c,Herb,1
HERB_0369f9dce812,Herb,1
HERB_197612eb07bf,Herb,1
HERB_e177264199a0,Herb,1
HERB_8a62f2382df5,Herb,6
HERB_876ffdea8b86,Herb,1
HERB_6fc448dabcac,Herb,1
HERB_4c2d7f01cd28,Herb,1
HERB_f2e2a4681a5e,Herb,27
HERB_291f867129a9,Herb,16
HERB_bbaa4058cc4a,Herb,1
HERB_0b770c938df0,Herb,2
HERB_fd05a4069b49,Herb,3
HERB_d88c4c4e6f20,Herb,2
HERB_465f13e3c017,Herb,1
HERB_79dc61c1730a,Herb,1
HERB_9d3d22805beb,Herb,1
HERB_791a6a083d30,Herb,1
HERB_64b972fb26b7,Herb,1
HERB_74e720c29ab0,Herb,3
HERB_84e0724369c3,Herb,4
HERB_3c49eade63e7,Herb,1
HERB_96fca82f762e,Herb,1
HERB_8a0289374edd,Herb,1
HERB_9ba8aa9e0c0a,Herb,1
HERB_f79b445731de,Herb,1
HERB_a0c4f4ceb466,Herb,1
HERB_6b8fcd84c6ba,Herb,1
HERB_82160f781012,Herb,1
HERB_3b7373468ce2,Herb,1
HERB_c3abf49ab48c,Herb,5
HERB_eb5ea04a4972,Herb,1
HERB_8fe8367ff560,Herb,1
HERB_8fcfc2763d4c,Herb,1
HERB_c9a798f11ccf,Herb,3
HERB_e2b50cde09c4,Herb,1
HERB_e43f211fe53c,Herb,1
HERB_619690c47d8b,Herb,1
HERB_013c587c5ca8,Herb,1
HERB_054a6781c93b,Herb,1
HERB_b8a656d83503,Herb,1
HERB_dc49ccd66cff,Herb,1
HERB_805e836b4ad7,Herb,10
HERB_f40cc451a742,Herb,1
HERB_d61ac2f03b19,Herb,1
HERB_b2cf50fbf15c,Herb,1
HERB_5101daebbf92,Herb,1
HERB_100a078217de,Herb,1
HERB_5ac711b6b7e6,Herb,1
HERB_31efb966fb95,Herb,32
HERB_43cdda33cc92,Herb,1
HERB_f8835631d4bb,Herb,3
HERB_c7cbc2296106,Herb,2
HERB_be5600868582,Herb,1
HERB_01f0e4ee367b,Herb,2
HERB_27094bf868e2,Herb,1
HERB_955ee25a6baa,Herb,1
HERB_50b6ec3249ea,Herb,1
HERB_3c506a969d87,Herb,1
HERB_95e0e7b730cb,Herb,1
HERB_faba22d650df,Herb,1
HERB_899d817a42b3,Herb,1
HERB_253ff0814e1f,Herb,1
HERB_66166a9e79f9,Herb,1
HERB_e550d8b26cc9,Herb,1
HERB_25724dbe87e7,Herb,1
HERB_57a92f57a112,Herb,1
HERB_029c63d6099b,Herb,1
HERB_c3cb5c7faf17,Herb,1
HERB_df0eae08bc4a,Herb,1
HERB_d3f77a570a19,Herb,1
HERB_047bf299d427,Herb,1
HERB_2f6f27781abf,Herb,1
HERB_6d2e9b12d6fa,Herb,1
HERB_983228fd072d,Herb,1
HERB_7c4c34d21491,Herb,1
HERB_a32424534c57,Herb,1
HERB_d74993a0b904,Herb,1
HERB_c1a8a538c253,Herb,1
HERB_9f6b6dd03d57,Herb,1
HERB_5cd4c16c0ca2,Herb,1
HERB_3916c1a1fec6,Herb,2
HERB_b323e7de27ee,Herb,1
HERB_48a2f4633d8b,Herb,2
HERB_a89412116ecc,Herb,2
HERB_33cd523b80a6,Herb,1
HERB_1ad5b9f5dc22,Herb,1
HERB_bfa7fb8674b5,Herb,1
HERB_3d6dabc1dc20,Herb,1
HERB_c0a6816444ab,Herb,1
HERB_209cdf240324,Herb,1
HERB_33e7e2ea6914,Herb,2
HERB_0b744fd52a29,Herb,1
HERB_2ed07e0f27c3,Herb,1
HERB_b0d7f1e09742,Herb,35
HERB_002e20c0b59b,Herb,1
HERB_5aecc43ea758,Herb,3
HERB_2d618267d438,Herb,4
HERB_b8c6d8c80c95,Herb,3
HERB_3d0dcd587a2b,Herb,1
HERB_4083d843a0e2,Herb,1
HERB_4561066136a7,Herb,1
HERB_2590e4fc3de1,Herb,1
HERB_1fe4f40c0097,Herb,1
HERB_372486b4b44e,Herb,1
HERB_f3f6a76aa15a,Herb,1
HERB_765e9318f94e,Herb,1
HERB_c4ac5decbcd1,Herb,1
HERB_7e8c2816251e,Herb,2
HERB_604301fafc5b,Herb,1
HERB_fd5f072360ce,Herb,32
HERB_a80865a77e57,Herb,2
HERB_1ddc7e69db6f,Herb,1
HERB_a28d501ad4e1,Herb,1
HERB_935ac4b813e7,Herb,4
HERB_faa02b82f07c,Herb,1
HERB_cf4922e8eb59,Herb,2
HERB_0e05104bce45,Herb,1
HERB_dbb2dda3e3f8,Herb,1
HERB_d817a11d440b,Herb,1
HERB_9f9a1166b0b0,Herb,1
HERB_64c4d2047af2,Herb,1
HERB_6609350dcf4b,Herb,1
HERB_e4e28efecd2c,Herb,1
HERB_fc88f4bea42d,Herb,1
HERB_3d8eccfc6bde,Herb,1
HERB_38119e2dba15,Herb,3
HERB_d4971c12c0e5,Herb,1
HERB_167edb0b22a7,Herb,1
HERB_3f534462a5e3,Herb,11
HERB_24d9390671d0,Herb,1
HERB_e32ff78be95d,Herb,1
HERB_dc22f88a2e79,Herb,1
HERB_fdfff2add1ed,Herb,1
HERB_27c3819c3c30,Herb,1
HERB_2bd1f70de720,Herb,3
HERB_238c3c368290,Herb,1
HERB_602a76dd25e6,Herb,1
HERB_13593f9178b2,Herb,1
HERB_cfa854e2ee8c,Herb,1
HERB_12de4773ec92,Herb,1
HERB_98ddc4996231,Herb,1
HERB_1bd6d3caf901,Herb,1
HERB_ed95724ca44d,Herb,28
HERB_228aee382c19,Herb,10
HERB_29dfd0f85213,Herb,1
HERB_ca93c6086bc9,Herb,1
HERB_46c252a0d035,Herb,1
HERB_538a2aad985f,Herb,1
HERB_6b4762b9ae44,Herb,5
HERB_c34f8f9a564e,Herb,1
HERB_886143dc4e83,Herb,1
HERB_23458bab3957,Herb,1
HERB_1065a401324f,Herb,3
HERB_19bdc6f1c990,Herb,2
HERB_f65cd176019e,Herb,1
HERB_584ada6b5822,Herb,1
HERB_7a8e016e0ce3,Herb,1
HERB_cda23b5b291b,Herb,1
HERB_607cb7f71923,Herb,2
HERB_a423b1b32ab6,Herb,1
HERB_c42cef67c360,Herb,17
HERB_de4ac088e966,Herb,2
HERB_aa2dab6beb1c,Herb,3
HERB_373d5a2ac5e0,Herb,1
HERB_9d7d09aed52c,Herb,1
HERB_fa1d43b9d1ef,Herb,3
HERB_7c36e2e9cd84,Herb,1
HERB_447d1a7809d4,Herb,1
HERB_b8042e876243,Herb,1
HERB_b0bd0acbdc11,Herb,1
HERB_05ebddad62d9,Herb,1
HERB_f9b9f78be75a,Herb,1
HERB_af588b0d2691,Herb,1
HERB_7b93e6e24024,Herb,3
HERB_0414e529a1fa,Herb,1
HERB_70045a87693f,Herb,1
HERB_6f7faad91d66,Herb,1
HERB_38f8ead3e38f,Herb,4
HERB_a277c27a157b,Herb,2
HERB_574f4c63f23a,Herb,1
HERB_67ff86918648,Herb,1
HERB_4443afd02692,Herb,1
HERB_0396c5a30282,Herb,1
HERB_c980cb6c73e9,Herb,1
HERB_6ec90d8048fe,Herb,1
HERB_19e6207c848d,Herb,1
HERB_153e1fc2b9c6,Herb,1
HERB_b66ab81c4ac8,Herb,1
HERB_1cc986f70e01,Herb,15
HERB_c01857e0a9b8,Herb,7
HERB_c2bfe4b88707,Herb,2
HERB_820f17004e31,Herb,1
HERB_a8abe3cf8f88,Herb,1
HERB_28144ef6ae8d,Herb,1
HERB_c08a092b3a32,Herb,1
HERB_0441687e3a0b,Herb,1
HERB_ce6ba4b68a7f,Herb,1
HERB_126c06865300,Herb,1
HERB_c2355882d519,Herb,1
HERB_ad40dc52ab60,Herb,1
HERB_d20512c7da46,Herb,1
HERB_752fede80eb2,Herb,11
HERB_c8128e7cf2a7,Herb,13
HERB_cd4045d70aff,Herb,1
HERB_317aabd1ae7e,Herb,1
HERB_601eb3ec435e,Herb,1
HERB_206cbd155cd0,Herb,1
HERB_7bd29eeae338,Herb,1
HERB_a7688e81dd97,Herb,1
HERB_6cc9b8a16b47,Herb,1
HERB_ec862ace4a30,Herb,1
HERB_8085e67679f5,Herb,1
HERB_dc3b45dd53cd,Herb,1
HERB_0f77dd25a4fb,Herb,1
HERB_c9f73991e772,Herb,1
HERB_6022666dd5ea,Herb,1
HERB_976509a50be1,Herb,1
HERB_ffe1eb74249f,Herb,6
HERB_b6093eb76993,Herb,1
HERB_6e4d6159e711,Herb,1
HERB_669560d23632,Herb,1
HERB_861046ad8b8e,Herb,1
HERB_de5ac78ac8b8,Herb,1
HERB_a9b8a4fbd698,Herb,1
HERB_a70608bcca8e,Herb,1
HERB_354ee3daa12f,Herb,1
HERB_f6b61c253117,Herb,1
HERB_5dcdc7fa0d37,Herb,2
HERB_e7a357822d3b,Herb,3
HERB_1a2acc49e79e,Herb,1
HERB_300ad487411f,Herb,1
HERB_bfcc9e992786,Herb,2
HERB_ddaad0d84596,Herb,1
HERB_19177caa2aeb,Herb,1
HERB_bd13f1eb4331,Herb,2
HERB_4ffc8deabcaf,Herb,1
HERB_9dd5a673e721,Herb,1
HERB_d575180bfbd6,Herb,1
HERB_7ccca3c50108,Herb,1
HERB_7acee8de8784,Herb,1
HERB_8b3b40ab707d,Herb,1
HERB_50110d29fb10,Herb,1
HERB_662a86503602,Herb,23
HERB_e0a5a2b00bbf,Herb,1
HERB_8a80b7e39c53,Herb,1
HERB_82d7e26ca798,Herb,8
HERB_d9667d0139cd,Herb,1
HERB_1446c462d6eb,Herb,1
HERB_777d19a5a36a,Herb,1
HERB_c400eecad22a,Herb,7
HERB_3378e2b4b288,Herb,4
HERB_61ec743ac2a5,Herb,1
HERB_5e6f800a1852,Herb,1
HERB_80579e7d2efd,Herb,1
HERB_8c5944ed837d,Herb,1
HERB_61a9c6814de4,Herb,1
HERB_980d02c94433,Herb,1
HERB_423e43fb7319,Herb,1
HERB_ad62aba2e2b6,Herb,1
HERB_b5f0ea49c15e,Herb,1
HERB_0ee3bcb7efb2,Herb,1
HERB_7d28b6621a10,Herb,1
HERB_0f0b4cda139e,Herb,1
HERB_d81ded8b4b41,Herb,1
HERB_4f58b24d8643,Herb,2
HERB_ff5f1c37c999,Herb,1
HERB_2e880b472967,Herb,1
HERB_9026d295588f,Herb,1
HERB_8c3e4ed8a636,Herb,6
HERB_aa618de5a164,Herb,1
HERB_6dd05d2941e3,Herb,1
HERB_8b52870dcfcb,Herb,2
HERB_7b185b489f13,Herb,1
HERB_d7601105efa1,Herb,1
HERB_2745ef1c00ba,Herb,1
HERB_b6f39924059d,Herb,1
HERB_e6884d368e97,Herb,1
HERB_50b774c4db73,Herb,1
HERB_d0c4e1a1f514,Herb,1
HERB_5c4dd4c26d03,Herb,1
HERB_0874bc3de1bd,Herb,1
HERB_d5aa63cfbe83,Herb,1
HERB_7036e4299bbc,Herb,1
HERB_5ff6fb570ca4,Herb,1
HERB_92fad4c68cad,Herb,1
HERB_0c9af03b85cb,Herb,3
HERB_78d19c169385,Herb,1
HERB_e2fcc901cf43,Herb,1
HERB_abc1ec3b1902,Herb,1
HERB_d8ab26450fb5,Herb,1
HERB_0196763f5e3b,Herb,31
HERB_3fa56b6114f8,Herb,1
HERB_c6c74c53cb2f,Herb,7
HERB_5b0f84a00710,Herb,1
HERB_3e9a4eecb717,Herb,2
HERB_c4406831c571,Herb,9
HERB_98cb2a1e2421,Herb,1
HERB_1cf1dbb6b8d9,Herb,5
HERB_6bd855c8d321,Herb,1
HERB_c0317b0f770f,Herb,1
HERB_9576e28ea241,Herb,1
HERB_8b9ca41ea4a7,Herb,1
HERB_ab2de8513244,Herb,1
HERB_006a18ef0927,Herb,1
HERB_6094eb60982c,Herb,1
HERB_6d3d32f1c4a7,Herb,1
HERB_93d029ec52d7,Herb,2
HERB_1c30dcdd363d,Herb,1
HERB_e0f02894687b,Herb,1
HERB_15d26a021625,Herb,1
HERB_93c440c0de5b,Herb,1
HERB_809a8967f2ac,Herb,1
HERB_f9f027d006a2,Herb,1
HERB_02db4bd49a3a,Herb,1
HERB_5631b5109e9f,Herb,2
HERB_f32838f12cb4,Herb,1
HERB_d97e9f8556b6,Herb,7
HERB_aa3e68d31584,Herb,1
HERB_61472f5d3f7f,Herb,1
HERB_98f55d9d134b,Herb,1
HERB_e555ac7a3ee5,Herb,1
HERB_3a174eacca7b,Herb,1
HERB_867f40ce1c89,Herb,1
HERB_c8e692e680a7,Herb,28
HERB_b41da2f1a02f,Herb,1
HERB_4c842e3e662f,Herb,1
HERB_74f4618f81f4,Herb,1
HERB_85fb863e8c36,Herb,1
HERB_a979ce579e23,Herb,6
HERB_d75ee260aadf,Herb,1
HERB_d4d2c9fc2bab,Herb,3
HERB_ffe777fc2cdc,Herb,1
HERB_3a764f14b2cd,Herb,1
HERB_267d27f1f5ab,Herb,2
HERB_fe5c9717b71b,Herb,3
HERB_e207b08a089d,Herb,1
HERB_1c6a0e8da235,Herb,1
HERB_b5a48c9ce9ec,Herb,2
HERB_90469eef546e,Herb,1
HERB_e9076a2cc6a4,Herb,1
HERB_d8b66c1ddd87,Herb,1
HERB_709d4c297946,Herb,1
HERB_8f82ae22e809,Herb,1
HERB_62a17e39f242,Herb,1
HERB_d05da0b52a7b,Herb,1
HERB_c30ed1181e32,Herb,1
HERB_592d2ddf72c5,Herb,1
HERB_3ca7bceb6b3e,Herb,1
HERB_f076f94e48d1,Herb,1
HERB_348605d563cb,Herb,1
HERB_cf5db5de8213,Herb,1
HERB_3246c223fb02,Herb,7
HERB_c139d3695e59,Herb,2
HERB_ada3db0a30cc,Herb,1
HERB_d944ac9660c1,Herb,1
HERB_9e7a49d6d5e3,Herb,1
HERB_45584bea5be9,Herb,14
HERB_8d7598c13ca3,Herb,1
HERB_ba6b231da34f,Herb,1
HERB_6f1c8c92e95d,Herb,1
HERB_ded219ef6096,Herb,1
HERB_d6097c1c3305,Herb,1
HERB_c5ec7d1fee50,Herb,1
HERB_85ec87604ffe,Herb,1
HERB_2d7b7e5b9765,Herb,1
HERB_66e4a43de367,Herb,1
HERB_fa22d71c641f,Herb,1
HERB_5ec2f70afa18,Herb,1
HERB_f9e72c61dac7,Herb,2
HERB_8985fec527fa,Herb,2
HERB_77c31048eb17,Herb,3
HERB_2ad87e888c0a,Herb,1
HERB_44db5a5c7d5e,Herb,1
HERB_ff057e239a80,Herb,14
HERB_57a3a2b67769,Herb,1
HERB_3c63f8c3979b,Herb,2
HERB_dd97d068996a,Herb,1
HERB_32aa7deb36df,Herb,1
HERB_1e918eb169a3,Herb,1
HERB_0d00ca1093ca,Herb,1
HERB_f7f9aaa5a1e9,Herb,1
HERB_3ee974f00cbd,Herb,1
HERB_3e4f070d6ce0,Herb,1
HERB_db4929f53c8f,Herb,1
HERB_d94c9f957da3,Herb,16
HERB_0622bfcd3d30,Herb,1
HERB_53527f0d57cf,Herb,1
HERB_2b28e0f80d13,Herb,1
HERB_9ebda5025eb9,Herb,1
HERB_e7117ab865e2,Herb,2
HERB_1c6bd82766fc,Herb,1
HERB_0addc178cba2,Herb,1
HERB_c27d32a88161,Herb,1
HERB_42b3a2593537,Herb,1
HERB_7ac3d77faef4,Herb,1
HERB_a22851be2507,Herb,24
HERB_0a800478f6b8,Herb,1
HERB_871268e27236,Herb,3
HERB_185f352160a3,Herb,1
HERB_0ba27a88ae85,Herb,1
HERB_e1e6ec2c1576,Herb,1
HERB_befb4fe7a54b,Herb,1
HERB_a8b2508dd8bd,Herb,1
HERB_9ec1402bcbd5,Herb,1
HERB_6dfd524287c9,Herb,1
HERB_5a943b81aa7b,Herb,1
HERB_fe99ddca98b9,Herb,1
HERB_005f19f3da13,Herb,3
HERB_417490dd0456,Herb,3
HERB_c81b3dee0161,Herb,1
HERB_b90416dde502,Herb,1
HERB_62863a50962c,Herb,1
HERB_ceea4d6e5eea,Herb,5
HERB_b4b652be1c35,Herb,1
HERB_a0c2893b5bbe,Herb,1
HERB_24105ab7167d,Herb,1
HERB_52f8d4fa4cd0,Herb,5
HERB_b1850a5ff106,Herb,1
HERB_037e628fb6e7,Herb,1
HERB_6c7956ef0a92,Herb,1
HERB_d3f2db575869,Herb,1
HERB_04a35f9f13b3,Herb,1
HERB_de463060d186,Herb,1
HERB_bfec5dc5f975,Herb,1
HERB_36401af1cf27,Herb,1
HERB_c1be9e9043be,Herb,1
HERB_76fe2f9c6aab,Herb,1
HERB_6cbb0e61b871,Herb,1
HERB_80e24815d106,Herb,1
HERB_3aa3557a9cd2,Herb,4
HERB_e6b4d1ed5849,Herb,1
HERB_8d456117e6a1,Herb,1
HERB_30b7109a82ee,Herb,1
HERB_f440f62ca4c8,Herb,1
HERB_7bf1feecc6ab,Herb,2
HERB_d9158059d1a8,Herb,4
HERB_df985ac0274e,Herb,1
HERB_a9fddffc3853,Herb,1
HERB_1cd3cd6b572d,Herb,1
HERB_84b3d116a118,Herb,2
HERB_fed76e702b12,Herb,2
HERB_a59f729d10fc,Herb,1
HERB_724ec14bfe22,Herb,1
HERB_bcc7a2d2bcbe,Herb,1
HERB_c61a78aae458,Herb,2
HERB_a6ba7e4bae21,Herb,1
HERB_b3ca1f5ca8e6,Herb,8
HERB_3bf380580d6c,Herb,1
HERB_a963af9df7cc,Herb,1
HERB_30fc6db13dea,Herb,1
HERB_418242907376,Herb,1
HERB_828bbba68aaa,Herb,1
HERB_45a58eba8d5a,Herb,1
HERB_22609f01c6ee,Herb,1
HERB_47281619a722,Herb,1
HERB_2584d44ea239,Herb,1
HERB_c3e06d59ad70,Herb,1
HERB_b86da15e4bdb,Herb,1
HERB_51c6f4069849,Herb,1
HERB_73f77a6c6b93,Herb,1
HERB_de56f7bfea7a,Herb,1
HERB_5f9076621e72,Herb,1
HERB_8cb0a0d4c46a,Herb,1
HERB_f42a02d83495,Herb,2
HERB_d6a102fcf94f,Herb,2
HERB_b0972a211ad1,Herb,1
HERB_141e0ebbb9b1,Herb,1
HERB_ea9ac7085f0f,Herb,1
HERB_98cb722dfe13,Herb,4
HERB_6519753a7dc7,Herb,1
HERB_dfcb87752433,Herb,1
HERB_7e794a3b39c2,Herb,1
HERB_e87f769f5cf7,Herb,3
HERB_19afdd2eb82e,Herb,4
HERB_f26e19c576a6,Herb,1
HERB_31b834694c83,Herb,1
HERB_a92fd34b9622,Herb,2
HERB_a778dcd6a16b,Herb,1
HERB_3ab1f612740c,Herb,1
HERB_6a089415338f,Herb,3
HERB_fa9dc65b33f7,Herb,2
HERB_64eb892368ab,Herb,1
HERB_d097d5d48130,Herb,1
HERB_047376030b21,Herb,1
HERB_659a104af44e,Herb,1
HERB_c239420ff33c,Herb,1
HERB_e19308d77ab5,Herb,1
HERB_3fadcc4a5261,Herb,7
HERB_655dc9ef56cf,Herb,1
HERB_252a0b5aa06c,Herb,1
HERB_1de85028ca4f,Herb,1
HERB_22063df0b584,Herb,3
HERB_c1fd1c53cf7c,Herb,1
HERB_5d63332b3622,Herb,1
HERB_b9c49cd21b4a,Herb,1
HERB_17e3818599ae,Herb,3
HERB_7d89617b910a,Herb,1
HERB_8570d9f0f753,Herb,1
HERB_a9ea1ad37e67,Herb,1
HERB_bfb67917eb8f,Herb,1
HERB_4289d1fa7c57,Herb,1
HERB_82a51e746101,Herb,1
HERB_e0ac8fabdb03,Herb,1
HERB_2926b9fe763d,Herb,1
HERB_02c255890181,Herb,1
HERB_342855454014,Herb,1
HERB_739c2c4f6e6e,Herb,1
HERB_1cdd47a924d6,Herb,1
HERB_a81dcc9d044e,Herb,1
HERB_1b46a233a13f,Herb,1
HERB_f2385129f66a,Herb,1
HERB_a8664bded1d4,Herb,1
HERB_a7763444ad0d,Herb,1
HERB_8621a1dd1ca4,Herb,1
HERB_3505b5306c01,Herb,1
HERB_93edc8deb82b,Herb,1
HERB_9dd4d57723bf,Herb,1
HERB_7f7d3f1cce6d,Herb,1
HERB_2fc177074f4a,Herb,1
HERB_2cd5955fcaa3,Herb,1
HERB_87b6630e66c3,Herb,1
HERB_cb6e8895720e,Herb,1
HERB_9d9f9697dad2,Herb,1
HERB_dc99cae9b1a1,Herb,1
HERB_88b45462d6f2,Herb,1
HERB_3208bbcd3cdc,Herb,1
HERB_8ba7a6ef8393,Herb,1
HERB_7d5eb6b8d73e,Herb,1
HERB_db5cdc0fd409,Herb,1
HERB_3e724031f945,Herb,1
HERB_5ceff1de2cfa,Herb,1
HERB_095fa05e6cf5,Herb,8
HERB_c42566b7cee1,Herb,1
HERB_6884273de30f,Herb,1
HERB_765412fb2865,Herb,1
HERB_016fb3c2b02d,Herb,1
HERB_6d06de38a496,Herb,1
HERB_3594a47a8d84,Herb,1
HERB_346671fe0806,Herb,1
HERB_7d6495f50c57,Herb,1
HERB_bf390dac6d57,Herb,1
HERB_c2ad4a5d7e17,Herb,1
HERB_0507126a0ac0,Herb,1
HERB_a4781d6e9077,Herb,1
HERB_15c6b11a83c6,Herb,1
HERB_74f2f346aebd,Herb,1
HERB_03264b9d0fb2,Herb,3
HERB_f412563b6036,Herb,1
HERB_a1751110172d,Herb,1
HERB_bb24973f3384,Herb,1
HERB_cd1cdf57376a,Herb,1
HERB_d120192d588c,Herb,1
HERB_d727c54a87c4,Herb,1
HERB_1203948e34f4,Herb,1
HERB_20fb1f96bca5,Herb,1
HERB_e15fc2ca3af1,Herb,1
HERB_f096a11d5197,Herb,1
HERB_a2241c0cd9cc,Herb,1
HERB_2e8a98dd0eb5,Herb,1
HERB_84f26ddc6a6f,Herb,1
HERB_69eda122c506,Herb,1
HERB_920663741257,Herb,1
HERB_63be3b6a3b14,Herb,2
HERB_09b8d8d7cdee,Herb,1
HERB_0b364a3c3139,Herb,1
HERB_238b96c5a5c6,Herb,1
HERB_98cf4ea86ea3,Herb,1
HERB_a8bf0e2e5b62,Herb,1
HERB_b0328d32fb8d,Herb,1
HERB_8f50b456560f,Herb,2
HERB_9d31c217488b,Herb,3
HERB_3d70c0dfd2e2,Herb,3
HERB_c42a39eae71e,Herb,1
HERB_0e9599b72163,Herb,1
HERB_e4e6b75cec1c,Herb,1
HERB_8a7e0ddf73e5,Herb,1
HERB_374756c73893,Herb,1
HERB_87c1fb191b84,Herb,1
HERB_8fab7c93189f,Herb,1
HERB_c51c47e54830,Herb,1
HERB_bf756625372d,Herb,1
HERB_dd278710cb27,Herb,1
HERB_e7457f25669c,Herb,1
HERB_5c09e22557cc,Herb,1
HERB_4856a3ac9619,Herb,1
HERB_b1355a7bec61,Herb,12
HERB_84f4c013aa4a,Herb,1
HERB_7a84d1f87146,Herb,1
HERB_e85e4233f211,Herb,2
HERB_837df17822e0,Herb,1
HERB_3259fe9cf8a8,Herb,3
HERB_e32d6937f46d,Herb,1
HERB_daf6dd4edb88,Herb,1
HERB_5ef00f086bb0,Herb,1
HERB_2f9cf7081942,Herb,1
HERB_96a29d618c50,Herb,1
HERB_b024bf9db0d1,Herb,1
HERB_35e70781ec1e,Herb,1
HERB_45ecf5322605,Herb,1
HERB_a486cfaa3142,Herb,1
HERB_be34706997e1,Herb,1
HERB_a00669281885,Herb,1
HERB_355e144b0f95,Herb,5
HERB_5b4d9658d35d,Herb,1
HERB_0cd2fa36dd22,Herb,1
HERB_497ad45bdaf1,Herb,1
HERB_d5a63ad599da,Herb,1
HERB_469b33e21af6,Herb,1
HERB_1889e2f930ea,Herb,9
HERB_843dd3239c37,Herb,1
HERB_cdd5dd80651d,Herb,1
HERB_194a7fd703ca,Herb,1
HERB_80338c5618c0,Herb,1
HERB_247c26631fc5,Herb,1
HERB_1d75d370f1ff,Herb,1
HERB_5b72f8c52235,Herb,1
HERB_5cfeefa05cb3,Herb,1
HERB_70c615dff0a0,Herb,1
HERB_afbb0a5d125d,Herb,1
HERB_38dfe6993920,Herb,1
HERB_943dee0737e6,Herb,1
HERB_dedac0ac31a0,Herb,1
HERB_601c3206229e,Herb,1
HERB_0eea162529a9,Herb,1
HERB_d5eef909850b,Herb,1
HERB_f2c9ac7a8c4e,Herb,1
HERB_653566f8fa8c,Herb,1
HERB_93dcb6efebfa,Herb,1
HERB_87ffe7dfe9b3,Herb,1
HERB_f0a90bc96fff,Herb,1
HERB_7ad7423b7b50,Herb,1
HERB_2d5b3be7250d,Herb,1
HERB_d25eb2c4d3b8,Herb,1
HERB_75b75bbaa104,Herb,3
HERB_0d474f8c99fa,Herb,1
HERB_d79d57ad8f49,Herb,1
HERB_7a38c2ef5efe,Herb,1
HERB_507b4c3ac31d,Herb,1
HERB_4f9fa4301f1e,Herb,2
HERB_6134dd14ee42,Herb,1
HERB_1b61f58722e8,Herb,1
HERB_bf1cb8e80ef0,Herb,1
HERB_85e276f19b98,Herb,1
HERB_0ee0ac7dd8e8,Herb,1
HERB_bc4a15037746,Herb,4
HERB_805c6027db40,Herb,1
HERB_ecf30c45447d,Herb,1
HERB_cb57ae184447,Herb,1
HERB_146497602270,Herb,1
HERB_e2b4d4e588ea,Herb,2
HERB_df234314f767,Herb,1
HERB_68c6949df984,Herb,1
HERB_7f61e6fc13ee,Herb,1
HERB_87bd54e8ec58,Herb,1
HERB_37195cdeb40d,Herb,1
HERB_01d56d69bb07,Herb,1
HERB_6735140e969c,Herb,1
HERB_6f6f8220b19c,Herb,13
HERB_4acf81901b72,Herb,3
HERB_c0b6729f1d98,Herb,1
HERB_e790825a75fe,Herb,1
HERB_7a30a6da91ce,Herb,1
HERB_667a1f5ef156,Herb,1
HERB_da08f0f623e8,Herb,4
HERB_cc16eeb33c2f,Herb,11
HERB_5a66d1b96b72,Herb,1
HERB_da9318f583a2,Herb,1
HERB_9406b225eb75,Herb,4
HERB_860c1b4bcf61,Herb,3
HERB_4f11eb0e1d80,Herb,4
HERB_e9c5fc1074b9,Herb,1
HERB_c18fbdfcf93c,Herb,1
HERB_b4505adb86ef,Herb,1
HERB_60c64a0c06e3,Herb,1
HERB_12617d0a74c9,Herb,4
HERB_7bc5a41404d9,Herb,7
HERB_f8fe5487e614,Herb,1
HERB_46b4f812df23,Herb,2
HERB_f926d1aeabd9,Herb,1
HERB_2e26488d35a8,Herb,1
HERB_f889be8e4710,Herb,18
HERB_2df661a2086f,Herb,1
HERB_655ca1c3438f,Herb,4
HERB_c87b8e693bfd,Herb,1
HERB_71790e9193ff,Herb,1
HERB_d3ff711378c3,Herb,1
HERB_46c899caa73a,Herb,1
HERB_30076a61f799,Herb,15
HERB_afd885b2b51f,Herb,1
HERB_6ad45b17dc31,Herb,1
HERB_8c6d450cdde1,Herb,1
HERB_8b07c841a49c,Herb,2
HERB_7b62c3e3475e,Herb,1
HERB_76fe3dc20992,Herb,1
HERB_1f6afc0cbe97,Herb,1
HERB_8406d46bfff0,Herb,1
HERB_38412d80abe2,Herb,1
HERB_a06ec6ff4611,Herb,1
HERB_ba9de3dfd338,Herb,1
HERB_d70b5ceb25ab,Herb,1
HERB_7caecc0c4ffc,Herb,1
HERB_76bd664f61ca,Herb,1
HERB_bba2319ea793,Herb,1
HERB_805082550742,Herb,1
HERB_63b0d2787fef,Herb,1
HERB_c30c1f21fb46,Herb,1
HERB_49664ba8012d,Herb,1
HERB_0c7c7adf5efc,Herb,1
HERB_fee19feb527c,Herb,1
HERB_6bf48dfc5994,Herb,1
HERB_6c46024d9787,Herb,1
HERB_ba8abea9d9e1,Herb,1
HERB_ef2cc07b973a,Herb,1
HERB_5c6728c341a7,Herb,1
HERB_75e968e72c0d,Herb,5
HERB_e42503ff3257,Herb,1
HERB_f62087ab3ccc,Herb,1
HERB_defdf516c0f1,Herb,1
HERB_7d75af1869fe,Herb,1
HERB_8e25db709c06,Herb,1
HERB_5f89b10b6ade,Herb,1
HERB_2db1d02aef38,Herb,1
HERB_ffaa378864e1,Herb,1
HERB_1eef4f04d9cd,Herb,1
HERB_15cbcde289f4,Herb,1
HERB_2dfd757d70ce,Herb,1
HERB_f1cf4761acc4,Herb,22
HERB_99027e31c6f3,Herb,1
HERB_e6540ab78277,Herb,1
HERB_244c5f79882c,Herb,2
HERB_43ea358897ed,Herb,1
HERB_87d8a4fc760e,Herb,1
HERB_a46100813e6b,Herb,1
HERB_b754427e9174,Herb,1
HERB_d958aa181a8f,Herb,1
HERB_4de0e69953d8,Herb,1
HERB_0ba396f3d156,Herb,1
HERB_30ed7e1a5a1c,Herb,1
HERB_4b3364eddb3a,Herb,1
HERB_fff39ce39823,Herb,1
HERB_12ec07c3af3d,Herb,1
HERB_9ca50675fccd,Herb,1
HERB_4f2752b088db,Herb,6
HERB_be4ebe3b805d,Herb,1
HERB_01bf4a6e7b68,Herb,1
HERB_d2cf02c8d1ec,Herb,1
HERB_62cdeb7ef555,Herb,3
HERB_870471a0172d,Herb,1
HERB_a8be7835fa74,Herb,1
HERB_faf236f3c54b,Herb,4
HERB_1d3fad321e8c,Herb,1
HERB_81de7df3c581,Herb,1
HERB_4af6bcaccc9f,Herb,1
HERB_357d12a6a3a2,Herb,1
HERB_30ffe18f7425,Herb,1
HERB_03bd95933df0,Herb,1
HERB_d9081b0323da,Herb,1
HERB_d6db3831e24e,Herb,1
HERB_3b2155a8c008,Herb,1
HERB_871ad354fd6f,Herb,1
HERB_e4198d567597,Herb,4
HERB_eea6d147ad64,Herb,1
HERB_1fba940a6cf5,Herb,2
HERB_e0e57030955b,Herb,1
HERB_cfd13568d84a,Herb,6
HERB_0223c3f2a605,Herb,1
HERB_4d38d7108fc0,Herb,13
HERB_5873e0d34147,Herb,2
HERB_1a9c1a9c7cec,Herb,1
HERB_0c8e1c601548,Herb,1
HERB_70e23d675061,Herb,1
HERB_3f23f5bc65f7,Herb,1
HERB_1b8e983ab9c7,Herb,1
HERB_6dc2c784dd88,Herb,1
HERB_a6c6be660f6d,Herb,1
HERB_2d789c871bdb,Herb,1
HERB_1795458ee6c5,Herb,1
HERB_80baf8a7c95a,Herb,13
HERB_24d65dc8ccf7,Herb,3
HERB_04ef86f1b1ae,Herb,1
HERB_0bf22574a287,Herb,1
HERB_a866a16b0748,Herb,2
HERB_b4ca9e2874b5,Herb,2
HERB_7ff46e889b6f,Herb,2
HERB_c8820fca4ad3,Herb,1
HERB_c314ba6d9a89,Herb,1
HERB_0431915e79ec,Herb,1
HERB_fa4294bbed0a,Herb,1
HERB_fab8b4a6a2b8,Herb,1
HERB_414ce57fdfa3,Herb,1
HERB_c55e4117cb78,Herb,1
HERB_8110d1c1cd54,Herb,1
HERB_9185f33305aa,Herb,6
HERB_fda6eb79b827,Herb,1
HERB_6d65919faf06,Herb,1
HERB_c5a63a68b06b,Herb,2
HERB_e8b863231a95,Herb,1
HERB_3a4f25228b06,Herb,1
HERB_f153841f98b2,Herb,1
HERB_7e0f18a9a5eb,Herb,3
HERB_800fa30dc871,Herb,1
HERB_5d95f92d986e,Herb,1
HERB_3d8433eb4056,Herb,1
HERB_1fed2644e74f,Herb,1
HERB_539e07a5b35a,Herb,1
HERB_c62cd5fda5b0,Herb,9
HERB_41f45988f88a,Herb,1
HERB_d49db1465eda,Herb,1
HERB_9cc9c03e07c0,Herb,1
HERB_96f24f56930f,Herb,1
HERB_0a41f441bac4,Herb,1
HERB_d548a7a196e5,Herb,2
HERB_a7421313f7cf,Herb,1
HERB_0061af50d9b0,Herb,2
HERB_c1e56cea792e,Herb,1
HERB_d64ddc16aeaf,Herb,14
HERB_c1ff25214167,Herb,2
HERB_539995aa6b46,Herb,1
HERB_47e2209591b7,Herb,1
HERB_1cd131d62aa1,Herb,1
HERB_f182ad8ddc63,Herb,1
HERB_e6586b4bb1cb,Herb,1
HERB_581338986dd5,Herb,1
HERB_54c9f8dbbd5c,Herb,3
HERB_d95d59b35daa,Herb,1
HERB_9539f45eb602,Herb,3
HERB_775560cc1c15,Herb,1
HERB_821bda1d8ea8,Herb,1
HERB_aa4558e6e507,Herb,1
HERB_9b108c234687,Herb,1
HERB_96bcb6f41b12,Herb,5
HERB_5dcf139f7859,Herb,1
HERB_d78cce5b877e,Herb,1
HERB_3e5c7922c844,Herb,1
HERB_66bed2ddf7d8,Herb,1
HERB_7b82f91e7dba,Herb,1
HERB_e14b03bab61b,Herb,1
HERB_7f74e54e5fbe,Herb,2
HERB_23c58d6ceb1d,Herb,1
HERB_f69ead9c144f,Herb,1
HERB_4492593ae135,Herb,10
HERB_b0b606ea26ea,Herb,3
HERB_3c84430fddb8,Herb,1
HERB_abf9ea301885,Herb,11
HERB_7067956d6e2e,Herb,1
HERB_59a70ca564b6,Herb,1
HERB_b5de0727c7fa,Herb,1
HERB_73caded88c33,Herb,1
HERB_f30af891fd2a,Herb,1
HERB_726be03c48db,Herb,1
HERB_78c687c5d66d,Herb,4
HERB_6d0ff741d8eb,Herb,1
HERB_de0911b60d0e,Herb,1
HERB_f6908f43c976,Herb,1
HERB_8e98ec13aa1e,Herb,1
HERB_9e7e15c26cd3,Herb,3
HERB_dbf0b7dd5e54,Herb,1
HERB_62df4a9bcebe,Herb,1
HERB_2273e1e7e6a1,Herb,1
HERB_1e966b5340f7,Herb,2
HERB_4bf836f8ecea,Herb,1
HERB_54d15992cecb,Herb,1
HERB_a7b5a3596b99,Herb,1
HERB_3cddb28adde5,Herb,1
HERB_0c5dffaa258c,Herb,1
HERB_ffe2c09e769c,Herb,1
HERB_e248a2d56ac2,Herb,1
HERB_c54f7b523fc2,Herb,1
HERB_a7134c6af6f4,Herb,1
HERB_2c0d2bd1b632,Herb,1
HERB_791976058573,Herb,1
HERB_c62836fed14b,Herb,1
HERB_eea6af391c5d,Herb,3
HERB_7195ba687372,Herb,1
HERB_3ce51b9f8879,Herb,1
HERB_fbcc043f2813,Herb,1
HERB_4e7cc955613b,Herb,6
HERB_a58fa8ca2b69,Herb,1
HERB_6be69d089c97,Herb,1
HERB_949cf7dc3f0d,Herb,1
HERB_ade27129ddd2,Herb,1
HERB_40772bebc72d,Herb,1
HERB_8b5bfe71c500,Herb,1
HERB_22163ca71ff9,Herb,1
HERB_2e6a8ba6186b,Herb,1
HERB_1209acadfa89,Herb,1
HERB_d84ede10a658,Herb,1
HERB_84e4f04921c0,Herb,1
HERB_a5ef66e5afb8,Herb,1
HERB_22894be565b1,Herb,1
HERB_4292625b4686,Herb,1
HERB_4b1aa3388ba0,Herb,3
HERB_ddb290b71fbc,Herb,1
HERB_af19552e5c7f,Herb,1
HERB_ed17b1926c64,Herb,1
HERB_9423455eb541,Herb,1
HERB_d59b10fd49ba,Herb,1
HERB_3c1d902b24e9,Herb,1
HERB_fa6b3e0c7300,Herb,1
HERB_46ec561cef37,Herb,1
HERB_77c88c217e97,Herb,1
HERB_95b2283ddde1,Herb,1
HERB_65b7e187d81a,Herb,10
HERB_9e4324cc2638,Herb,9
HERB_c58cc2073373,Herb,1
HERB_fe07ff97c08e,Herb,1
HERB_e994646f1411,Herb,1
HERB_937761b3cd2f,Herb,1
HERB_9c17699fc801,Herb,1
HERB_81af694a1e03,Herb,1
HERB_06168c22f12d,Herb,1
HERB_b93853e68b5d,Herb,1
HERB_5482f0ced9c7,Herb,1
HERB_3955b5e20022,Herb,1
HERB_0dde9f46f4c1,Herb,1
HERB_5c46b06d9777,Herb,1
HERB_b26676bbe418,Herb,6
HERB_94a703980041,Herb,1
HERB_a6749bd44e20,Herb,1
HERB_04feead30aef,Herb,1
HERB_d1a532b3816e,Herb,1
HERB_12a3bd24412a,Herb,1
HERB_d4cbe072f753,Herb,1
HERB_35caedca590c,Herb,1
HERB_62134ee11f7f,Herb,1
HERB_0ac462e393ee,Herb,1
HERB_a374359c5304,Herb,1
HERB_a41af4cb49d9,Herb,1
HERB_366d1462f3c4,Herb,1
HERB_fa579fc37b55,Herb,1
HERB_bcc645791f0b,Herb,2
HERB_cc801206fb38,Herb,1
HERB_c579a3ec64ea,Herb,1
HERB_6b0a77f0a207,Herb,3
HERB_3e928d17d655,Herb,1
HERB_3059bb5a9468,Herb,1
HERB_dbeab4ff17a3,Herb,1
HERB_66025a71562c,Herb,1
HERB_0e2101b00744,Herb,1
HERB_8b8684e300e5,Herb,1
HERB_2e578303f3c6,Herb,2
HERB_937237d12dd5,Herb,1
HERB_768cbeaa4d24,Herb,1
HERB_3dc046b5b110,Herb,5
HERB_baa694e1473c,Herb,1
HERB_e504ceffe343,Herb,1
HERB_3da8528a241f,Herb,1
HERB_05dde5f7e421,Herb,1
HERB_b375e6325016,Herb,2
HERB_0c07f7fa6775,Herb,1
HERB_c529a880b6e2,Herb,1
HERB_24539b784ed6,Herb,1
HERB_33bf188e0c97,Herb,1
HERB_eff36042c1cb,Herb,1
HERB_657df3dd6175,Herb,1
HERB_f225a7b36e89,Herb,1
HERB_50c173673d78,Herb,1
HERB_13a2d9d8a57a,Herb,1
HERB_b6c6d7a4e0f2,Herb,1
HERB_5ac429743591,Herb,40
HERB_ed613279e7b8,Herb,4
HERB_f8f1b0f40f99,Herb,1
HERB_e59ca301c4f1,Herb,1
HERB_08d88db25b52,Herb,1
HERB_52f7e9e46742,Herb,1
HERB_2a3afab30ff7,Herb,1
HERB_0c49b7cc07e8,Herb,1
HERB_808279565385,Herb,1
HERB_5d982e574132,Herb,1
HERB_f461b5435c6a,Herb,1
HERB_aef91a3c431c,Herb,1
HERB_4b05dc8ac34e,Herb,1
HERB_865702227a70,Herb,1
HERB_b2f4b52a9ed1,Herb,1
HERB_6299f0636568,Herb,1
HERB_69fb11c345e5,Herb,1
HERB_3f2e8a4afab3,Herb,1
HERB_16e613750aff,Herb,1
HERB_66894532bba2,Herb,1
HERB_10756a15e033,Herb,1
HERB_5fd9073bd685,Herb,1
HERB_9c7eeaf7c086,Herb,1
HERB_3c39e5a6b7f3,Herb,1
HERB_3415f09e5988,Herb,1
HERB_e852e0edd949,Herb,1
HERB_98eb8b6298d9,Herb,1
HERB_80d2a5f3e6f6,Herb,1
HERB_7de26d60f77d,Herb,1
HERB_8693f7a0b0ec,Herb,1
HERB_e6ea2e53d48e,Herb,1
HERB_a8641e89a6a5,Herb,2
HERB_f6e1f42043cc,Herb,5
HERB_24f8f2cef41a,Herb,1
HERB_567ebd0d6cbd,Herb,1
HERB_3e53d6a41417,Herb,10
HERB_90668b261ad3,Herb,1
HERB_058ff2b8e58c,Herb,3
HERB_63ade9b7a27d,Herb,1
HERB_67f4e386f8de,Herb,1
HERB_7744103e83b8,Herb,1
HERB_903ddab9e1a8,Herb,3
HERB_0ac2672a38f7,Herb,4
HERB_2b9a56323a74,Herb,1
HERB_6f8e1431e310,Herb,2
HERB_fb63cc467595,Herb,7
HERB_103c2f6bc554,Herb,1
HERB_8a2bcf0b4a7f,Herb,1
HERB_2b7e6712cbe4,Herb,1
HERB_8a9a409d09c0,Herb,1
HERB_b2cf1eac3f6d,Herb,1
HERB_96cd23e3baeb,Herb,1
HERB_8a034b61f053,Herb,1
HERB_417dfd43afaf,Herb,1
HERB_922acc259fff,Herb,23
HERB_fb2b4240663e,Herb,1
HERB_888ccbea1dd9,Herb,1
HERB_4652dd8751a6,Herb,1
HERB_dc1573def766,Herb,1
HERB_e4193b8d2e56,Herb,1
HERB_65880549e4df,Herb,1
HERB_54ca9e6f3827,Herb,1
HERB_699745767e70,Herb,13
HERB_827895190c9e,Herb,6
HERB_4cf11df0c7fc,Herb,1
HERB_979529477c10,Herb,5
HERB_6b3f89ca122a,Herb,2
HERB_e28df08dcd47,Herb,2
HERB_437680ae8e08,Herb,1
HERB_c6acb730d356,Herb,1
HERB_694b315641df,Herb,1
HERB_c15ff1b1e7d0,Herb,1
HERB_a56be5d02887,Herb,1
HERB_97d7cd925403,Herb,1
HERB_fd95d5e61fe1,Herb,2
HERB_34ecb6267851,Herb,1
HERB_7b7f30072301,Herb,1
HERB_5c5363a09582,Herb,10
HERB_7fd1520d72c1,Herb,7
HERB_7488a67456b0,Herb,2
HERB_6fe3fb298535,Herb,1
HERB_9f31c5baa02c,Herb,1
HERB_10ee57bdf6cc,Herb,1
HERB_786dddb58bb0,Herb,1
HERB_7ed83dff3ae1,Herb,1
HERB_a79385fd67f2,Herb,1
HERB_3f2ae4bdda1f,Herb,1
HERB_0546e2f97ba4,Herb,1
HERB_74802e707c54,Herb,1
HERB_375ce5cce5e8,Herb,1
HERB_ea5923b15c2a,Herb,1
HERB_d3fcebb8d0b5,Herb,1
HERB_183fffe12cbb,Herb,16
HERB_adaa2e35b614,Herb,1
HERB_8bb4c4139eb1,Herb,1
HERB_517b3bc94d9f,Herb,1
HERB_1263bddfac4d,Herb,2
HERB_a27a912f7473,Herb,1
HERB_5d16751e1086,Herb,1
HERB_f87abfe04fae,Herb,3
HERB_1ea63910448a,Herb,2
HERB_bf6c9b5c6310,Herb,2
HERB_2b9e4ad2471d,Herb,1
HERB_0dd39f798260,Herb,2
HERB_ba594295c702,Herb,1
HERB_56463d7a30ed,Herb,1
HERB_fb63e0e24c37,Herb,1
HERB_d62b3dd1bc02,Herb,1
HERB_87edd871e0cd,Herb,1
HERB_ac60dbaaa4a4,Herb,1
HERB_ec8e9f9ca03f,Herb,1
HERB_4c95c9037849,Herb,1
HERB_3bab29cf278c,Herb,1
HERB_3a0e12e0074b,Herb,1
HERB_1bd48c691425,Herb,1
HERB_8f7bf7bab43b,Herb,1
HERB_a62dc5c4b64e,Herb,2
HERB_925dcc7f6d7e,Herb,1
HERB_540656e44ae7,Herb,1
HERB_6c95f91a63c2,Herb,10
HERB_f98d3864ccfa,Herb,4
HERB_59b97a3ee83c,Herb,1
HERB_e232e7452529,Herb,1
HERB_5700faf431de,Herb,1
HERB_6a6ab41e729f,Herb,1
HERB_77755fa8c71a,Herb,4
HERB_82905ea137be,Herb,1
HERB_af8242251b22,Herb,1
HERB_7570f3a23308,Herb,1
HERB_0cceb290900f,Herb,1
HERB_05546ff99894,Herb,16
HERB_334d95a918d6,Herb,1
HERB_4cb0b6bc485f,Herb,1
HERB_c8f1705242ed,Herb,2
HERB_85f8e11e0693,Herb,1
HERB_9227bbbef10e,Herb,1
HERB_ad6b60142a78,Herb,4
HERB_9eeccda934fe,Herb,2
HERB_ac9d919a2052,Herb,1
HERB_da30200366c9,Herb,1
HERB_f8613878622a,Herb,1
HERB_227412fc7c0c,Herb,1
HERB_29692d73b39f,Herb,1
HERB_7596867e6d52,Herb,7
HERB_cc0ce8be103b,Herb,2
HERB_d7a8b310007f,Herb,1
HERB_8385fe7fb0b4,Herb,4
HERB_781fbf4583e1,Herb,1
HERB_d1708ce7ad52,Herb,8
HERB_07be5faa4b26,Herb,4
HERB_6165a21124af,Herb,13
HERB_633d8d0d9c44,Herb,1
HERB_69d465d57e5e,Herb,2
HERB_6a9f15f066e7,Herb,1
HERB_b813cdd200a2,Herb,1
HERB_30e19d2f12c2,Herb,1
HERB_55d5a02b2913,Herb,1
HERB_6bac9e00e266,Herb,1
HERB_e218074858bf,Herb,4
HERB_c464549039a9,Herb,2
HERB_24fd798883ca,Herb,2
HERB_1bdc26d01d3c,Herb,1
HERB_14d231815d2f,Herb,1
HERB_8f26d00eac8b,Herb,2
HERB_4b8f41377b36,Herb,2
HERB_dcdbc8947315,Herb,2
HERB_74caa81a3653,Herb,1
HERB_8952d8e81dd8,Herb,1
HERB_a0d1e6cd3a65,Herb,1
HERB_9a6040ba2e16,Herb,1
HERB_bf300534118a,Herb,1
HERB_7cf7cccc641e,Herb,1
HERB_63f53453cd13,Herb,7
HERB_5d1ff0a5dcf1,Herb,1
HERB_9db96852cae4,Herb,1
HERB_ecf7b540f357,Herb,1
HERB_9e743ae9cf89,Herb,1
HERB_50174bb6f7f6,Herb,1
HERB_451ac07f0932,Herb,1
HERB_254345bd6da4,Herb,1
HERB_a528fcbecd53,Herb,12
HERB_45563a211492,Herb,2
HERB_b7abf60574ee,Herb,1
HERB_c5e16718389d,Herb,1
HERB_48ecb67e58b9,Herb,1
HERB_d7dc9ee07545,Herb,15
HERB_92ab5f58469d,Herb,2
HERB_972b0cd6cb1f,Herb,4
HERB_9b84b9ef57bf,Herb,3
HERB_bf756959d656,Herb,1
HERB_72bc6825d4fb,Herb,1
HERB_e3bd7a24c3cd,Herb,1
HERB_fcdc9b4cff9a,Herb,1
HERB_9dd0761f138c,Herb,3
HERB_50e7fcb1b16c,Herb,1
HERB_b1821acd06a2,Herb,1
HERB_4bed76ac01d3,Herb,1
HERB_e65f0bc38ea0,Herb,1
HERB_ece4e61cf385,Herb,1
HERB_2ca2f59e9a66,Herb,1
HERB_db2d558a2a32,Herb,1
HERB_581e3bccd11c,Herb,1
HERB_5192d0f06dba,Herb,1
HERB_d2ee15c03c93,Herb,1
HERB_8803f70908d4,Herb,1
HERB_90d6babca08e,Herb,1
HERB_79cfffcd81db,Herb,1
HERB_71d8ae905083,Herb,1
HERB_b2d26386d063,Herb,1
HERB_281092c84f81,Herb,1
HERB_7307d3f95494,Herb,1
HERB_6185ec6200f4,Herb,2
HERB_b57833021dad,Herb,2
HERB_092ba3e2a01c,Herb,1
HERB_bbdd622bee3d,Herb,1
HERB_e41ffe1d076f,Herb,1
HERB_4c5443695c60,Herb,1
HERB_a94a9929c420,Herb,1
HERB_eb802ba41fd3,Herb,1
HERB_53f34644b1a7,Herb,1
HERB_2d5da9187550,Herb,5
HERB_f849c2846b56,Herb,2
HERB_73e1da29acc8,Herb,1
HERB_97115615ceda,Herb,1
HERB_48fc40194695,Herb,1
HERB_9f4131c03af9,Herb,1
HERB_d83313a9587f,Herb,1
HERB_27ee1f6f1281,Herb,1
HERB_6e15393c74a8,Herb,2
HERB_74153661744d,Herb,1
HERB_e6499caff7f0,Herb,1
HERB_6469be13ba22,Herb,1
HERB_1249a48b93ee,Herb,1
HERB_e556ebc0c9bd,Herb,1
HERB_fc4b5e953a78,Herb,1
HERB_88c83260397b,Herb,1
HERB_238686b7b33d,Herb,1
HERB_ef550f17965b,Herb,1
HERB_48075b871b2f,Herb,1
HERB_129dfb9b1011,Herb,3
HERB_c8a36d26d4c4,Herb,1
HERB_ecf9f24783ba,Herb,1
HERB_1610f6d26685,Herb,2
HERB_bffce29724d6,Herb,3
HERB_0dc63d7032bd,Herb,1
HERB_ed5d02d86c12,Herb,1
HERB_e844e720a7f6,Herb,2
HERB_d4ad6699466b,Herb,1
HERB_7040fad61d78,Herb,1
HERB_ce24102b00be,Herb,1
HERB_78ff6fbf4ea6,Herb,1
HERB_80524105ed28,Herb,1
HERB_1e312941735e,Herb,1
HERB_69291c7bacbc,Herb,1
HERB_ae6471787eac,Herb,1
HERB_36b40706f5f3,Herb,1
HERB_741eb4fec308,Herb,1
HERB_b83d6320e2b8,Herb,1
HERB_3a4b49ca110b,Herb,1
HERB_02f9db233a24,Herb,1
HERB_694829f9c5a6,Herb,1
HERB_b8456d007932,Herb,1
HERB_5b44e0e24723,Herb,1
HERB_2f56566eaeb8,Herb,1
HERB_00abba6a5cb9,Herb,1
HERB_68cff98fcb04,Herb,1
HERB_c6aaceedcf81,Herb,1
HERB_554d560f42bc,Herb,1
HERB_0a9deb493cc8,Herb,1
HERB_0ff6a35a9175,Herb,1
HERB_0246bf5c58a3,Herb,1
HERB_8aba8f5a19f5,Herb,1
HERB_8ee2b8596d36,Herb,1
HERB_04bb024dca18,Herb,1
HERB_81f07d4b1718,Herb,1
HERB_656d1c91348c,Herb,1
HERB_754d3eb88c4f,Herb,1
HERB_4865d431eb75,Herb,1
HERB_bf5064351b40,Herb,1
HERB_7a0cc292c68b,Herb,1
HERB_fd11ee88bfc2,Herb,3
HERB_6da4f12a8330,Herb,1
HERB_d91e2b1e876b,Herb,9
HERB_20628eba4bd5,Herb,1
HERB_f889e90bdd87,Herb,1
HERB_d428e75e5258,Herb,1
HERB_b99b5cbeb26c,Herb,1
HERB_a20a39e92664,Herb,1
HERB_f7d48ed32bb9,Herb,1
HERB_5c7559c56b90,Herb,6
HERB_a2c8b0203d43,Herb,1
HERB_5567db6f39b6,Herb,3
HERB_5a78429b0fbc,Herb,1
HERB_958ae72b405b,Herb,1
HERB_be4da53eebed,Herb,1
HERB_71d19c130dfe,Herb,2
HERB_7554676274eb,Herb,1
HERB_64200ae1fe0b,Herb,1
HERB_d1dc1de9365f,Herb,1
HERB_c9335a657509,Herb,1
HERB_c7b28accedf5,Herb,1
HERB_794c9ddbb4f4,Herb,2
HERB_290432eff7f9,Herb,1
HERB_0265d0d70ec3,Herb,2
HERB_daabc918f20f,Herb,1
HERB_1740110f7c35,Herb,1
HERB_7f4107d87e0f,Herb,1
HERB_c3e2584185f9,Herb,1
HERB_938ef2d21e1c,Herb,1
HERB_e55478050971,Herb,1
HERB_fd68b8e2c3e8,Herb,1
HERB_7b18cb7ae6b0,Herb,1
HERB_45115b8a12bf,Herb,1
HERB_7ad830b9fdd8,Herb,14
HERB_fbce97539500,Herb,2
HERB_b814646fb6cd,Herb,1
HERB_77b9047375b1,Herb,1
HERB_da32b55cd3d1,Herb,1
HERB_01622ad70125,Herb,1
HERB_5e13babe8b49,Herb,1
HERB_abf61c167f8e,Herb,1
HERB_30181313c79e,Herb,5
HERB_45cb0db646cb,Herb,1
HERB_910c20b18ed7,Herb,1
HERB_100157f5925d,Herb,1
HERB_111eea7af951,Herb,1
HERB_5b9fab1d07c2,Herb,1
HERB_c5076e486522,Herb,1
HERB_1c354f8988a8,Herb,1
HERB_b8b442ec7f9c,Herb,1
HERB_9732e9516815,Herb,2
HERB_f2bf5961a3ec,Herb,1
HERB_9afbe4ddc4b2,Herb,1
HERB_f87d400b1dc3,Herb,1
HERB_7111176f2257,Herb,1
HERB_083f761b40af,Herb,1
HERB_b6b58556bb28,Herb,1
HERB_a887714344b4,Herb,1
HERB_720c46ec266b,Herb,1
HERB_8dbe05d0b3e7,Herb,2
HERB_676e575b20fc,Herb,5
HERB_896aebaf3394,Herb,1
HERB_2246d0d28aa1,Herb,1
HERB_dbc89bb58e97,Herb,2
HERB_a683a5f46b35,Herb,5
HERB_0aaf1ae9843d,Herb,1
HERB_c1ff1d61ae64,Herb,1
HERB_3d24032e5474,Herb,1
HERB_ae58d90cd7a2,Herb,1
HERB_241ce6735e7f,Herb,1
HERB_8a3db384b601,Herb,1
HERB_aa688d22a252,Herb,1
HERB_066bf6a14e14,Herb,1
HERB_3b6cccca6e11,Herb,1
HERB_692921aee337,Herb,1
HERB_bca66cdd6ae5,Herb,41
HERB_eb11d3cdb8a5,Herb,2
HERB_1c43cbbe34f7,Herb,1
HERB_51bf6aed9b12,Herb,1
HERB_2a9a0ab47f7d,Herb,6
HERB_107c9e10ff79,Herb,1
HERB_268e15214ac5,Herb,2
HERB_a29a81b89174,Herb,1
HERB_089193529666,Herb,2
HERB_7be9220328e7,Herb,2
HERB_a0e38e095154,Herb,1
HERB_8f6e249e6dc4,Herb,3
HERB_3cf0e228a923,Herb,1
HERB_48fd4d257fbe,Herb,2
HERB_56528bd5052b,Herb,1
HERB_7350e7b3550b,Herb,6
HERB_cb65705d1902,Herb,1
HERB_9b68e051130f,Herb,1
HERB_e0194b864875,Herb,1
HERB_b375cec8e366,Herb,1
HERB_c0555d012e5c,Herb,1
HERB_173d01014f35,Herb,1
HERB_28063cbf06d6,Herb,1
HERB_715fd0e5c19b,Herb,1
HERB_d2f7c764e6a9,Herb,1
HERB_21fbb0e5fcb5,Herb,26
HERB_6d268d4d0253,Herb,2
HERB_2b542e3cc36a,Herb,3
HERB_bf111f132135,Herb,1
HERB_a351ca23a80b,Herb,1
HERB_fa729642a981,Herb,1
HERB_8c49bf3cc06c,Herb,1
HERB_0e644063efa2,Herb,1
HERB_b3ab8bcbbb16,Herb,1
HERB_3a09b75ec4e8,Herb,1
HERB_89378579371c,Herb,1
HERB_54177b426ef0,Herb,1
HERB_63665e1b89ba,Herb,1
HERB_673e5f90377f,Herb,1
HERB_4471026fadb2,Herb,1
HERB_29a071255e60,Herb,1
HERB_65812cbffed0,Herb,1
HERB_a980e44ad12a,Herb,1
HERB_34da5a443dcb,Herb,1
HERB_465d2eeddf4d,Herb,1
HERB_12bf0f79a48e,Herb,1
HERB_c7c90cc86b81,Herb,6
HERB_7887e8248c87,Herb,1
HERB_37cacc35a119,Herb,1
HERB_762c67e6f4ef,Herb,2
HERB_90bb7df5713a,Herb,1
HERB_28eedb3f48d2,Herb,1
HERB_8b7ef0a9a505,Herb,1
HERB_e3aef64d44e4,Herb,1
HERB_94cdf843a7b1,Herb,1
HERB_abc54c61f9d2,Herb,1
HERB_518b65419de4,Herb,1
HERB_e1fc39d1d24c,Herb,2
HERB_1746a688c6aa,Herb,1
HERB_e038755be987,Herb,1
HERB_4711769a6bc5,Herb,1
HERB_33fe6c153aad,Herb,1
HERB_439eb41fd9bd,Herb,3
HERB_2737ca47c518,Herb,1
HERB_8ffdfa801760,Herb,1
HERB_c63f7c79e775,Herb,1
HERB_b1e34a905fa8,Herb,1
HERB_ff1a1957cfb0,Herb,1
HERB_d31d8579a9af,Herb,2
HERB_2d0a8de06688,Herb,1
HERB_bc8a21bb2d68,Herb,1
HERB_ea15f9abe333,Herb,1
HERB_061ad3fe41d8,Herb,1
HERB_13c87ff31c17,Herb,1
HERB_26f6546172c7,Herb,1
HERB_c365776abe07,Herb,1
HERB_4a8c3b2a325a,Herb,1
HERB_0f1de1b5fc2a,Herb,3
HERB_a420609dfade,Herb,1
HERB_b9d0901485c3,Herb,5
HERB_a1d12789f890,Herb,1
HERB_9c98e06a77c6,Herb,2
HERB_215796fe89e7,Herb,1
HERB_93126133c297,Herb,1
HERB_08ecd65f2454,Herb,1
HERB_66ef15ea8441,Herb,9
HERB_0fcb909d0b51,Herb,1
HERB_0aadfeb81656,Herb,1
HERB_0de5d9f02231,Herb,1
HERB_fe6c1c5ccb58,Herb,1
HERB_abc85e3ff86b,Herb,11
HERB_84e8322acd8f,Herb,1
HERB_4af557d2af84,Herb,1
HERB_24d503fff4b0,Herb,1
HERB_44c462e46885,Herb,1
HERB_623ca09e0111,Herb,1
HERB_e70df3c51737,Herb,1
HERB_ff376a6db7ea,Herb,1
HERB_7d6772893d44,Herb,32
HERB_d9c83d67aa94,Herb,1
HERB_62d8cb518517,Herb,6
HERB_1f4fea7cf5b3,Herb,6
HERB_ae501b570e48,Herb,1
HERB_62323c5d90e8,Herb,1
HERB_84cea6189932,Herb,2
HERB_8d4a9aad0867,Herb,1
HERB_27ac19b81361,Herb,1
HERB_f923876c9316,Herb,1
HERB_0dfaff3c7809,Herb,1
HERB_06ece2da590d,Herb,2
HERB_bdf722532cd3,Herb,1
HERB_2fefbc97a02e,Herb,2
HERB_e5105d4d7806,Herb,1
HERB_8126fc728a71,Herb,1
HERB_eb1d1a52f181,Herb,1
HERB_d584bf563006,Herb,1
HERB_6a07d43cc4f7,Herb,1
HERB_b569fc928498,Herb,1
HERB_79c7aad31852,Herb,1
HERB_18ded9ef8a13,Herb,1
HERB_59f1bfe34616,Herb,1
HERB_4fa68df0ab4a,Herb,1
HERB_9fe4f151f45a,Herb,1
HERB_858b6b236a88,Herb,1
HERB_e3d7842b51b8,Herb,1
HERB_ffc49b0317e4,Herb,1
HERB_bbb70b68e6d4,Herb,1
HERB_bac9a28802dd,Herb,1
HERB_7a0008fa4bdc,Herb,8
HERB_a988e933bd58,Herb,6
HERB_c5db18114ce5,Herb,1
HERB_56f5edfa6400,Herb,1
HERB_621c213d52b1,Herb,1
HERB_898717edccd0,Herb,1
HERB_f7ee2ffca223,Herb,1
HERB_ae5b8ae61f1c,Herb,1
HERB_09c2e55a501e,Herb,1
HERB_89cfa257071f,Herb,1
HERB_4795afb713eb,Herb,5
HERB_01445ccdd755,Herb,1
HERB_59929e7bd630,Herb,1
HERB_a9a8bb52d033,Herb,2
HERB_4351ce3a668b,Herb,1
HERB_aca622589ee3,Herb,1
HERB_01186e049e7a,Herb,1
HERB_0e8d6a48b95e,Herb,1
HERB_6152af8be7d5,Herb,1
HERB_736bd8f424ef,Herb,1
HERB_2a2b1faf2128,Herb,16
HERB_06f8571ea16d,Herb,1
HERB_2391d1732523,Herb,1
HERB_4c39e3028191,Herb,1
HERB_c6996523aebc,Herb,1
HERB_d98165ed7295,Herb,12
HERB_e8f86308a7ee,Herb,1
HERB_44a6674e499a,Herb,1
HERB_80338c703ccb,Herb,1
HERB_fe03adb72710,Herb,1
HERB_dd64df993df7,Herb,1
HERB_5b5880ba69ff,Herb,1
HERB_ca5881c80164,Herb,1
HERB_54c03279719a,Herb,1
HERB_3466db1e3214,Herb,2
HERB_d7464acba1de,Herb,1
HERB_75457bf66656,Herb,1
HERB_b27b107cbe2e,Herb,1
HERB_c027763c6364,Herb,1
HERB_321639f3f2c6,Herb,1
HERB_7632ee265ceb,Herb,1
HERB_a3ea3f42f36f,Herb,1
HERB_615d0a543d35,Herb,1
HERB_e4707189556f,Herb,2
HERB_623a378305d5,Herb,2
HERB_253881b605ae,Herb,1
HERB_30e8dac5a06c,Herb,1
HERB_a6e61a79729f,Herb,1
HERB_c04b8996830d,Herb,3
HERB_e9cbde7c9a79,Herb,2
HERB_d626487f51c0,Herb,1
HERB_dc9335c51d12,Herb,1
HERB_996efdc27df1,Herb,1
HERB_67bb1ca23cfd,Herb,1
HERB_131da7f0445a,Herb,1
HERB_84d06f0a675f,Herb,1
HERB_ad4b14dfd9c0,Herb,7
HERB_57b1a18bb783,Herb,2
HERB_53a281a21a9c,Herb,1
HERB_e3fe0c83911d,Herb,1
HERB_8a3bdc7bfabf,Herb,1
HERB_26fb85faf359,Herb,1
HERB_5fd112d98cc9,Herb,1
HERB_d11bc013c1b9,Herb,1
HERB_07e6495a8c3a,Herb,1
HERB_7f3cd03cbaf1,Herb,1
HERB_39fbb39c61b8,Herb,1
HERB_198c815cafba,Herb,1
HERB_912a0fa680f6,Herb,1
HERB_09ee196a5fb6,Herb,1
HERB_9160f6c88745,Herb,1
HERB_308b0b024ada,Herb,1
HERB_bff4ef0c80e4,Herb,1
HERB_f3e3ca68a552,Herb,3
HERB_f22f553c32ca,Herb,1
HERB_178dfb7d8c4e,Herb,3
HERB_e31a264b72e0,Herb,3
HERB_fffd1ac1f8b4,Herb,14
HERB_2883bcb92223,Herb,1
HERB_4d50a8f0132e,Herb,1
HERB_d778114f9267,Herb,1
HERB_69d83e01868c,Herb,1
HERB_fb0744facd59,Herb,1
HERB_27dcffe71dd8,Herb,1
HERB_79227850a895,Herb,1
HERB_436de6d3fefa,Herb,1
HERB_54d880669cb1,Herb,1
HERB_2596daecef44,Herb,1
HERB_0df53e7c4c95,Herb,1
HERB_6c9eefb93afc,Herb,1
HERB_3ca1ca4fdb9f,Herb,1
HERB_395aa4bbd00c,Herb,1
HERB_c57bd87c18b5,Herb,6
HERB_aed92fbe7d59,Herb,1
HERB_ff6258070724,Herb,1
HERB_0dcf7c10979d,Herb,1
HERB_d97270229af9,Herb,2
HERB_4eb7d1c8f042,Herb,1
HERB_05731473367c,Herb,1
HERB_1f21006195cb,Herb,1
HERB_7898868cdef7,Herb,1
HERB_998deb7e7267,Herb,1
HERB_1f67f7f2d42a,Herb,1
HERB_9529feff1232,Herb,1
HERB_45906228a11f,Herb,1
HERB_ac82115162ca,Herb,1
HERB_159a375a7ebd,Herb,1
HERB_9150de2b1260,Herb,1
HERB_d0f6cb044e63,Herb,1
HERB_c5c3a5fe60e7,Herb,1
HERB_678f447100fd,Herb,1
HERB_5c4d0da56b41,Herb,1
HERB_4e2eeaadccde,Herb,1
HERB_997b7da262ef,Herb,1
HERB_9dc070739c7b,Herb,1
HERB_1ffab40baea0,Herb,1
HERB_abf973c78749,Herb,1
HERB_112b36feea8e,Herb,1
HERB_451f4e6ccefa,Herb,1
HERB_6990ff641b86,Herb,1
HERB_ad30a0c4cb64,Herb,1
HERB_b00f536d5279,Herb,1
HERB_6210cf5dd0df,Herb,1
HERB_d41c947a9ab2,Herb,1
HERB_a285e08dad6c,Herb,1
HERB_9245677c22ab,Herb,1
HERB_4eb4aee91867,Herb,1
HERB_764ecd06b18d,Herb,1
HERB_e1f1eefa5f06,Herb,1
HERB_f01a6c86f891,Herb,1
HERB_2b30db1c2111,Herb,1
HERB_693392ef7c4d,Herb,1
HERB_9e4e9e95d7d3,Herb,1
HERB_08139844e1e6,Herb,1
HERB_a7e9afbdb072,Herb,1
HERB_0fc36a337e8c,Herb,1
HERB_13c25ba23118,Herb,1
HERB_ff8ae60f5e9c,Herb,1
HERB_c2fbb8fb57f1,Herb,1
HERB_1531e3a53ed8,Herb,1
HERB_1bf26c82bdea,Herb,1
HERB_917e7eca6770,Herb,1
HERB_dc6fc142475e,Herb,1
HERB_179c43f32985,Herb,1
HERB_5ac96e0b8633,Herb,2
HERB_e32de25d9124,Herb,1
HERB_b4672fd7f32f,Herb,1
HERB_af736c7c2e07,Herb,1
HERB_2f10eac75276,Herb,1
HERB_c7ed9ca1b74c,Herb,2
HERB_f067ec1c8efc,Herb,1
HERB_893525b7175a,Herb,2
HERB_f83b398946f4,Herb,1
HERB_35c98a454894,Herb,1
HERB_1a810b844f99,Herb,1
HERB_084ef2869915,Herb,1
HERB_2caf09154d22,Herb,1
HERB_9503c74f148c,Herb,1
HERB_d6ad03b8f5e8,Herb,1
HERB_2a566765110a,Herb,1
HERB_9553dc87374f,Herb,1
HERB_d5130eb13a7e,Herb,1
HERB_c55c81ad3477,Herb,1
HERB_7752c0d3f03b,Herb,1
HERB_3df983e6ec66,Herb,1
HERB_d176fd3c5190,Herb,1
HERB_dd6b3b4add85,Herb,1
HERB_64795b0c7624,Herb,1
HERB_1cb275e4b87e,Herb,1
HERB_ed542d393348,Herb,1
HERB_a81adfae4f7a,Herb,1
HERB_dc7a03fecb07,Herb,1
HERB_c35c0ea85ebc,Herb,1
HERB_ffea9481df41,Herb,1
HERB_977dc60e1249,Herb,1
HERB_77099f2b16a0,Herb,1
HERB_2e7f458be26f,Herb,1
HERB_aa339003d4f1,Herb,1
HERB_8ff122c2984e,Herb,1
HERB_f95147b86775,Herb,1
HERB_86e478d3e8be,Herb,1
HERB_f06940e3bbee,Herb,1
HERB_ea96261f8e09,Herb,1
HERB_8589ca0b188d,Herb,1
HERB_d6db50655dce,Herb,1
HERB_1cae1f58c930,Herb,1
HERB_92b1f47bf91a,Herb,1
HERB_3fa823237c39,Herb,1
HERB_f0d797799c2e,Herb,1
HERB_ec93ee185db3,Herb,1
HERB_28ba2ecc540b,Herb,1
HERB_fb7aff285602,Herb,1
HERB_bbf07697ea26,Herb,1
HERB_4ede66a5e519,Herb,1
HERB_3f9ea77cc43a,Herb,1
HERB_76d70566cf0c,Herb,1
HERB_649581f7e5ad,Herb,1
HERB_5e7ee42f3f99,Herb,1
HERB_e282c11c2d6d,Herb,5
HERB_c3b7ae8cb4be,Herb,1
HERB_31f12ac75739,Herb,1
HERB_c2fcfaaf45c8,Herb,1
HERB_e00cf909c273,Herb,1
HERB_d94b6ba0acef,Herb,1
HERB_b734ccc457ce,Herb,1
HERB_33cf1507a075,Herb,1
HERB_f75d78736a5a,Herb,1
HERB_b461f9989c15,Herb,1
HERB_e7050077515f,Herb,1
HERB_240dd48fd473,Herb,1
HERB_7735f342e66e,Herb,1
HERB_c73f1b05e3e8,Herb,1
HERB_1219d09a307c,Herb,1
HERB_c4049bde6a81,Herb,1
HERB_1ebc86944991,Herb,1
HERB_b7a51b731e7c,Herb,1
HERB_fc60282fab28,Herb,1
HERB_9b1a78e28e88,Herb,1
HERB_9b7a4fc39a7a,Herb,4
HERB_d9495d9c9ba2,Herb,18
HERB_dfcaf26f4211,Herb,1
HERB_b2e8c4890d75,Herb,12
HERB_5387f6f4cb90,Herb,8
HERB_2d219cf6bb1c,Herb,2
HERB_801446832e37,Herb,1
HERB_a5ddeb6f04c1,Herb,1
HERB_bd993809c8ac,Herb,1
HERB_a8b7f81807b9,Herb,2
HERB_5b40d899cd79,Herb,1
HERB_ec1a701dc2c1,Herb,1
HERB_f4668d82db60,Herb,1
HERB_9c93810cbe13,Herb,1
HERB_d9e9c31b8725,Herb,21
HERB_d5d26b677fc5,Herb,3
HERB_cb3a7bdcb464,Herb,1
HERB_12fd9fe54f93,Herb,1
HERB_711dcb65668c,Herb,1
HERB_112bcb6d145a,Herb,1
HERB_bb7c627c41b1,Herb,1
HERB_64349e5d5f4d,Herb,1
HERB_817418e69e8e,Herb,1
HERB_de9365c2f73f,Herb,1
HERB_b0eb0c095d0f,Herb,2
HERB_b069b110872e,Herb,1
HERB_ec2f0de8b76f,Herb,3
HERB_c63ca1463951,Herb,1
HERB_5642527146c1,Herb,1
HERB_a4541c6cfc1e,Herb,1
HERB_15a72e954863,Herb,1
HERB_c2805e38826a,Herb,1
HERB_dee545686eb4,Herb,1
HERB_e6d968bbcfba,Herb,1
HERB_4ccbc2242db7,Herb,1
HERB_aeca3326af92,Herb,1
HERB_d9775f0f714c,Herb,1
HERB_bfcae3bd6021,Herb,1
HERB_8392f768c4ec,Herb,1
HERB_dcc0fe13f3c1,Herb,1
HERB_49d8291b0de1,Herb,1
HERB_9417f0f10ede,Herb,1
HERB_7763c4e0ff42,Herb,1
HERB_42522a7bfb2b,Herb,3
HERB_5f322ff7005d,Herb,1
HERB_57c9a38fc6a7,Herb,1
HERB_f9dbe83b0bcc,Herb,1
HERB_3dc6f3dee935,Herb,1
HERB_6be497fa00fc,Herb,1
HERB_ec2889400077,Herb,1
HERB_0ebcba242532,Herb,1
HERB_234853e5a633,Herb,2
HERB_05cfc41014e9,Herb,2
HERB_5c568302cce3,Herb,1
HERB_2c2e70cde4af,Herb,1
HERB_ac639a851670,Herb,1
HERB_9060199ef681,Herb,1
HERB_c5db88c4a0f3,Herb,1
HERB_06476997b198,Herb,1
HERB_40f21da2e807,Herb,1
HERB_dce8e8fac62f,Herb,2
HERB_67a7b9b10779,Herb,1
HERB_e51b58aa14e7,Herb,1
HERB_6c59e0d87de2,Herb,1
HERB_480c89a7ab08,Herb,1
HERB_1d7f962e3433,Herb,3
HERB_4cd46ffcb84c,Herb,1
HERB_90b9c9bd00ad,Herb,1
HERB_f437d51bd614,Herb,1
HERB_a5a0058958ed,Herb,1
HERB_7b5004901a34,Herb,1
HERB_9134ffb312bb,Herb,1
HERB_561c6660ff38,Herb,6
HERB_4900cfdec2af,Herb,1
HERB_873f1a203f88,Herb,1
HERB_6ae24bad8c68,Herb,1
HERB_017074b2ee7a,Herb,1
HERB_cb703cbf5ee1,Herb,1
HERB_8a2dea123ac3,Herb,1
HERB_a137f573c1ee,Herb,4
HERB_c98f683add51,Herb,1
HERB_24fc6c2c5cdd,Herb,1
HERB_040368ae82d1,Herb,1
HERB_958b3845aeda,Herb,6
HERB_52a7c8909a1d,Herb,11
HERB_a977f521eedb,Herb,1
HERB_f0a8911c047b,Herb,1
HERB_d2148966e4ef,Herb,1
HERB_10c3067a0491,Herb,1
HERB_0b0d4cb47f28,Herb,1
HERB_be834c152999,Herb,1
HERB_da48afc5716d,Herb,1
HERB_35575731ecda,Herb,11
HERB_0f757e190670,Herb,1
HERB_7e2e932d24f2,Herb,1
HERB_290c83576317,Herb,2
HERB_ab771b7dd9fd,Herb,1
HERB_3e3c5006f43f,Herb,1
HERB_2dbfc4db0ef5,Herb,1
HERB_7fa546e7e9dc,Herb,1
HERB_ee52e82c85ff,Herb,1
HERB_45f13960f51a,Herb,1
HERB_b7670e873e9d,Herb,1
HERB_90fa808e673d,Herb,2
HERB_96a267a5cff3,Herb,1
HERB_8ae3ecf335ec,Herb,1
HERB_971029dab061,Herb,1
HERB_04ba0bb256a0,Herb,1
HERB_37e12dfecff8,Herb,1
HERB_1582ab96bebc,Herb,12
HERB_54842cfc037f,Herb,1
HERB_6f1aeba80aa1,Herb,2
HERB_7a694221caf9,Herb,2
HERB_820091226f66,Herb,1
HERB_e0f480ceed40,Herb,8
HERB_e7a02c47bb1d,Herb,1
HERB_78ae87fec364,Herb,2
HERB_ccef2a0208fd,Herb,1
HERB_741f1805b0a1,Herb,1
HERB_a3bb344ec216,Herb,1
HERB_46db93438b76,Herb,1
HERB_46e6f07e6700,Herb,11
HERB_0b03ffc6e140,Herb,1
HERB_e778fca4bb91,Herb,7
HERB_9a769a071f0f,Herb,7
HERB_ca51daec9ee4,Herb,1
HERB_33035a4e44e0,Herb,1
HERB_03b2b441ed11,Herb,1
HERB_e2321b2e25ec,Herb,1
HERB_8d032ae2ff10,Herb,2
HERB_1b8a75e39950,Herb,1
HERB_9e69134468a5,Herb,1
HERB_7beac6c9024c,Herb,1
HERB_2cfbcdc2e8c1,Herb,1
HERB_ac3bcc2b83cd,Herb,1
HERB_c3ae9d6a3468,Herb,1
HERB_3fb091ad1203,Herb,1
HERB_f6bd6903a08b,Herb,1
HERB_a0765be45383,Herb,1
HERB_bbc145413430,Herb,1
HERB_c416179977b7,Herb,15
HERB_fcfa93442792,Herb,1
HERB_e2d4612e766c,Herb,4
HERB_2bcb4af9d632,Herb,1
HERB_51bc19015bdd,Herb,13
HERB_481c62b46e23,Herb,2
HERB_b4c7ad2739c4,Herb,1
HERB_ee0598bf1f93,Herb,1
HERB_caac23ef9da4,Herb,1
HERB_0a75ec48c3a9,Herb,2
HERB_7dde6b879441,Herb,3
HERB_03dba7528244,Herb,1
HERB_648d9eb26bbc,Herb,1
HERB_19bac09724c3,Herb,4
HERB_d30954e2ceaa,Herb,1
HERB_0cae08648fb9,Herb,1
HERB_488f2b5fa441,Herb,1
HERB_fb611ca7ad59,Herb,1
HERB_1a19f00c5613,Herb,1
HERB_e502f7f11c07,Herb,1
HERB_619837a42117,Herb,1
HERB_24cb60b98de7,Herb,1
HERB_ef8b2f49a355,Herb,1
HERB_9214552b6688,Herb,1
HERB_e22dba10c2f6,Herb,1
HERB_73bdd7ea69b1,Herb,1
HERB_52876c4f0d79,Herb,1
HERB_f4eb4fe8eee3,Herb,2
HERB_8b2636e9768e,Herb,1
HERB_c2263ccdca81,Herb,1
HERB_b53dafbe7eae,Herb,1
HERB_56a03d384114,Herb,1
HERB_999ec67ca16c,Herb,1
HERB_dbafd463bd73,Herb,1
HERB_0aa333b07f8d,Herb,1
HERB_c2253a4a0133,Herb,1
HERB_c026a8241b21,Herb,1
HERB_4faaa5a9ddb4,Herb,1
HERB_41503b7dc7fb,Herb,1
HERB_f4d8818f470c,Herb,1
HERB_c776bb7ee53d,Herb,1
HERB_9601ceca7d31,Herb,2
HERB_10f4194d2a08,Herb,1
HERB_69cce15d726e,Herb,2
HERB_733c82d2d219,Herb,13
HERB_bbdeb55c8870,Herb,1
HERB_925757363bd1,Herb,1
HERB_76a1a0a95f10,Herb,1
HERB_4c716f50a778,Herb,2
HERB_4ca3b9766162,Herb,1
HERB_5a663bf7e956,Herb,1
HERB_cb58c779d356,Herb,1
HERB_589a366e0657,Herb,10
HERB_53364e514aa4,Herb,2
HERB_de9e06ee0538,Herb,1
HERB_bce5114780d6,Herb,1
HERB_5c73ee8da956,Herb,1
HERB_daff38eda40d,Herb,6
HERB_ae057df884b8,Herb,3
HERB_5bcc0fe1e26d,Herb,1
HERB_95939e593981,Herb,1
HERB_bcd99f2275c7,Herb,1
HERB_5ed8a7965c46,Herb,2
HERB_d26e997198e4,Herb,1
HERB_97b5a9b5245a,Herb,1
HERB_5fcfcffdc21f,Herb,1
HERB_72d2495e0b70,Herb,1
HERB_343ec48f84eb,Herb,1
HERB_0f9f1c0d0f92,Herb,1
HERB_2e817146e6c4,Herb,1
HERB_380ff153c633,Herb,9
HERB_87d71b8ef786,Herb,1
HERB_24834b5c8fdf,Herb,3
HERB_cc9d12c7e532,Herb,1
HERB_c3d60f562a9b,Herb,1
HERB_2de40ab1424e,Herb,14
HERB_2961e0bba1f5,Herb,2
HERB_894274e3bd85,Herb,1
HERB_099f41f5fc70,Herb,1
HERB_6080c65f7793,Herb,1
HERB_6bf36e3d7f75,Herb,1
HERB_fb2d925596ea,Herb,9
HERB_ddf2be845ad0,Herb,8
HERB_323111bc7aec,Herb,1
HERB_212a4b42cf11,Herb,14
HERB_23f1446fd66b,Herb,1
HERB_506bf9e2787a,Herb,1
HERB_bc8be73ddb39,Herb,6
HERB_b86daca0c41f,Herb,1
HERB_18dffe6975b0,Herb,1
HERB_11c59f62e8f9,Herb,1
HERB_ed63fb8f3c7f,Herb,1
HERB_77c789d8d799,Herb,1
HERB_33b098d6abc7,Herb,1
HERB_297bc7d1ce00,Herb,1
HERB_194e85e5755e,Herb,1
HERB_768d99a402a6,Herb,1
HERB_c0d30637ab47,Herb,1
HERB_5e8ca5618a3d,Herb,1
HERB_b9d26c49427a,Herb,1
HERB_fa9b3c464f44,Herb,1
HERB_20622e59b6f5,Herb,2
HERB_6fd8d4f3fecf,Herb,1
HERB_faab996f2602,Herb,2
HERB_6b369fb99c76,Herb,1
HERB_177c1c949067,Herb,1
HERB_036cbc628d42,Herb,1
HERB_c70555a317e5,Herb,1
HERB_abc5981a466a,Herb,1
HERB_c8f66bdcb152,Herb,1
HERB_a1fcaff51722,Herb,1
HERB_12eb5b32d0f8,Herb,1
HERB_faaa4de511f4,Herb,6
HERB_8e3f4d04ea1b,Herb,1
HERB_dbd8cf706f38,Herb,3
HERB_258d664ed490,Herb,7
HERB_955df5f3c818,Herb,12
HERB_fe49be277b62,Herb,1
HERB_afbc5b56204d,Herb,1
HERB_eeb0ca4f5a8f,Herb,1
HERB_a906984687ea,Herb,1
HERB_398c204db624,Herb,1
HERB_effa0591c2b1,Herb,1
HERB_1cb192de21fc,Herb,1
HERB_6f76a7a3f0f0,Herb,6
HERB_c6059e5bf193,Herb,1
HERB_6508d1eb4904,Herb,1
HERB_02b0681e7c95,Herb,1
HERB_6ef24f499aca,Herb,1
HERB_94eaa46ae9fb,Herb,1
HERB_a27874f042b9,Herb,1
HERB_65b4b000a937,Herb,1
HERB_8893eca494f8,Herb,17
HERB_fb9244c10b31,Herb,4
HERB_51f0622c937c,Herb,3
HERB_eff839478f79,Herb,5
HERB_f36c7f87859e,Herb,1
HERB_6c6025d6a290,Herb,2
HERB_d2dec636ebe8,Herb,1
HERB_64370f1a45b3,Herb,3
HERB_29e953a4d042,Herb,1
HERB_33b0e6587098,Herb,1
HERB_98734b9a27be,Herb,1
HERB_edba32d751f2,Herb,1
HERB_ce7f8b5fe839,Herb,1
HERB_ed9e146bbf08,Herb,1
HERB_427ae5b022c2,Herb,10
HERB_a5ac5fcb7665,Herb,1
HERB_46c3e62ed326,Herb,1
HERB_21c82896c365,Herb,1
HERB_1be8e92130c5,Herb,3
HERB_c2b1094f8081,Herb,1
HERB_65244184377e,Herb,1
HERB_422f2de450fb,Herb,1
HERB_ed968190942b,Herb,4
HERB_e2bf45e281d2,Herb,1
HERB_a8bd678629ed,Herb,1
HERB_4a94efd60c96,Herb,1
HERB_d79544c9bf4a,Herb,1
HERB_734afdb388de,Herb,1
HERB_f5c9b76b032b,Herb,1
HERB_db3ff1ad9c4b,Herb,1
HERB_5997cf3d1f11,Herb,2
HERB_6214ac8a8d07,Herb,10
HERB_e77ca493345d,Herb,1
HERB_8baadda12189,Herb,2
HERB_f2531a648f01,Herb,1
HERB_b88686c0c416,Herb,1
HERB_b3ac2a59abef,Herb,1
HERB_47837c26ed6b,Herb,1
HERB_959d3dbb5b2b,Herb,1
HERB_993e38eab68a,Herb,1
HERB_60bc248686d6,Herb,1
HERB_5a56d9e95005,Herb,12
HERB_f69eecaadb71,Herb,1
HERB_bb8d9ebfbdc6,Herb,1
HERB_ddd315a26ac0,Herb,1
HERB_45e43f1a7e46,Herb,1
HERB_a3e7bbb07da0,Herb,1
HERB_a5b2a76e371d,Herb,1
HERB_652fd7ed03d6,Herb,2
HERB_584c659d8897,Herb,1
HERB_27fa27e3d32c,Herb,2
HERB_e1b4416664eb,Herb,1
HERB_620dd6700f7c,Herb,1
HERB_5ddbbc35379d,Herb,1
HERB_9918649a58f4,Herb,1
HERB_85ab12dfbd54,Herb,2
HERB_4a7b3f2ff4a8,Herb,1
HERB_8d45852bf837,Herb,1
HERB_97777a3386db,Herb,5
HERB_5f6d979df05f,Herb,1
HERB_7b47b8bbdc0a,Herb,1
HERB_11291a81a598,Herb,1
HERB_e7463a2126fc,Herb,1
HERB_74d659777756,Herb,12
HERB_37eff04f198c,Herb,1
HERB_928962f00ad2,Herb,1
HERB_b209b67e01cc,Herb,1
HERB_6e76d4946021,Herb,1
HERB_1e390d3f75e0,Herb,4
HERB_f4d3509007e6,Herb,1
HERB_e04784f1205d,Herb,1
HERB_1400342acd6e,Herb,1
HERB_d4f7d315601d,Herb,1
HERB_f64004aa1340,Herb,1
HERB_1dc2607b5193,Herb,1
HERB_58462a5ab530,Herb,1
HERB_17605677a863,Herb,1
HERB_bb73f564cb47,Herb,1
HERB_2b7f62ee033b,Herb,1
HERB_2b9e1bfa6749,Herb,1
HERB_ba8fac95e4fe,Herb,1
HERB_67134a8c9b60,Herb,1
HERB_815af16538e4,Herb,1
HERB_a5d1b20f053f,Herb,3
HERB_ba20cf1de7b4,Herb,8
HERB_f71168ffea86,Herb,1
HERB_5527c9d24096,Herb,11
HERB_071aa5ead1e4,Herb,5
HERB_ffc75217e492,Herb,1
HERB_3a4fcf0e8b7c,Herb,1
HERB_60c08add77e7,Herb,1
HERB_293f3b7a85f2,Herb,11
HERB_593334d4bbee,Herb,1
HERB_99f1b3b2ba3c,Herb,5
HERB_3f64578b5dc9,Herb,1
HERB_dd6ee39ca896,Herb,1
HERB_33e3da2aefe7,Herb,2
HERB_a52f6b3a29b7,Herb,1
HERB_02fdbd0af656,Herb,1
HERB_820a352cb323,Herb,1
HERB_0dfc8e4658bc,Herb,1
HERB_85d5b7a498b5,Herb,1
HERB_64323f797d11,Herb,1
HERB_e9f739a7b253,Herb,1
HERB_a920eb000686,Herb,1
HERB_53239e3ae4cb,Herb,1
HERB_5c3bd5433783,Herb,1
HERB_05ffac2d47d1,Herb,1
HERB_40a83574e701,Herb,1
HERB_965a5e3b09a3,Herb,1
HERB_faa400720126,Herb,1
HERB_08af8e379727,Herb,2
HERB_711136fe86c2,Herb,1
HERB_cdaaaccb3616,Herb,1
HERB_8f2996f601d8,Herb,11
HERB_82eebaea1a8a,Herb,1
HERB_1fefbc2f205d,Herb,1
HERB_9c79cb723a66,Herb,1
HERB_76d59f943316,Herb,1
HERB_3378cc716b69,Herb,2
HERB_047ef3bbabab,Herb,1
HERB_89b54f0ab253,Herb,1
HERB_10b3f56cac52,Herb,1
HERB_2fac7e7a0447,Herb,1
HERB_139792171100,Herb,1
HERB_8bb8cc12e731,Herb,1
HERB_dbe02f427b4e,Herb,1
HERB_51604442f1e1,Herb,1
HERB_a4c0137952e5,Herb,1
HERB_f3018fed02c4,Herb,11
HERB_1f556f15b85c,Herb,1
HERB_f7f43751b6f1,Herb,1
HERB_6fdde1af06de,Herb,1
HERB_e8f87fc1a719,Herb,1
HERB_fe4385bdfd2f,Herb,1
HERB_13bb160e99ea,Herb,1
HERB_25b14cc84ba7,Herb,1
HERB_9f5eff60e17c,Herb,1
HERB_45ebef342b4b,Herb,1
HERB_7d4f202fb8a8,Herb,1
HERB_dc8d7bcad36d,Herb,1
HERB_fbdc638a34df,Herb,11
HERB_b51c828be279,Herb,19
HERB_855f6329ab9e,Herb,1
HERB_a0c15407acbe,Herb,1
HERB_e5fb2a848da1,Herb,1
HERB_2f65e4c6484f,Herb,1
HERB_c3007dc11729,Herb,1
HERB_794732d01bbd,Herb,1
HERB_7b841fbe92a9,Herb,11
HERB_44a8102814c6,Herb,1
HERB_97f2eb166968,Herb,1
HERB_0594515fd52b,Herb,4
HERB_63678e74c306,Herb,1
HERB_e9350c5810c8,Herb,1
HERB_17ca5011992f,Herb,1
HERB_eceeead71b54,Herb,3
HERB_93ba636f84fa,Herb,1
HERB_e829ba5651a4,Herb,1
HERB_81e51f9d3110,Herb,2
HERB_2fb5855e8db8,Herb,6
HERB_4ccc415dd2ae,Herb,2
HERB_1c217c3a5a03,Herb,1
HERB_de4cf624820a,Herb,1
HERB_724288982ad4,Herb,3
HERB_09e1a9b12de5,Herb,1
HERB_07c8620536f2,Herb,1
HERB_7e00aded68b1,Herb,2
HERB_1ce5d257b03b,Herb,1
HERB_5ce0c778a727,Herb,1
HERB_c1ca05d3e89d,Herb,1
HERB_364d97a99aac,Herb,1
HERB_dbcda129718d,Herb,1
HERB_0b7a7fcb3c40,Herb,1
HERB_b4306ad6a3b8,Herb,1
HERB_31371109af79,Herb,1
HERB_8a7df3bbf525,Herb,1
HERB_547d4ae178a0,Herb,1
HERB_cc524ea11115,Herb,1
HERB_fa321df93cca,Herb,1
HERB_4b228d85584c,Herb,1
HERB_ceb5fdbfa0b1,Herb,1
HERB_e1cde8d83363,Herb,1
HERB_fcbb60e9b4ab,Herb,1
HERB_ef1bd1b3b9cf,Herb,1
HERB_3de75e4fa0cd,Herb,1
HERB_8b6ca9cf8e59,Herb,1
HERB_e3955e3f5a16,Herb,1
HERB_77f203af02ec,Herb,1
HERB_f1927c03bab5,Herb,1
HERB_7c8409bd6d4e,Herb,1
HERB_965f85d55d7f,Herb,1
HERB_310a30eb9e30,Herb,1
HERB_9c0d7eb21cf8,Herb,1
HERB_81c2552e1d08,Herb,1
HERB_16394f3001cf,Herb,1
HERB_147eeeb82a76,Herb,1
HERB_49e82f5f6755,Herb,1
HERB_7175ab71f584,Herb,1
HERB_1274d30b7dd0,Herb,1
HERB_c966d32f1251,Herb,5
HERB_f45a142015c2,Herb,1
HERB_289bb7bbac59,Herb,18
HERB_71906587a5e9,Herb,1
HERB_6d86c60940ca,Herb,1
HERB_e8392927c685,Herb,1
HERB_378e5edbe76b,Herb,2
HERB_2d42d8e8cc51,Herb,4
HERB_f7f32802fbc1,Herb,1
HERB_31844162aa1b,Herb,1
HERB_5ab142037825,Herb,1
HERB_7b0e1484369c,Herb,1
HERB_a546b224c631,Herb,1
HERB_96517bb7d359,Herb,1
HERB_c57411a5ed81,Herb,1
HERB_830298839b54,Herb,1
HERB_506e952c146a,Herb,1
HERB_30effc91e4ab,Herb,1
HERB_8cb4d0db5155,Herb,10
HERB_eefc63ca0310,Herb,11
HERB_c010194eb8a0,Herb,3
HERB_f383e09ff23f,Herb,1
HERB_80a3461382b2,Herb,1
HERB_03edcb518965,Herb,1
HERB_54e4aae650f0,Herb,1
HERB_7e7d645ce025,Herb,1
HERB_1b2922140566,Herb,1
HERB_ba0fc4f959d2,Herb,1
HERB_e227398d489e,Herb,1
HERB_dde4bde5ffa7,Herb,2
HERB_f3469e62f660,Herb,1
HERB_c97cca3de5e2,Herb,1
HERB_de9f286be33d,Herb,1
HERB_f233b8f1edc9,Herb,1
HERB_ea6e40eea4b4,Herb,1
HERB_aa9ba2a46140,Herb,8
HERB_e13d35339259,Herb,1
HERB_cb965694ea15,Herb,1
HERB_b7d3477eeac8,Herb,3
HERB_c98c6a56af5c,Herb,2
HERB_43206d90b57e,Herb,1
HERB_0b6ffc932ec4,Herb,1
HERB_8eb1ee98c86f,Herb,1
HERB_1e0afc8a6e6b,Herb,1
HERB_563396b17c94,Herb,1
HERB_c26cb5f4acd5,Herb,9
HERB_3b7e3b925d3b,Herb,1
HERB_de7f1f40fda7,Herb,1
HERB_ea322f2a4441,Herb,1
HERB_02669dd20f08,Herb,1
HERB_a8e5191186ca,Herb,1
HERB_5821f907763a,Herb,1
HERB_1cb1690f4a15,Herb,1
HERB_d31317631985,Herb,6
HERB_a506140f5fed,Herb,1
HERB_92695dfb801b,Herb,1
HERB_ea16865b389f,Herb,1
HERB_621a08537794,Herb,1
HERB_d47c6fcbb0d2,Herb,1
HERB_fe9b9f9fbc06,Herb,15
HERB_d4acee9fd56b,Herb,1
HERB_e73febb12fb6,Herb,1
HERB_254fa1cb73cf,Herb,1
HERB_beadeda5d248,Herb,1
HERB_d6c399dc2f4f,Herb,1
HERB_5d7cc72343d7,Herb,1
HERB_d5e39ce9a269,Herb,1
HERB_881541d6681f,Herb,1
HERB_76bc93e77609,Herb,1
HERB_7a11d8cb1a64,Herb,1
HERB_bef1e0ccaf98,Herb,2
HERB_cde8fedbfeac,Herb,1
HERB_ea7dc98bb0b6,Herb,1
HERB_8c2701d67c81,Herb,1
HERB_b0ce98027412,Herb,15
HERB_71e191150e32,Herb,1
HERB_121e5644fe45,Herb,1
HERB_c022595569a4,Herb,1
HERB_bf7f6fdc596e,Herb,1
HERB_79f24bc67ca1,Herb,1
HERB_32445126373f,Herb,1
HERB_c4c667ffe104,Herb,1
HERB_75d941cabf1b,Herb,1
HERB_bdcf87c0ce34,Herb,5
HERB_f42669eeb078,Herb,1
HERB_541a4ce97ef1,Herb,1
HERB_e377e6b906f4,Herb,1
HERB_79ac0d27d519,Herb,1
HERB_10689cd5e2d0,Herb,8
HERB_e1351e290e8e,Herb,2
HERB_d700f12bf3b5,Herb,1
HERB_e33482fcdcc8,Herb,1
HERB_684bf0201fb7,Herb,21
HERB_509d1181b472,Herb,2
HERB_06b2bed85b60,Herb,9
HERB_e4631bca97c8,Herb,3
HERB_53b95fd7284d,Herb,2
HERB_b224789ad0bd,Herb,1
HERB_79ee83f4d554,Herb,1
HERB_208350329f13,Herb,1
HERB_e42aa415ea33,Herb,1
HERB_62b5bab87ea5,Herb,1
HERB_4ef06be903b7,Herb,4
HERB_4e704790510e,Herb,1
HERB_a3a6d51d5486,Herb,1
HERB_1b2cbe1c192a,Herb,1
HERB_388e949b86a1,Herb,1
HERB_53a586d7fdcd,Herb,1
HERB_4f8e5c4bede7,Herb,2
HERB_77a00a2ed65d,Herb,1
HERB_e921ad794793,Herb,3
HERB_db0f12fa955a,Herb,1
HERB_19eaa1441827,Herb,1
HERB_c25c2981d589,Herb,1
HERB_5a24bd6e7b1b,Herb,7
HERB_fffc2a8f90a0,Herb,3
HERB_77a61816689a,Herb,1
HERB_bbc0c909b215,Herb,1
HERB_fd3e5d1447e0,Herb,1
HERB_d7d995958d84,Herb,1
HERB_20c0d51bcd4a,Herb,1
HERB_6fff235f7688,Herb,2
HERB_ac5112775e08,Herb,1
HERB_61cfe9b2b881,Herb,1
HERB_793f562af1fb,Herb,2
HERB_bfac9df4d766,Herb,1
HERB_05c300101fd8,Herb,4
HERB_6b4217fed10c,Herb,1
HERB_9581837200f3,Herb,1
HERB_6ed5c0d95a93,Herb,1
HERB_42a68b92e671,Herb,17
HERB_b968f99238d4,Herb,1
HERB_21f13329ff81,Herb,1
HERB_e9faf4e3180c,Herb,1
HERB_44c09d3bdf00,Herb,1
HERB_cca28cc430ad,Herb,5
HERB_8c4a61b5f4dd,Herb,1
HERB_7aacd3404e15,Herb,1
HERB_bb9937e47518,Herb,1
HERB_661447efd413,Herb,1
HERB_7fccd1b6ea15,Herb,1
HERB_8526a219e9a5,Herb,1
HERB_8f1973109afd,Herb,1
HERB_bcf74faf2eb9,Herb,1
HERB_9d42386b8f1d,Herb,1
HERB_52a945a7aca0,Herb,1
HERB_6eb2bc2ba817,Herb,1
HERB_44a4fd5ddbc7,Herb,1
HERB_30f53c8f5e9c,Herb,1
HERB_d15622e41549,Herb,7
HERB_ff9811882c0d,Herb,1
HERB_c294074f43c7,Herb,1
HERB_327e259eede9,Herb,1
HERB_e7cbe44cafed,Herb,1
HERB_e48e6a7e082a,Herb,6
HERB_8c96e7e80ede,Herb,1
HERB_66267f44c12e,Herb,1
HERB_999ab74b4b26,Herb,1
HERB_c18584b7beb5,Herb,1
HERB_32fac91421d9,Herb,3
HERB_a3210b888fd8,Herb,50
HERB_2dfa27c9ec72,Herb,1
HERB_0197ad9a4586,Herb,2
HERB_405f37a6712b,Herb,1
HERB_20d4c2ce9f7a,Herb,4
HERB_79176181ba4f,Herb,2
HERB_6ad47898577c,Herb,1
HERB_7d59f2a9c80d,Herb,1
HERB_136d0c07a479,Herb,4
HERB_b453db13298d,Herb,1
HERB_99e2bd723338,Herb,1
HERB_bd3d24a6beb2,Herb,1
HERB_08646473fcae,Herb,1
HERB_8fe515c4eb74,Herb,1
HERB_ef24a06b5ffb,Herb,1
HERB_b2dc409edbef,Herb,1
HERB_953575f306da,Herb,1
HERB_ecc56c52e5c6,Herb,1
HERB_5101a4caa387,Herb,1
HERB_f76ccee74849,Herb,1
HERB_cdffb5c76bd9,Herb,1
HERB_1ca5e72a7459,Herb,6
HERB_115571ece970,Herb,1
HERB_48ac2a846526,Herb,2
HERB_ba739881ace8,Herb,1
HERB_283ad764cfb0,Herb,1
HERB_d2b15863e9c0,Herb,1
HERB_797e789d4663,Herb,1
HERB_8f3abeb71e7f,Herb,1
HERB_01728d2f50b3,Herb,3
HERB_3b98e3b9fdcf,Herb,1
HERB_1c45027e27d8,Herb,1
HERB_5b7a016c7426,Herb,1
HERB_73849dbfaf0d,Herb,1
HERB_f1b8801816c9,Herb,1
HERB_6a70d7374fed,Herb,1
HERB_0170ec2eefbf,Herb,1
HERB_89cd337c848b,Herb,1
HERB_f12aa2f3b80f,Herb,1
HERB_45833d114e36,Herb,1
HERB_ee2846aaa17f,Herb,1
HERB_66692df80dfc,Herb,1
HERB_6f42bdbbc010,Herb,1
HERB_ffa6f703cfe9,Herb,1
HERB_bd93f4fd2a62,Herb,1
HERB_f989e338650f,Herb,1
HERB_c05d2732f2c4,Herb,1
HERB_f3ada532f5ba,Herb,1
HERB_a2b03aba24ec,Herb,1
HERB_74680c34aee1,Herb,1
HERB_329aeeb7ff15,Herb,1
HERB_d753ac2b1b5e,Herb,1
HERB_67553a6fab15,Herb,2
HERB_798979531665,Herb,1
HERB_62e39e8f5467,Herb,1
HERB_0463a8cbe3e8,Herb,1
HERB_e6440d32a52d,Herb,1
HERB_6b10a262e34a,Herb,1
HERB_938e914302cc,Herb,1
HERB_3992041c9516,Herb,1
HERB_856d5dca64a7,Herb,3
HERB_b41f94d60947,Herb,1
HERB_0107286d8c3f,Herb,1
HERB_126a82380839,Herb,1
HERB_9f320acd903a,Herb,1
HERB_2a6b8823b824,Herb,1
HERB_9edb2c62fce4,Herb,1
HERB_4bd7dbbffd1e,Herb,1
HERB_3f140994fae5,Herb,1
HERB_68ff2ec86b06,Herb,1
HERB_5f0f426e7235,Herb,1
HERB_6aa320225b9d,Herb,1
HERB_1fb1bc8cc8c7,Herb,1
HERB_7323fc1f53a2,Herb,1
HERB_9ceeb781fa59,Herb,1
HERB_83dcca2c1674,Herb,1
HERB_684b0b1b25d3,Herb,1
HERB_bea9245c86ce,Herb,1
HERB_091c35bade0d,Herb,1
HERB_48f7a61a6761,Herb,1
HERB_fbb87a963fa2,Herb,1
HERB_596acc4a482c,Herb,1
HERB_6785de4c9788,Herb,2
HERB_2c6eb71e04ba,Herb,1
HERB_b06fdec7b606,Herb,1
HERB_e912a87a6002,Herb,1
HERB_d4b5e0e84b8a,Herb,1
HERB_a02842dd8470,Herb,1
HERB_a6e37df52c87,Herb,1
HERB_9653c0bf50b7,Herb,8
HERB_c273c479d010,Herb,1
HERB_05aa088fe1d9,Herb,1
HERB_e0a4be55da3e,Herb,1
HERB_91827d9e72a8,Herb,1
HERB_0e3cffd64689,Herb,1
HERB_f91a1d9ff6ad,Herb,1
HERB_3994632d9226,Herb,1
HERB_26a6b91317bb,Herb,6
HERB_66e39e3f489b,Herb,1
HERB_4bc42e3d72f5,Herb,1
HERB_52cee6024e9c,Herb,1
HERB_b46dceb7b6c4,Herb,3
HERB_22b6bf834d49,Herb,1
HERB_06055d8c7416,Herb,1
HERB_40803fa21427,Herb,1
HERB_68ac4053b9b1,Herb,1
HERB_ba6807a873b2,Herb,1
HERB_e73b41bb5919,Herb,1
HERB_7eb7e2a4ce1b,Herb,1
HERB_c496e3b7ab4f,Herb,1
HERB_0566b0bf28e1,Herb,2
HERB_f73859ba4c6c,Herb,1
HERB_bb2dba39851c,Herb,2
HERB_788d9753b9d9,Herb,1
HERB_6f7f63c5c2e7,Herb,1
HERB_212b69e26544,Herb,1
HERB_fdf104576714,Herb,1
HERB_d73dc6acf5ad,Herb,1
HERB_b841f281243b,Herb,1
HERB_931a263f2b74,Herb,1
HERB_38d8faa6fcb8,Herb,1
HERB_238ce57dd4bf,Herb,1
HERB_e010be77444c,Herb,1
HERB_955d917d56e7,Herb,1
HERB_2686cfc19e77,Herb,2
HERB_10e52fe8f2d6,Herb,1
HERB_118901a3a112,Herb,1
HERB_a006b150a284,Herb,5
HERB_066a8b9908b0,Herb,1
HERB_a1a4a37563ef,Herb,1
HERB_0d34b5bfded5,Herb,1
HERB_c469b193e7f1,Herb,1
HERB_2256b6d2ff83,Herb,1
HERB_743ebbe02f3c,Herb,2
HERB_2fa62a04ee86,Herb,1
HERB_a6ee1ba41396,Herb,1
HERB_af7646415ae8,Herb,1
HERB_2ac884dc5dc2,Herb,1
HERB_53bd2d9e8c1c,Herb,1
HERB_042b35fc3f20,Herb,1
HERB_8d2992bf5d1c,Herb,1
HERB_f51bfb6d0419,Herb,1
HERB_8b3d088dfa7a,Herb,1
HERB_13e0e22e0ce1,Herb,1
HERB_c56832a44d9b,Herb,8
HERB_e88af888311b,Herb,1
HERB_12a89c3ff24f,Herb,1
HERB_0f1cfad73c08,Herb,9
HERB_9ffb03e79c7f,Herb,1
HERB_83d32de324b5,Herb,4
HERB_b883986ab4e2,Herb,1
HERB_f6474fa210ff,Herb,1
HERB_e778580ac1b5,Herb,12
HERB_89e95c04961c,Herb,1
HERB_7a89c5012a4a,Herb,1
HERB_88be5f46a2e0,Herb,1
HERB_6827fdc40823,Herb,1
HERB_a3917e97c62f,Herb,1
HERB_79f08c72bc42,Herb,3
HERB_e67e7b19ff94,Herb,1
HERB_a3d428d69ede,Herb,3
HERB_44862dd6be91,Herb,1
HERB_76d4407c0afd,Herb,2
HERB_dc4637df114f,Herb,1
HERB_f1a94e151283,Herb,1
HERB_ecfaaca6cfad,Herb,1
HERB_102c7c793180,Herb,1
HERB_3b6b743d23f7,Herb,1
HERB_a197e8b96428,Herb,1
HERB_a53f14ce378f,Herb,1
HERB_c2abcd9f1f57,Herb,1
HERB_79d1f278bef5,Herb,1
HERB_97f610f356b3,Herb,1
HERB_0ad6b77d7f35,Herb,1
HERB_043717fdeca4,Herb,1
HERB_b81b5d8b77a0,Herb,1
HERB_eae93bbe4dfb,Herb,1
HERB_57327f7f6820,Herb,1
HERB_478d7bfeed93,Herb,1
HERB_da414c873e4e,Herb,1
HERB_6720d56d4a67,Herb,4
HERB_81679a3af771,Herb,1
HERB_238fe2c787ff,Herb,1
HERB_56a03ea4adf6,Herb,1
HERB_5f49b3162bd9,Herb,4
HERB_c32fd039f5db,Herb,2
HERB_0eb0ebf12117,Herb,1
HERB_c26cab01f25e,Herb,1
HERB_5c224401dc21,Herb,1
HERB_bcf585ea01c8,Herb,1
HERB_e8e12151a636,Herb,1
HERB_d472714a6610,Herb,2
HERB_cd800d781dc5,Herb,1
HERB_1a0ea8f50b58,Herb,1
HERB_8dd70af2e7f5,Herb,1
HERB_bb356ccf026f,Herb,9
HERB_f6a25e986be3,Herb,1
HERB_b2070f56b142,Herb,1
HERB_3d6c935f8941,Herb,1
HERB_cacf62d74815,Herb,8
HERB_dc30ef047ee9,Herb,1
HERB_190ee8029a0f,Herb,1
HERB_16dfb9a7a442,Herb,1
HERB_d129c49f6864,Herb,1
HERB_00873633b928,Herb,1
HERB_22ab86db027c,Herb,3
HERB_993b64dac3eb,Herb,1
HERB_102836d685c5,Herb,1
HERB_c8de18647be6,Herb,1
HERB_6b94554845a5,Herb,1
HERB_60bb48bb47d7,Herb,1
HERB_176d8dfb59b0,Herb,1
HERB_99333100ed91,Herb,1
HERB_11d6bc093b17,Herb,2
HERB_fc10e89c776f,Herb,1
HERB_a09ac1c0664a,Herb,1
HERB_37bc8d0c2708,Herb,1
HERB_405f0f8c433d,Herb,2
HERB_1bd473aca6c7,Herb,1
HERB_dbf99fc12e74,Herb,1
HERB_f6e787afdf71,Herb,1
HERB_fcb4278b736c,Herb,1
HERB_fc4f67598b60,Herb,2
HERB_7318951ca6d0,Herb,1
HERB_fdb5a4f49bc5,Herb,13
HERB_6161a96c28ea,Herb,1
HERB_476a21dce424,Herb,2
HERB_37ae9b525a35,Herb,1
HERB_a0f1ab7a0ad9,Herb,1
HERB_53adcbb3857e,Herb,1
HERB_8d3f6f25a6e6,Herb,1
HERB_b4da2fe4fd92,Herb,1
HERB_3a865095cd82,Herb,12
HERB_99fa06fa8452,Herb,1
HERB_8bcc4348d557,Herb,1
HERB_9cd455ad3c84,Herb,1
HERB_3666c1784665,Herb,1
HERB_5141bfaeaf47,Herb,1
HERB_009d6edd2481,Herb,1
HERB_8853378acdc2,Herb,1
HERB_f32290769061,Herb,3
HERB_56c8b1b809ff,Herb,1
HERB_fc5a7d1d64e6,Herb,12
HERB_eab8ff18a322,Herb,2
HERB_cf4898f249dd,Herb,1
HERB_f8ac77e53cda,Herb,1
HERB_0fb2722e6f02,Herb,1
HERB_641cd232cb34,Herb,1
HERB_c1b94399e223,Herb,1
HERB_6d24b7674309,Herb,1
HERB_bb7a1e90653c,Herb,1
HERB_1c01611918ba,Herb,1
HERB_8c0d57605286,Herb,1
HERB_2cc92b2ba116,Herb,1
HERB_a0d16ad0f4ee,Herb,1
HERB_f37a1ed607ce,Herb,1
HERB_1db9bf4f3400,Herb,1
HERB_1b8abbcd973d,Herb,1
HERB_cb9a75014e08,Herb,1
HERB_be5143dbdbd2,Herb,1
HERB_0f0c58904cb1,Herb,10
HERB_271bb3d88c9a,Herb,1
HERB_3bca808dd4f2,Herb,1
HERB_b3ae0c7cb2a1,Herb,1
HERB_a83ce9755137,Herb,4
HERB_f04f31e71990,Herb,16
HERB_82e06ab619a3,Herb,1
HERB_af5b56262b90,Herb,1
HERB_a8726f847ff4,Herb,1
HERB_351df12921c9,Herb,1
HERB_4516a785ede6,Herb,1
HERB_55fddd9ef56e,Herb,12
HERB_9caf6ae0c270,Herb,1
HERB_0f8dfdbe5585,Herb,1
HERB_9e42664dd452,Herb,1
HERB_2d2d2577ec96,Herb,1
HERB_aeb0b6d0a603,Herb,2
HERB_d2d8cb8b784c,Herb,1
HERB_665d53f878f8,Herb,1
HERB_8bf62481edf6,Herb,1
HERB_41009c38a274,Herb,1
HERB_7091f8c29652,Herb,13
HERB_058a9f899c31,Herb,1
HERB_85d7f77d7f06,Herb,1
HERB_5bb74bd78769,Herb,1
HERB_3aaa34a6ebf7,Herb,1
HERB_04a1716b7afb,Herb,2
HERB_570d45bfcd6e,Herb,4
HERB_6026c958a538,Herb,1
HERB_25c5f98ac89a,Herb,1
HERB_c3f77cefaa97,Herb,1
HERB_c89cb152ee1e,Herb,1
HERB_6fac367b4160,Herb,2
HERB_faaa93296f23,Herb,1
HERB_806f532c1a37,Herb,1
HERB_bad0d2b78acd,Herb,1
HERB_e441f4ac0d9b,Herb,1
HERB_a351361d43c9,Herb,1
HERB_1bdf5474c8c1,Herb,1
HERB_8b9af163c58a,Herb,1
HERB_40757168cad6,Herb,2
HERB_b7303c5a30cd,Herb,1
HERB_6cd9bd04b755,Herb,8
HERB_970edd249d54,Herb,2
HERB_a8c700396d9c,Herb,3
HERB_bff2ae2ac83c,Herb,8
HERB_ef7d3005a43a,Herb,3
HERB_dcfcb2aeb839,Herb,1
HERB_4ac33b584026,Herb,3
HERB_3558682fc0af,Herb,2
HERB_77629427a4e9,Herb,1
HERB_0a2a848fabf8,Herb,1
HERB_fcadbbd2de76,Herb,1
HERB_5fa32164aee3,Herb,9
HERB_883c287dae2b,Herb,1
HERB_93dbd3ac9bca,Herb,1
HERB_d41764ccc504,Herb,1
HERB_cb9ef566a474,Herb,1
HERB_ba51fc8c494c,Herb,1
HERB_3ee686ffd63e,Herb,1
HERB_0507dd64909b,Herb,1
HERB_81735ca584dc,Herb,1
HERB_34937b1be0a5,Herb,1
HERB_b9db0329ffd0,Herb,1
HERB_ad6c1ec446ed,Herb,1
HERB_b6a787c9dc6c,Herb,1
HERB_070bd67a75d9,Herb,1
HERB_3b33c395da83,Herb,1
HERB_33dcc3dd2eb9,Herb,1
HERB_69cc4f45f3ed,Herb,1
HERB_7740c2e90066,Herb,1
HERB_c18a6b470953,Herb,1
HERB_0e1c7b6202c2,Herb,1
HERB_870fc014014e,Herb,1
HERB_5d5974943ee8,Herb,1
HERB_1ec2fe897b35,Herb,1
HERB_c4d656c666ec,Herb,1
HERB_f7b8ea3ae8f2,Herb,1
HERB_315b43875bbb,Herb,1
HERB_32b26d0dd79a,Herb,1
HERB_41daff58b776,Herb,1
HERB_8fbd5e77a107,Herb,1
HERB_b52307fe6ebd,Herb,1
HERB_da3fa9ad53d1,Herb,1
HERB_196243be24cb,Herb,1
HERB_b221467c8b9a,Herb,2
HERB_af5c05a68f75,Herb,1
HERB_6297b89efffd,Herb,1
HERB_09a9666693e3,Herb,14
HERB_d76361080bf9,Herb,4
HERB_107f9063e861,Herb,2
HERB_77c7a39f6657,Herb,1
HERB_f3a8d9e49c41,Herb,1
HERB_c2476ce1bfe6,Herb,1
HERB_6d99ee8d7669,Herb,1
HERB_d6a2de5855db,Herb,1
HERB_b9e084344d0c,Herb,1
HERB_7f8389bb913b,Herb,9
HERB_3ea0e3aa741a,Herb,1
HERB_db4c9b1dcf89,Herb,1
HERB_73571c025510,Herb,1
HERB_00958b27a799,Herb,1
HERB_88cf2ca3511a,Herb,2
HERB_d0882f029555,Herb,2
HERB_abafa0264534,Herb,1
HERB_881134817114,Herb,5
HERB_661ae4b7ef52,Herb,2
HERB_df4cc386fe54,Herb,3
HERB_29fce17f2a48,Herb,1
HERB_0e7d9e34bb80,Herb,1
HERB_33d0ac814f7e,Herb,2
HERB_6f3589303722,Herb,1
HERB_f99b13bc71de,Herb,1
HERB_36188d8dedaf,Herb,1
HERB_a37a9f05c6bb,Herb,1
HERB_6a90e35df880,Herb,1
HERB_60cd799a1057,Herb,1
HERB_6557832211d6,Herb,2
HERB_127e0410cb92,Herb,1
HERB_89f4e546e8b6,Herb,1
HERB_40f9f1417c24,Herb,1
HERB_1a5ce0d1bb66,Herb,1
HERB_86c14868992d,Herb,1
HERB_82e4d646d188,Herb,1
HERB_24c134302475,Herb,1
HERB_d2f23d70c1ae,Herb,1
HERB_edaabbc70141,Herb,1
HERB_d2e7b329c008,Herb,1
HERB_a1c81b6eb3fc,Herb,3
HERB_d26ab9722aeb,Herb,1
HERB_f89156132252,Herb,1
HERB_d41158c949df,Herb,1
HERB_e4e8e8554fca,Herb,1
HERB_c9a7ab345fe6,Herb,1
HERB_1885678d606a,Herb,2
HERB_536b781aae39,Herb,1
HERB_8e3b7c174c89,Herb,1
HERB_ecf8af41c760,Herb,1
HERB_519e5c911dbd,Herb,1
HERB_8e2cf0cdfbf1,Herb,1
HERB_7bae5816446b,Herb,1
HERB_568313687e04,Herb,1
HERB_259285ff5f98,Herb,1
HERB_4d89ea8cc65f,Herb,1
HERB_03ec7d3885e1,Herb,1
HERB_dc38f60553a2,Herb,2
HERB_f28cd64917d2,Herb,2
HERB_5fc5adad369c,Herb,1
HERB_8e3f8e402ee2,Herb,1
HERB_a1ced9ff60cf,Herb,1
HERB_eba168b20c73,Herb,4
HERB_7ad128cb491e,Herb,4
HERB_9db49295ece4,Herb,2
HERB_78f7b31e10d4,Herb,1
HERB_ebb866c51fc2,Herb,1
HERB_77de5d8373fc,Herb,1
HERB_978c70a31d73,Herb,1
HERB_e662f121f9fb,Herb,1
HERB_d39d3e38d52d,Herb,1
HERB_2c751d2c90dc,Herb,1
HERB_106190a7a0a6,Herb,1
HERB_637fabedaee4,Herb,1
HERB_0fc801d07b52,Herb,4
HERB_14a9b2f6e820,Herb,2
HERB_00136b0efb63,Herb,1
HERB_fcaecda2b6fe,Herb,3
HERB_5604a316ab2f,Herb,1
HERB_cff1787a0508,Herb,5
HERB_d37dc2494294,Herb,1
HERB_9b7d9e7feedd,Herb,1
HERB_4d1f023e6046,Herb,2
HERB_564785bd21f0,Herb,1
HERB_a868eb926f4d,Herb,1
HERB_21dd62c3df2e,Herb,5
HERB_83f8d7296992,Herb,1
HERB_b54f60c7673f,Herb,4
HERB_c5d6a8bc25a0,Herb,1
HERB_a979308b8018,Herb,3
HERB_b78eb4b34f77,Herb,2
HERB_9eae4631e5e5,Herb,3
HERB_d70ca7b489fd,Herb,1
HERB_43de6b9c2820,Herb,3
HERB_a7bbde95e8d2,Herb,1
HERB_14fe7b06af3e,Herb,3
HERB_ddb251fe20db,Herb,1
HERB_1d5192486cfa,Herb,3
HERB_7aa8f8fb88f6,Herb,1
HERB_293f6e763831,Herb,1
HERB_6fc7193ec3ea,Herb,12
HERB_a974d3aa66d3,Herb,2
HERB_b3ac4e0554b4,Herb,3
HERB_8ccdfb3ff70b,Herb,1
HERB_5ad2e8a4313e,Herb,2
HERB_90033ee611fd,Herb,1
HERB_4f3ddebde8e7,Herb,1
HERB_8e5f06e7f736,Herb,1
HERB_974b33db2192,Herb,2
HERB_0ddab58d3946,Herb,2
HERB_ce484b6ae881,Herb,1
HERB_2a2b508954fd,Herb,1
HERB_907f36c4b849,Herb,1
HERB_e4a900f9ab91,Herb,1
HERB_56c012d339db,Herb,1
HERB_17e2a25a40d2,Herb,1
HERB_2281dd32b993,Herb,1
HERB_0f4323245f9a,Herb,1
HERB_44baea37b831,Herb,1
HERB_cd8a869cf408,Herb,1
HERB_126e4417d922,Herb,1
HERB_f4ff6d9a79fb,Herb,1
HERB_e10eeb0cd706,Herb,1
HERB_fb89884401df,Herb,1
HERB_bbe90b6450e9,Herb,1
HERB_7c349588e569,Herb,1
HERB_cc696a34e25c,Herb,1
HERB_3e01ac09c024,Herb,3
HERB_65dbca37d16f,Herb,1
HERB_3c8b2fcf678a,Herb,1
HERB_4687237a3857,Herb,1
HERB_8190e7971673,Herb,1
HERB_fe9b51f602ea,Herb,4
HERB_9f804b7c651f,Herb,1
HERB_6f0ce5bfdbd9,Herb,1
HERB_bb2e47fe2738,Herb,1
HERB_03e1b8f479e8,Herb,14
HERB_cb03dcd1e372,Herb,1
HERB_dece8ccdf2c0,Herb,3
HERB_fabd761e2a4b,Herb,1
HERB_8ff5f11483b5,Herb,1
HERB_72f619a471a5,Herb,1
HERB_89f33bc31fe1,Herb,17
HERB_a0dfca3b06b8,Herb,1
HERB_2309a4cb3d64,Herb,1
HERB_be1840ec8e04,Herb,1
HERB_b08659ec8677,Herb,1
HERB_dfdd4ed25bb5,Herb,1
HERB_a87bf1f93171,Herb,1
HERB_61b1d3e141b5,Herb,1
HERB_34f749c32da0,Herb,1
HERB_8b1dafe0b7e4,Herb,1
HERB_58df4a391bdf,Herb,2
HERB_1b65994d642a,Herb,1
HERB_0438fd9be365,Herb,1
HERB_7fbfa1bd9712,Herb,3
HERB_e46196ae78b1,Herb,1
HERB_9bd14d79da39,Herb,3
HERB_a0227cecfdb4,Herb,1
HERB_15aa59b877ec,Herb,1
HERB_f1ae77cd4e12,Herb,1
HERB_7b47953e1f4f,Herb,1
HERB_3346b47a47f5,Herb,1
HERB_fc37f997284b,Herb,1
HERB_4a4cd16fb920,Herb,1
HERB_baa64849581c,Herb,1
HERB_2a366b948ca4,Herb,1
HERB_03b3057ec502,Herb,1
HERB_3b67a82e247b,Herb,2
HERB_44c153f8ac96,Herb,1
HERB_bcf6fef831c6,Herb,1
HERB_50a3f7f7ceca,Herb,1
HERB_0192cd58c63c,Herb,1
HERB_a1c12e2b1c70,Herb,1
HERB_4b7f7595ca90,Herb,1
HERB_10f87512e3cf,Herb,1
HERB_326685dd9756,Herb,1
HERB_e1a22e57a78c,Herb,1
HERB_01c7e53688cf,Herb,1
HERB_aa776887b548,Herb,1
HERB_f28305d2c4bc,Herb,1
HERB_85e031953a5e,Herb,3
HERB_61321190f131,Herb,1
HERB_05f0f045fdec,Herb,1
HERB_14405fdfd086,Herb,1
HERB_dbc6e0c29064,Herb,1
HERB_91691b2cbc66,Herb,1
HERB_4a3033054d1d,Herb,1
HERB_e1f802849a64,Herb,20
HERB_5e7f2a951d30,Herb,1
HERB_238193860599,Herb,2
HERB_185a1ca85b69,Herb,8
HERB_3bff6dd7d8a4,Herb,1
HERB_df3e3527bd95,Herb,1
HERB_0c5e98048063,Herb,3
HERB_b9aa1471b41c,Herb,2
HERB_58297762330a,Herb,1
HERB_3caab2898e4e,Herb,1
HERB_380e8f70aebe,Herb,3
HERB_08f874fa0ed0,Herb,2
HERB_467289ddeacd,Herb,1
HERB_5ee4368d1791,Herb,2
HERB_ec78b7599291,Herb,1
HERB_1c30b3380854,Herb,7
HERB_eb10e80e7c41,Herb,2
HERB_1a0a03b8a036,Herb,1
HERB_d00de7379dbd,Herb,1
HERB_b18159c92bf7,Herb,25
HERB_85b5cb037de3,Herb,1
HERB_1bf4989e145d,Herb,1
HERB_906dd5ea0cf8,Herb,1
HERB_fcc031288eef,Herb,1
HERB_f8e87ede3940,Herb,7
HERB_25324bc23686,Herb,1
HERB_d80b3fcd0018,Herb,5
HERB_9747690e381a,Herb,1
HERB_15e645090be3,Herb,1
HERB_b5f96ccb3f0e,Herb,1
HERB_04b30c99f3c8,Herb,1
HERB_dad454239a27,Herb,3
HERB_7ff4312ab816,Herb,1
HERB_f40f13f69665,Herb,1
HERB_f8910496646c,Herb,2
HERB_82645530363b,Herb,1
HERB_95bbcdfe3349,Herb,2
HERB_4f366773710d,Herb,1
HERB_502cc867b5fb,Herb,1
HERB_5664e40f7352,Herb,1
HERB_5ba0039e6acb,Herb,1
HERB_c1902f379363,Herb,5
HERB_71cadba71c3a,Herb,1
HERB_23683b53b502,Herb,2
HERB_e6a52119e5ae,Herb,1
HERB_adfc230059b7,Herb,3
HERB_f096a908752d,Herb,1
HERB_ee8121fe65c1,Herb,1
HERB_eb91ea13701d,Herb,1
HERB_40da04b055ab,Herb,1
HERB_c3052e223096,Herb,1
HERB_2639acb39888,Herb,1
HERB_f3ea00b7ee03,Herb,1
HERB_8467a406b854,Herb,1
HERB_1574c81ff688,Herb,1
HERB_98ab49a8773e,Herb,1
HERB_5c5d67f97391,Herb,1
HERB_3b32aa4114c8,Herb,7
HERB_ec03619d4023,Herb,1
HERB_3e75b828d300,Herb,1
HERB_168a37f9e3e0,Herb,2
HERB_4fdf8dd8422e,Herb,1
HERB_fe10b39e0ed3,Herb,1
HERB_b41d17b4b73c,Herb,1
HERB_427c2dff365f,Herb,2
HERB_39fa3ef88f6a,Herb,1
HERB_da7fbfb5e011,Herb,2
HERB_884f535270f0,Herb,1
HERB_3d4b4d99e64b,Herb,1
HERB_83b7c6fdfb30,Herb,1
HERB_f8be1935bf76,Herb,1
HERB_a5dcc3935252,Herb,1
HERB_a0c8a2bbf8f2,Herb,1
HERB_f2e103614ebc,Herb,1
HERB_38a038058fc5,Herb,1
HERB_c4c1fd7b9744,Herb,1
HERB_919ac234cf19,Herb,1
HERB_a8138af9f250,Herb,1
HERB_b32b5ab3b445,Herb,1
HERB_c8261d580cb0,Herb,1
HERB_5318932eb396,Herb,1
HERB_67a701ed62af,Herb,1
HERB_4fe20bf49329,Herb,22
HERB_601742da1e32,Herb,6
HERB_7b6a9499b2bf,Herb,3
HERB_10cff198e07b,Herb,1
HERB_6195e616bb93,Herb,1
HERB_3ded1821e2e5,Herb,1
HERB_5f957ce6a3ae,Herb,3
HERB_a66dcc2c26dc,Herb,1
HERB_536b6d921d23,Herb,1
HERB_5ee420b7108a,Herb,1
HERB_0314c63d8a01,Herb,1
HERB_9c09baadf455,Herb,1
HERB_eb251792c061,Herb,1
HERB_d23a9a47c1de,Herb,2
HERB_e6ab115f6132,Herb,1
HERB_2135cc5a5afa,Herb,1
HERB_2391c608f47e,Herb,1
HERB_d317ff2c29cb,Herb,1
HERB_eea9dfc7f534,Herb,1
HERB_feab9ac12a88,Herb,11
HERB_002b95660045,Herb,2
HERB_bf0e88cd0a5c,Herb,1
HERB_7bd7f1fcac16,Herb,1
HERB_db7dca81a53e,Herb,1
HERB_374699e73890,Herb,1
HERB_0a2c96f73add,Herb,1
HERB_9e581aa1fc6b,Herb,21
HERB_6abcd52b3373,Herb,1
HERB_e81e2744a4ec,Herb,1
HERB_be1ce40bd375,Herb,1
HERB_035bc35ee9d3,Herb,4
HERB_568e0dac73b6,Herb,1
HERB_eb42fe254646,Herb,1
HERB_37cb131119e6,Herb,1
HERB_244198e8553c,Herb,1
HERB_14fa9cac2642,Herb,1
HERB_584b109af283,Herb,1
HERB_f4f7c4d16a42,Herb,1
HERB_c0d9ce5892e8,Herb,7
HERB_358b53cb8894,Herb,1
HERB_81a77b08c690,Herb,1
HERB_19634e1ff8c7,Herb,1
HERB_cac790310611,Herb,1
HERB_c63ec88c5477,Herb,1
HERB_32ba5ea73821,Herb,1
HERB_9d646f3e018f,Herb,1
HERB_2970b83e7728,Herb,1
HERB_01d9fc924b22,Herb,1
HERB_4ff2ddee5cf7,Herb,1
HERB_e20fabbf2090,Herb,1
HERB_9820de4455c2,Herb,1
HERB_52d3bd06bc80,Herb,1
HERB_54d01b9b61cd,Herb,1
HERB_ea1cf80cf790,Herb,1
HERB_66a1a6339724,Herb,1
HERB_fef68f5beac4,Herb,1
HERB_983ddb59e980,Herb,2
HERB_ca2c2af48793,Herb,1
HERB_ffe30741d90b,Herb,1
HERB_e037563c2095,Herb,1
HERB_c88ae1c89ba0,Herb,1
HERB_c3a2b834497b,Herb,1
HERB_e3215323a423,Herb,1
HERB_4d1ddc8f9cb4,Herb,3
HERB_a065dd5ff30d,Herb,1
HERB_44b3ab636d76,Herb,1
HERB_fd776cad608c,Herb,1
HERB_183e92e64083,Herb,1
HERB_4e0847c9f3a9,Herb,8
HERB_1107805d86a8,Herb,1
HERB_0eeecaa07e0a,Herb,1
HERB_900aa50b0cc7,Herb,1
HERB_35a04467c101,Herb,10
HERB_e25ce853821c,Herb,1
HERB_552bb0e6290b,Herb,1
HERB_d439d743776d,Herb,2
HERB_6f3f1dc2f3b5,Herb,1
HERB_aa358116a18f,Herb,1
HERB_26b099daf0bf,Herb,1
HERB_538cff89f2ae,Herb,1
HERB_d319e30d807e,Herb,1
HERB_d9ffaf355569,Herb,1
HERB_1a9086d7444a,Herb,1
HERB_5a52819b8366,Herb,1
HERB_7b60dfeb3e7b,Herb,1
HERB_023441f0abe4,Herb,1
HERB_0f504a551291,Herb,1
HERB_4553c1196e11,Herb,1
HERB_095fccea34de,Herb,1
HERB_df189d254389,Herb,1
HERB_9affbda2f40b,Herb,1
HERB_bdb5ad191842,Herb,2
HERB_490a0b53c579,Herb,1
HERB_11fbe5d47fe2,Herb,1
HERB_d232f7b86c8d,Herb,1
HERB_291b35915d9a,Herb,2
HERB_dacba9ae172c,Herb,1
HERB_0f1a1c6960d6,Herb,1
HERB_b6d4c3e1fa7d,Herb,1
HERB_cebe8eae647f,Herb,1
HERB_fc98ece38017,Herb,1
HERB_cb58dd285c51,Herb,1
HERB_2bea9a39f820,Herb,1
HERB_27b5f2b85047,Herb,1
HERB_5a1f36c3a9ca,Herb,1
HERB_f4972bf49746,Herb,1
HERB_b9c5a14e868f,Herb,1
HERB_29ea407f4dba,Herb,1
HERB_1180bb6d9e41,Herb,1
HERB_249a5d8dab6e,Herb,1
HERB_aaaf4d156df3,Herb,2
HERB_d463bcce472a,Herb,1
HERB_b21fb01b0f7e,Herb,1
HERB_acce07b60b64,Herb,1
HERB_479c37678eb0,Herb,1
HERB_f720091a2824,Herb,1
HERB_57ee2baea2a8,Herb,1
HERB_620c5fa03cb3,Herb,1
HERB_788eac6a2bf2,Herb,8
HERB_097a3c14cc04,Herb,2
HERB_fa3d1aa692d5,Herb,10
HERB_762791fd8ebd,Herb,3
HERB_9010500a6821,Herb,1
HERB_48aaa9558e2b,Herb,1
HERB_b5c73d1f6833,Herb,1
HERB_08736d04f3ec,Herb,1
HERB_c9a3dce81c8b,Herb,1
HERB_9eb74c5ff5dd,Herb,1
HERB_daabba9edf68,Herb,1
HERB_33f8ba55f4bf,Herb,18
HERB_bb309a00ce43,Herb,1
HERB_c32542208c59,Herb,1
HERB_4a851e21b924,Herb,1
HERB_69783d55bead,Herb,1
HERB_4eaace86fbf6,Herb,1
HERB_e52b08ac35c7,Herb,1
HERB_7f275e3f77ab,Herb,7
HERB_5412b3b46209,Herb,1
HERB_6228f75103c6,Herb,4
HERB_4be652b4e8e4,Herb,1
HERB_39230ddb8ef4,Herb,1
HERB_a2448c6c2930,Herb,13
HERB_b88649e2f756,Herb,1
HERB_2438f3f21ae6,Herb,7
HERB_591c7ea469ad,Herb,1
HERB_bc8b5f82831b,Herb,1
HERB_e214da2f9cd1,Herb,1
HERB_f348b86c3282,Herb,1
HERB_1dcea4c609ec,Herb,1
HERB_803f1d6c9f74,Herb,7
HERB_932c45e7867f,Herb,1
HERB_2f10fb53a3ee,Herb,1
HERB_396d6ab656e1,Herb,1
HERB_516fbe5a72cc,Herb,1
HERB_625e91e81d4d,Herb,1
HERB_83c24f4a6a71,Herb,1
HERB_4cbb2214ffff,Herb,1
HERB_cc7923e3ed50,Herb,1
HERB_c3745f22938d,Herb,1
HERB_9293f38510d3,Herb,1
HERB_63987aabfa8e,Herb,1
HERB_659f554085fc,Herb,1
HERB_f916162216f7,Herb,1
HERB_647257fa4abc,Herb,2
HERB_3dbdc4f244f8,Herb,1
HERB_343da8658896,Herb,1
HERB_9a3c58b6be55,Herb,4
HERB_f71e2fd21ca1,Herb,1
HERB_751b72d9cf28,Herb,1
HERB_066f6dfa80c2,Herb,1
HERB_f7d10d8350ba,Herb,1
HERB_ddf809627d03,Herb,2
HERB_5c2ba620f666,Herb,2
HERB_43786d716784,Herb,1
HERB_f8a627e53e7d,Herb,1
HERB_13d556e63ac3,Herb,1
HERB_97d66c90c4f9,Herb,1
HERB_fc3788cb16bd,Herb,8
HERB_f1997198e0a9,Herb,1
HERB_aebb0c445feb,Herb,1
HERB_df8c8c114d7b,Herb,29
HERB_b187ed42a892,Herb,2
HERB_46be96ef27f3,Herb,7
HERB_14fc5c4302ec,Herb,3
HERB_3be2276d70df,Herb,1
HERB_9ccfcc5b4b60,Herb,1
HERB_9ab2ec86a990,Herb,1
HERB_bb9a8e9a6c13,Herb,1
HERB_ab83737eaa94,Herb,1
HERB_e084f5531c8e,Herb,1
HERB_b445a2a23494,Herb,1
HERB_43aa6db49440,Herb,1
HERB_1b700cdf191a,Herb,1
HERB_0365f6125f56,Herb,1
HERB_4f75fe9377d0,Herb,2
HERB_bf731671354c,Herb,2
HERB_a100c9438d66,Herb,1
HERB_d13728c55ad3,Herb,1
HERB_9323fb8c6937,Herb,1
HERB_b3a0130d4ad0,Herb,1
HERB_0925e90b4b1c,Herb,1
HERB_921b21c900cf,Herb,6
HERB_7ae18107f7f4,Herb,1
HERB_25bde55251fe,Herb,1
HERB_7cea45ac75c6,Herb,1
HERB_63aa75bf0f45,Herb,1
HERB_3d7ea77e7255,Herb,1
HERB_843c0c337a0f,Herb,1
HERB_aa4b8a6049c9,Herb,1
HERB_aa619849f68c,Herb,1
HERB_eeecb671cb54,Herb,1
HERB_4fbed9606c52,Herb,1
HERB_01d0fdf03880,Herb,1
HERB_4abeabf68e3e,Herb,1
HERB_31188b52ff0d,Herb,1
HERB_c9785e48f11f,Herb,1
HERB_41bcfbcfc6e2,Herb,6
HERB_1efd5b8c75be,Herb,1
HERB_19ce09fae4d1,Herb,1
HERB_b84da4b64735,Herb,1
HERB_439a454b5489,Herb,1
HERB_68f4984cdde3,Herb,1
HERB_c268e0219fe0,Herb,1
HERB_4b9d99fe892b,Herb,1
HERB_ea701c328031,Herb,1
HERB_fc992b12cb5a,Herb,1
HERB_25ffc157df59,Herb,1
HERB_259c8665d05e,Herb,1
HERB_d8bfbedf1fd5,Herb,1
HERB_f1a13f9950b7,Herb,2
HERB_e991912dc57e,Herb,2
HERB_7b716aaa05a1,Herb,2
HERB_fafbf2c53da5,Herb,2
HERB_c0ce911ed235,Herb,4
HERB_7b9e046b7d9c,Herb,1
HERB_c7d9e71b5967,Herb,1
HERB_5525121d741b,Herb,1
HERB_1a2d5086bb52,Herb,1
HERB_77587d6e8195,Herb,2
HERB_9f81d7177ab4,Herb,1
HERB_131c2e94d2b8,Herb,4
HERB_2ebda4421f27,Herb,1
HERB_d4fde8559c0c,Herb,1
HERB_b0fc4f103450,Herb,1
HERB_e2e9543b0c2a,Herb,1
HERB_24b976e5fb60,Herb,1
HERB_717306f4611a,Herb,1
HERB_5e192fe5692c,Herb,1
HERB_97dd685c38e7,Herb,2
HERB_aa39d1fa5c28,Herb,1
HERB_0ecb531ce467,Herb,1
HERB_5bbaebba023f,Herb,1
HERB_bde75c586f22,Herb,2
HERB_866412f5482e,Herb,1
HERB_eb79cbcc2f06,Herb,1
HERB_35aeea67ed10,Herb,2
HERB_1b0daee2cceb,Herb,1
HERB_bbd6d28a1043,Herb,2
HERB_636b92cff289,Herb,1
HERB_226fd6f01b51,Herb,1
HERB_9fcf440d8b98,Herb,1
HERB_539fe879ddef,Herb,1
HERB_2f712f9980d3,Herb,1
HERB_48adf707ae4a,Herb,8
HERB_84a1f7f25f15,Herb,1
HERB_a1f6c580ed8c,Herb,7
HERB_3caa68250f9f,Herb,2
HERB_65267db847a3,Herb,1
HERB_c45ff3ad35b5,Herb,1
HERB_5d4e803e2549,Herb,4
HERB_75915b72c23b,Herb,1
HERB_a2bb455fb338,Herb,1
HERB_66c241eefdf8,Herb,1
HERB_db29f402b8d3,Herb,1
HERB_8dfda1819ff2,Herb,1
HERB_124ce0fb7ba8,Herb,1
HERB_920a4453d9ad,Herb,1
HERB_19f6ac7718e7,Herb,1
HERB_16d96f0d88fa,Herb,1
HERB_85e4c44ef382,Herb,1
HERB_803f2b8b65d5,Herb,1
HERB_0d753fb94191,Herb,1
HERB_ab830159f201,Herb,1
HERB_6d38d31fc1ca,Herb,1
HERB_f1003b2c988d,Herb,1
HERB_1915dc380419,Herb,2
HERB_ee9b6e3c7c98,Herb,1
HERB_c884014c60b3,Herb,1
HERB_45b51ae90369,Herb,1
HERB_f800639ac830,Herb,1
HERB_b6d019979edf,Herb,1
HERB_cfd8a9f97248,Herb,1
HERB_dc8d21523e5a,Herb,3
HERB_b697394e8b98,Herb,1
HERB_57030d9f54be,Herb,1
HERB_15b7052846d7,Herb,1
HERB_dcb16b4fcda6,Herb,1
HERB_670a466253aa,Herb,1
HERB_113787ff7870,Herb,1
HERB_0b53e78af887,Herb,14
HERB_edf63c75e69d,Herb,1
HERB_0851621e36d3,Herb,1
HERB_18afb2925d17,Herb,1
HERB_99a09a8233ec,Herb,10
HERB_993292945bec,Herb,1
HERB_a8ccbf0b1a2b,Herb,7
HERB_81c72009545c,Herb,1
HERB_bb758d15ee49,Herb,4
HERB_05b19b357a3a,Herb,1
HERB_0915f9150316,Herb,15
HERB_527b83e98acc,Herb,3
HERB_42761b46ef9b,Herb,2
HERB_5350303cf37c,Herb,1
HERB_18b6a518fbd1,Herb,1
HERB_d1d458d7e580,Herb,1
HERB_28e4207bc6fb,Herb,1
HERB_e1fa2e20661e,Herb,1
HERB_d7e55d7ebc4d,Herb,1
HERB_fe7e8608fb57,Herb,1
HERB_4ccdd809f448,Herb,1
HERB_4830a3247e49,Herb,1
HERB_3beb1c9764d5,Herb,1
HERB_778d5893d0ef,Herb,1
HERB_1d85c642ba9f,Herb,1
HERB_a0702619b427,Herb,1
HERB_013278cc1156,Herb,1
HERB_f4ed28327fff,Herb,4
HERB_407cd4c7d4f3,Herb,1
HERB_6050599965f5,Herb,1
HERB_573fd2daee60,Herb,3
HERB_61cbf19c1a04,Herb,1
HERB_ec3e611fb54e,Herb,1
HERB_45efa1824cec,Herb,12
HERB_3757a940b9fa,Herb,1
HERB_3496041d938d,Herb,1
HERB_ef1e5613ce14,Herb,1
HERB_eb0ea458b6db,Herb,1
HERB_256cc4d0a9fb,Herb,1
HERB_3c3415814385,Herb,1
HERB_817519352924,Herb,1
HERB_600826b25bb2,Herb,1
HERB_8fbaf89edc56,Herb,1
HERB_a1b0ea268bbf,Herb,1
HERB_3b91d5a0acc2,Herb,2
HERB_ca4db42938bb,Herb,3
HERB_869be5740f37,Herb,1
HERB_5db3ab0ed6ac,Herb,1
HERB_56282b889310,Herb,1
HERB_c01d53e3edf8,Herb,2
HERB_2c7625f02323,Herb,1
HERB_05ba13e81f94,Herb,1
HERB_29deaa2a81f0,Herb,1
HERB_ae00c3c75899,Herb,1
HERB_e80dc8874286,Herb,1
HERB_2add56c41a7b,Herb,1
HERB_93270389e776,Herb,3
HERB_7f098258c275,Herb,1
HERB_e27dc39b09e6,Herb,1
HERB_ef03fef45d8a,Herb,1
HERB_b53d20aa1f51,Herb,1
HERB_02f1ed4239ef,Herb,2
HERB_fbf878f9ff49,Herb,1
HERB_0c2e997d421b,Herb,1
HERB_d6c1ee4eaae2,Herb,1
HERB_6d656d23af88,Herb,3
HERB_4e25290ea84c,Herb,1
HERB_7cb775a6568d,Herb,1
HERB_e44a4fcb1292,Herb,1
HERB_06ff0f83a54c,Herb,1
HERB_0e7b62e58ae7,Herb,1
HERB_4443ceaeb8ec,Herb,1
HERB_209f22c1a356,Herb,3
HERB_af60635c88e2,Herb,1
HERB_0262ca130a0f,Herb,1
HERB_ad63df2fe84d,Herb,1
HERB_1f3affea7993,Herb,1
HERB_56b57d0a6ff4,Herb,1
HERB_028e0596365a,Herb,2
HERB_abf4be666b44,Herb,1
HERB_222be5f3b52d,Herb,2
HERB_51422fe5375f,Herb,1
HERB_3f78bbc3e202,Herb,1
HERB_e89412c4ed9e,Herb,1
HERB_b1535a4ec989,Herb,1
HERB_fc3327139d02,Herb,1
HERB_ba1075fe5be7,Herb,2
HERB_040841a623f8,Herb,1
HERB_e0db8b7ee3bf,Herb,7
HERB_98d131829d4f,Herb,1
HERB_41549d3912cd,Herb,1
HERB_1d60e9bd25d2,Herb,1
HERB_3cbebe2f4703,Herb,1
HERB_ccfdb30a7c97,Herb,1
HERB_cd9f463f7d9d,Herb,1
HERB_877feb8c9ee6,Herb,1
HERB_f4e438a8f098,Herb,1
HERB_665eb1eb8b0c,Herb,1
HERB_22cefb347259,Herb,1
HERB_15aeb2c690da,Herb,1
HERB_e2aa3850a114,Herb,1
HERB_b5c674de7627,Herb,1
HERB_66ebf921dc41,Herb,1
HERB_23a1ad6df659,Herb,1
HERB_eae68a3b31a6,Herb,1
HERB_2b5e2c0f8af7,Herb,1
HERB_0c3c013043a0,Herb,1
HERB_00ab7ed32757,Herb,1
HERB_d2c65f485a3c,Herb,1
HERB_2f63c48cda4f,Herb,1
HERB_ad5de85d02f7,Herb,1
HERB_1561ad143f80,Herb,1
HERB_7cfb53af2cbb,Herb,1
HERB_5bbb7340b063,Herb,1
HERB_216cf276ebb4,Herb,1
HERB_9f079f2fdd63,Herb,1
HERB_261e0cdd4ecd,Herb,1
HERB_69f6eb991450,Herb,1
HERB_be024cd41d38,Herb,1
HERB_dc122eff7c72,Herb,1
HERB_d02f7246e616,Herb,1
HERB_1d4b1946e42c,Herb,1
HERB_111900061519,Herb,1
HERB_feb067ed0bc2,Herb,1
HERB_d0c23144877a,Herb,1
HERB_c61a12e834ba,Herb,1
HERB_34716b90d1e8,Herb,1
HERB_ea9f097bcb62,Herb,2
HERB_9e0dc7461acd,Herb,1
HERB_b1c328c7973e,Herb,1
HERB_ab393b00ebee,Herb,1
HERB_2ba5e447febb,Herb,1
HERB_9ebe58778427,Herb,1
HERB_5a8f41f05d70,Herb,1
HERB_3a7be2ce9326,Herb,1
HERB_f2ce4dba74c7,Herb,1
HERB_b73f154ee95d,Herb,1
HERB_a20a7f2a4722,Herb,1
HERB_8a1c33a81778,Herb,1
HERB_fbc902261f19,Herb,1
HERB_3ef963b7d9bf,Herb,1
HERB_16964f1192a3,Herb,1
HERB_4c396dc41e94,Herb,1
HERB_9fe12c8ed278,Herb,2
HERB_c707bd777b84,Herb,1
HERB_c738d1c019aa,Herb,1
HERB_35d119058cb0,Herb,1
HERB_626d5269c484,Herb,1
HERB_4930ab096ea8,Herb,1
HERB_4c67406d8a3f,Herb,1
HERB_27cba0fff892,Herb,1
HERB_ce2a788831f7,Herb,1
HERB_80490bf964e1,Herb,2
HERB_e25f0efe9400,Herb,1
HERB_545fb3987fad,Herb,1
HERB_94a550c002bc,Herb,1
HERB_f79a81391c59,Herb,1
HERB_705b72b32964,Herb,1
HERB_be6c7c48d7b5,Herb,1
HERB_6aa985b26b17,Herb,1
HERB_91df5c239407,Herb,1
HERB_dc810ab2076a,Herb,1
HERB_cbb59975fe53,Herb,1
HERB_a02c5c34d9f0,Herb,1
HERB_1264144823ed,Herb,1
HERB_b0efb05744ca,Herb,1
HERB_7935e46b86c1,Herb,1
HERB_440ffc016732,Herb,1
HERB_f10108282fc1,Herb,1
HERB_92369ac6e001,Herb,1
HERB_c846e7b2a3c6,Herb,1
HERB_2356179281cd,Herb,1
HERB_1d864d3f3217,Herb,2
HERB_383c5eb575ed,Herb,2
HERB_39121e5dc2d5,Herb,1
HERB_6b2e9672fc85,Herb,1
HERB_4dc71fe95394,Herb,1
HERB_721de003433d,Herb,1
HERB_8ca0ca6d7f08,Herb,1
HERB_e77f1d37db95,Herb,1
HERB_1710f797176f,Herb,1
HERB_16c2c7b56c10,Herb,1
HERB_d9c9f1c8eb38,Herb,1
HERB_487593134143,Herb,1
HERB_2d7a1c2e8ec1,Herb,1
HERB_a5ac72ec80db,Herb,1
HERB_410b1057da23,Herb,1
HERB_7e2d95da7727,Herb,1
HERB_23a08c02fb13,Herb,1
HERB_6da27c91b9a0,Herb,1
HERB_f6bfb9ca638d,Herb,1
HERB_9385e5b9d386,Herb,1
HERB_efcad577953b,Herb,1
HERB_ea2fdad11c68,Herb,6
HERB_6e8b274b6bd9,Herb,1
HERB_42ded8cf1583,Herb,1
HERB_0ca593029fb2,Herb,1
HERB_2ce81d45ca23,Herb,5
HERB_c75334ef9ea6,Herb,1
HERB_77f3f75ce055,Herb,1
HERB_21b985d58ae9,Herb,1
HERB_958562bb4dec,Herb,1
HERB_53ae9bb7e0a6,Herb,1
HERB_179d6b0c8475,Herb,1
HERB_b8d161a62726,Herb,1
HERB_96c58af4d2c0,Herb,1
HERB_4c8212dff50e,Herb,1
HERB_06bf2ea09666,Herb,1
HERB_27bc08130dec,Herb,1
HERB_82b51a6afe79,Herb,1
HERB_bb7f1f9da518,Herb,1
HERB_36d0c6797f62,Herb,1
HERB_148d79c054c6,Herb,1
HERB_25e594eac62c,Herb,1
HERB_358343c70988,Herb,1
HERB_0c0607e57001,Herb,1
HERB_f76b580cf760,Herb,1
HERB_c67abab1fc17,Herb,1
HERB_b981c63355b4,Herb,1
HERB_ed1e85b3a38e,Herb,1
HERB_92049dd95705,Herb,1
HERB_bae9593cfe81,Herb,1
HERB_2d6b889f689d,Herb,1
HERB_711484bac928,Herb,1
HERB_22977f107c74,Herb,1
HERB_b51cce0d268d,Herb,1
HERB_c6e733061a08,Herb,1
HERB_9a46c2b7ee29,Herb,1
HERB_54511bf377e4,Herb,1
HERB_ca4f776b6c83,Herb,1
HERB_b8b8ecb05498,Herb,1
HERB_a018ae63dfec,Herb,1
HERB_730e151923a8,Herb,1
HERB_bd51cce93803,Herb,1
HERB_2e3f490148e4,Herb,1
HERB_7e01ac5b0ab3,Herb,1
HERB_e5f282894c43,Herb,1
HERB_b1b3986babbf,Herb,1
HERB_c2b1154a35bd,Herb,1
HERB_eb737e3f6b9b,Herb,1
HERB_cd885a1eec78,Herb,1
HERB_dd6f034c494f,Herb,1
HERB_41d9386bd569,Herb,1
HERB_95889052dc74,Herb,1
HERB_690c72fef78f,Herb,1
HERB_23e21670b3e2,Herb,1
HERB_e6e46c65a7e8,Herb,1
HERB_689829a75e07,Herb,1
HERB_d3766dde97cf,Herb,1
HERB_690a7c206b71,Herb,1
HERB_d2543d61d379,Herb,1
HERB_0577a279b82e,Herb,1
HERB_3036ac79db18,Herb,1
HERB_1e9de400ab41,Herb,1
HERB_d24ab2aa6ada,Herb,1
HERB_c6aa4347b610,Herb,1
HERB_4fea14cafb42,Herb,1
HERB_70b6d6a4eafb,Herb,1
HERB_b10870e94974,Herb,1
HERB_417f26d18a61,Herb,1
HERB_db58835ba1b8,Herb,1
HERB_fda60e7a7ed9,Herb,1
HERB_2b961c26fc1b,Herb,1
HERB_36831819abd6,Herb,1
HERB_bce6b8bcfdb2,Herb,1
HERB_548c43078b70,Herb,1
HERB_944309665e23,Herb,1
HERB_b0a60a4c283a,Herb,1
HERB_9d5219ac23f6,Herb,1
HERB_5aa02422db4c,Herb,1
HERB_fdc376ff4e12,Herb,1
HERB_d8ab4ed849f4,Herb,1
HERB_35cff7339f75,Herb,1
HERB_a10a94679409,Herb,1
HERB_3f45f427bf92,Herb,1
HERB_2be0f8404d93,Herb,1
HERB_85d8c69921bd,Herb,1
HERB_78132242eceb,Herb,1
HERB_3de74dc879c3,Herb,1
HERB_e82596c2e97f,Herb,1
HERB_85f73f85a878,Herb,1
HERB_499a4ab52fe9,Herb,1
HERB_c059f5f91b4a,Herb,1
HERB_5db77fbd3339,Herb,1
HERB_bb042e6d811a,Herb,1
HERB_f698651b6df5,Herb,1
HERB_26537d7f29c8,Herb,2
HERB_e23284ab65fd,Herb,1
HERB_515ea126af77,Herb,1
HERB_b72dc80ccc08,Herb,1
HERB_b889411cf681,Herb,1
HERB_ddd763638206,Herb,1
HERB_8550e6ea401f,Herb,1
HERB_7d4ace31a7c3,Herb,1
HERB_0d7c3726e16f,Herb,1
HERB_1a0cef89d9d9,Herb,1
HERB_ec0a080575d3,Herb,1
HERB_ddc7f2a4c0dc,Herb,1
HERB_d97a651b3a70,Herb,1
HERB_94375748b289,Herb,1
HERB_691123b294eb,Herb,1
HERB_f0acfbf0e707,Herb,1
HERB_395027cd57c5,Herb,1
HERB_a0869f590a5d,Herb,1
HERB_3cc84bc3dfcc,Herb,1
HERB_b7c502ee30cf,Herb,1
HERB_d476d8c00818,Herb,1
HERB_492721c3446a,Herb,1
HERB_25e533815dc9,Herb,1
HERB_20de396d52e3,Herb,1
HERB_b49d7c5fe823,Herb,1
HERB_feecae60af1f,Herb,1
HERB_a5269455f98d,Herb,1
HERB_a08a9b110830,Herb,1
HERB_f2b74b45b865,Herb,1
HERB_f393047fd4f9,Herb,2
HERB_a602948125f7,Herb,1
HERB_b72c4e1a9e00,Herb,1
HERB_a401e92e1261,Herb,1
HERB_a8b9523e82d0,Herb,1
HERB_5e48372a3bdd,Herb,1
HERB_77487463daec,Herb,1
HERB_21f5ca19f225,Herb,1
HERB_b37f8e5d3585,Herb,1
HERB_39347d51e8e3,Herb,1
HERB_baf397e62e35,Herb,1
HERB_498d41e67feb,Herb,1
HERB_ec4f6479e70a,Herb,1
HERB_a9819e33166f,Herb,1
HERB_dcd80d59912f,Herb,43
HERB_4f8cc88e5c69,Herb,1
HERB_d3a3ef228b2e,Herb,5
HERB_e03e229a7f74,Herb,1
HERB_2bb01b16d1d4,Herb,1
HERB_97a0fa8c55a4,Herb,1
HERB_b586aa0952e9,Herb,1
HERB_ef6a7d8cc5d1,Herb,1
HERB_f763e134378d,Herb,1
HERB_229cb5e91a28,Herb,1
HERB_5b90d8c2bcd5,Herb,1
HERB_1af3174c8454,Herb,1
HERB_94335546a8ca,Herb,2
HERB_61a0d30a76d7,Herb,1
HERB_ccc0a9811a2d,Herb,1
HERB_778ebed4cc4d,Herb,1
HERB_00136633de76,Herb,1
HERB_b2b917a63d36,Herb,1
HERB_ac250baa3b71,Herb,1
HERB_1bdcaaae0a46,Herb,1
HERB_ca50ffda6176,Herb,1
HERB_0063205f48f4,Herb,3
HERB_51e170af5638,Herb,2
HERB_58490231788a,Herb,1
HERB_66c4ec80673a,Herb,1
HERB_c463ef8e21d1,Herb,1
HERB_b55ad5c479e9,Herb,1
HERB_ac6e378dc13d,Herb,1
HERB_42dd5102cadd,Herb,19
HERB_e9271519118e,Herb,1
HERB_24adc322c7b5,Herb,1
HERB_c0a01e21910e,Herb,1
HERB_f6397a1f8cad,Herb,1
HERB_48a4cc091619,Herb,1
HERB_de9801a32cd5,Herb,1
HERB_cb7083495019,Herb,1
HERB_cf9c6faf5d21,Herb,2
HERB_a657bdcd35ff,Herb,1
HERB_ae3ad3a2d7d0,Herb,1
HERB_4fbe74879a11,Herb,1
HERB_3bdac8a70e01,Herb,1
HERB_e239316ab41a,Herb,47
HERB_00e9e4d17831,Herb,2
HERB_39a75c5d9ffe,Herb,10
HERB_50b6dfac32d6,Herb,3
HERB_6a1ecde7eea4,Herb,1
HERB_c42558543b6a,Herb,1
HERB_077dd1d568d1,Herb,1
HERB_ddd2ca8432d0,Herb,1
HERB_23f1c1741422,Herb,1
HERB_9442cfb18791,Herb,1
HERB_cde2b0726ca5,Herb,1
HERB_e7a5bc030e76,Herb,1
HERB_919867113ac5,Herb,1
HERB_5c6e8e85bd3b,Herb,1
HERB_f4086f384aa9,Herb,1
HERB_346dc59c4bfd,Herb,1
HERB_070462d6f06e,Herb,1
HERB_9b7bd4c07c16,Herb,1
HERB_e6e3c29d3692,Herb,1
HERB_36c4eed6d0d6,Herb,1
HERB_c45f8c9f7f71,Herb,1
HERB_dd019452c34a,Herb,1
HERB_416d2110a421,Herb,1
HERB_e7bfb1372575,Herb,1
HERB_559232ea6726,Herb,2
HERB_b9dabd0852ec,Herb,1
HERB_1bee5433c74b,Herb,10
HERB_7c61b67a4639,Herb,1
HERB_38559e9307f1,Herb,1
HERB_c7ded8e485d4,Herb,1
HERB_c5e5672b30cd,Herb,1
HERB_31d49223a18c,Herb,1
HERB_6e5055c3117d,Herb,1
HERB_48f298e04e15,Herb,1
HERB_fcce59f02798,Herb,1
HERB_ac91b7cf0ec0,Herb,1
HERB_d5bc684eab75,Herb,1
HERB_9024dd5c5c6f,Herb,1
HERB_16dc1a8f9b3d,Herb,5
HERB_dcfc65c1edfd,Herb,1
HERB_deb1bbee91f5,Herb,1
HERB_9c6673bb15af,Herb,1
HERB_a769b6abe367,Herb,14
HERB_31088b5d6484,Herb,1
HERB_66a1878552db,Herb,1
HERB_ea2711cd8ab2,Herb,1
HERB_6f7cdd17191d,Herb,1
HERB_6616eae3a87a,Herb,1
HERB_1c0a3bd743be,Herb,1
HERB_1cc77bd29835,Herb,1
HERB_efc033d09ef4,Herb,1
HERB_64176f196ae0,Herb,1
HERB_2b8fc1f8e062,Herb,1
HERB_0a99dbfafbf5,Herb,1
HERB_28932560d7fb,Herb,4
HERB_09082ebed21e,Herb,1
HERB_6a67cc87bfd9,Herb,1
HERB_04c1d9e252c8,Herb,4
HERB_b90fde3ca2f4,Herb,1
HERB_c82591b949e2,Herb,1
HERB_091a228de875,Herb,1
HERB_af34be771791,Herb,1
HERB_9cbac605a516,Herb,25
HERB_9c22f45b841b,Herb,1
HERB_4b0e2c6a356f,Herb,1
HERB_f095ef884c88,Herb,1
HERB_f9affe3415ac,Herb,1
HERB_2130448937a1,Herb,1
HERB_5afc6fdce08c,Herb,1
HERB_fa0fc4110e03,Herb,1
HERB_135b88c29c57,Herb,1
HERB_541541e50e4b,Herb,1
HERB_19d1eec44af4,Herb,1
HERB_ac14ac6816e3,Herb,1
HERB_e3d17bec272e,Herb,1
HERB_c5414ded8784,Herb,1
HERB_d4310961522b,Herb,1
HERB_c77a23cd2f40,Herb,1
HERB_3752d156a205,Herb,1
HERB_630989208aa8,Herb,1
HERB_49935dc34aeb,Herb,1
HERB_30e08990e2cc,Herb,1
HERB_644f5c0d6859,Herb,1
HERB_657b3a894caf,Herb,1
HERB_e8b8edf14839,Herb,1
HERB_95e7e58b020f,Herb,1
HERB_b0433fa89f20,Herb,1
HERB_43ff88b95225,Herb,1
HERB_7740669941d5,Herb,1
HERB_4e8ecc582914,Herb,1
HERB_746b14383a87,Herb,1
HERB_f715448e1ff8,Herb,1
HERB_dd9108cc2464,Herb,1
HERB_530df05d59cb,Herb,3
HERB_83c60d0818d6,Herb,1
HERB_546410e464b3,Herb,1
HERB_88b290d5e679,Herb,1
HERB_f1b56d42db44,Herb,1
HERB_e7d3a155477c,Herb,3
HERB_f8885479637b,Herb,1
HERB_9ded65b1a9e3,Herb,2
HERB_9269e53522a1,Herb,1
HERB_77476732fbc1,Herb,1
HERB_784709d11c11,Herb,2
HERB_72e0b68d7e88,Herb,2
HERB_70cbbc703ea7,Herb,2
HERB_e3f0aea1da0e,Herb,1
HERB_8d78e493b2cc,Herb,1
HERB_a253c3d7ec0b,Herb,1
HERB_3cdeb114cb05,Herb,1
HERB_d4a6a3d9ad80,Herb,1
HERB_189ba8d5a27c,Herb,1
HERB_f93795401953,Herb,4
HERB_fb3a53151813,Herb,1
HERB_9f0e7f572f21,Herb,2
HERB_d75a5b82dcac,Herb,1
HERB_a1eb184a2785,Herb,3
HERB_09a5c5944aef,Herb,12
HERB_8e5adcfcfa9e,Herb,1
HERB_3cfa4f4caabd,Herb,1
HERB_791a10c77bb0,Herb,1
HERB_7d6656781791,Herb,1
HERB_100163fe2b8b,Herb,1
HERB_25aff738bc86,Herb,1
HERB_e88cbc7d16cd,Herb,1
HERB_61e5186f0a7d,Herb,1
HERB_75dbfe8cb652,Herb,1
HERB_13e9d8ef27a7,Herb,1
HERB_7a30761377f7,Herb,1
HERB_a564d31837b2,Herb,1
HERB_c3024a9a9087,Herb,1
HERB_bf2c716d3a47,Herb,1
HERB_82f32c180442,Herb,1
HERB_6b8efee2d7e2,Herb,1
HERB_e3b8147219d2,Herb,1
HERB_f362ac051097,Herb,1
HERB_c4bee9e97857,Herb,1
HERB_3b44136811be,Herb,1
HERB_b022065c1361,Herb,1
HERB_755dfb7edf68,Herb,1
HERB_966091172688,Herb,1
HERB_a0ad43cb38b1,Herb,1
HERB_0900b8224380,Herb,1
HERB_0582ffc92458,Herb,1
HERB_4c985ffcc88f,Herb,1
HERB_59646994a44d,Herb,1
HERB_43b2936f1d73,Herb,1
HERB_5d8cbd56c959,Herb,9
HERB_9e24f2ee04c5,Herb,1
HERB_f2389bc735e5,Herb,1
HERB_6bd0d08cac6c,Herb,1
HERB_66ad17234e67,Herb,3
HERB_bfbb19a1a421,Herb,1
HERB_39620b917338,Herb,8
HERB_569f3e482eec,Herb,1
HERB_32f0069d5c0a,Herb,1
HERB_0d1a499084dc,Herb,1
HERB_1851c15139a4,Herb,1
HERB_79b7e1cc30d1,Herb,1
HERB_e353502c2ace,Herb,3
HERB_99376195c07e,Herb,1
HERB_7f10d323c737,Herb,1
HERB_ebf6c7c28809,Herb,1
HERB_01890ba3b0eb,Herb,1
HERB_c2a5267b5cb8,Herb,1
HERB_7ce8c35c4bcc,Herb,1
HERB_3b4c2c1af2ee,Herb,1
HERB_a9c94cfca8b7,Herb,2
HERB_cb1e4c61c1ed,Herb,1
HERB_c19e8435f774,Herb,1
HERB_cc8fe727d093,Herb,2
HERB_95f1956ce1a7,Herb,1
HERB_053e08b308b1,Herb,1
HERB_7fb4d4bceb70,Herb,1
HERB_f5d4cfc4baf1,Herb,1
HERB_8f471dfe5619,Herb,2
HERB_acfe26baae9e,Herb,1
HERB_e850ae17bf95,Herb,1
HERB_f01ad6e996ac,Herb,1
HERB_63121e2430e1,Herb,1
HERB_cdc2948218ff,Herb,1
HERB_3ed9e8a6f265,Herb,1
HERB_3b44c7b9594a,Herb,2
HERB_dde303142325,Herb,1
HERB_df41bf5483c6,Herb,2
HERB_c6d678274e6e,Herb,1
HERB_43879affc855,Herb,2
HERB_52a09bbef40a,Herb,1
HERB_50ebf8217a01,Herb,1
HERB_96e01a199c1d,Herb,1
HERB_e6073c52f556,Herb,1
HERB_01fecc7995cf,Herb,2
HERB_ddf98c2de59f,Herb,2
HERB_9b6fbf9789b6,Herb,1
HERB_7d7261377cb5,Herb,1
HERB_ab9dfbf82639,Herb,1
HERB_bb8a93d2f3be,Herb,4
HERB_96824acc8f64,Herb,2
HERB_c0e468cc43e0,Herb,1
HERB_c4151a1c7c31,Herb,1
HERB_a8fd208fe272,Herb,1
HERB_b7aed0170bed,Herb,2
HERB_acaefaf6ac25,Herb,4
HERB_dd89b55750d2,Herb,1
HERB_e53ea7b98351,Herb,2
HERB_2b01de37f584,Herb,1
HERB_3c083def4b96,Herb,1
HERB_b39f40524b8b,Herb,1
HERB_88a7ca8b84eb,Herb,1
HERB_72e49b521474,Herb,1
HERB_686fefa768e5,Herb,3
HERB_b086b7338da7,Herb,1
HERB_528ee8246ab3,Herb,1
HERB_47c13aa89edd,Herb,2
HERB_3e571a3c71d8,Herb,1
HERB_2b00247fd6e2,Herb,1
HERB_17f2c5c947dd,Herb,1
HERB_eaaf0ebe0269,Herb,1
HERB_46f85ef37792,Herb,1
HERB_d51088c661e0,Herb,1
HERB_1eba8f85acd6,Herb,1
HERB_bbb847e7cde6,Herb,3
HERB_d215e583e61b,Herb,3
HERB_8a5a5822ecd8,Herb,1
HERB_9e59b9c04d16,Herb,1
HERB_97dc42a00b4f,Herb,1
HERB_5e51517a62fd,Herb,1
HERB_1e3ff0e1669b,Herb,1
HERB_42f85ac1bf61,Herb,1
HERB_69aa03d49998,Herb,1
HERB_d28fd1db646f,Herb,1
HERB_2b2a44e0d1f7,Herb,1
HERB_83f8e2d694bb,Herb,1
HERB_b5ddc7cba026,Herb,1
HERB_19ce0ea42f67,Herb,1
HERB_01383ecd7f7c,Herb,1
HERB_9bef2dd44a42,Herb,1
HERB_ff52ddff67b3,Herb,1
HERB_0891cfced2f1,Herb,1
HERB_067f21d6854a,Herb,1
HERB_fb310e2f4625,Herb,1
HERB_3a00a234ed74,Herb,1
HERB_53b644fe3c2e,Herb,4
HERB_6adc20c0adae,Herb,1
HERB_d6d7c4cc3ebd,Herb,1
HERB_20a77015fe7d,Herb,1
HERB_665585260447,Herb,1
HERB_59b45a20f67e,Herb,1
HERB_b28ebe755b09,Herb,1
HERB_0fd16317a0ed,Herb,1
HERB_185b8ab1bb8e,Herb,1
HERB_809ff74e77fc,Herb,1
HERB_427be3b17a4b,Herb,1
HERB_e48a7de08df6,Herb,1
HERB_aa24fd13da97,Herb,1
HERB_821488c34d6e,Herb,1
HERB_fd0f5c0837a3,Herb,4
HERB_88b0d2148f57,Herb,1
HERB_24eebd1b0e24,Herb,1
HERB_7237f31520ec,Herb,1
HERB_d6c19185d9bf,Herb,2
HERB_ed9f7144a44f,Herb,1
HERB_32aa21d3cc32,Herb,1
HERB_22c0c9e10dc4,Herb,1
HERB_5a559c4cbdae,Herb,1
HERB_104382d4b56a,Herb,1
HERB_2d7e4f80ddbd,Herb,1
HERB_077d0c59ca68,Herb,1
HERB_a60bd700d2e0,Herb,1
HERB_14e06ccc3602,Herb,1
HERB_4e3fccaa9540,Herb,1
HERB_8e35d04dab07,Herb,1
HERB_341fb671bc27,Herb,1
HERB_6b6fa5483788,Herb,1
HERB_01c376170df9,Herb,1
HERB_4b3728957882,Herb,1
HERB_8b401b571352,Herb,4
HERB_90d8bd4f6257,Herb,1
HERB_37e706fcbd6a,Herb,1
HERB_41c84247d9e5,Herb,1
HERB_b03b3a915076,Herb,1
HERB_b30c8f7e6e2b,Herb,1
HERB_a08364556f1d,Herb,1
HERB_50df07805d87,Herb,4
HERB_52906487e486,Herb,2
HERB_447e96892766,Herb,1
HERB_6c65d11c96c3,Herb,1
HERB_4226fdf27a70,Herb,1
HERB_f6f0640ca304,Herb,1
HERB_8b7a67cefbee,Herb,1
HERB_1fd302b886f0,Herb,3
HERB_3535956ca780,Herb,6
HERB_7c8815ca886f,Herb,2
HERB_e9d9161f626a,Herb,1
HERB_a2eaaacbc6ac,Herb,1
HERB_1b808813d65e,Herb,1
HERB_e53008a4a8c2,Herb,2
HERB_9c9d3a4642da,Herb,1
HERB_a1a8e2a4e134,Herb,1
HERB_c7b306891667,Herb,3
HERB_bbec6db3d71a,Herb,1
HERB_84b296a58710,Herb,1
HERB_d383e1c08e0f,Herb,1
HERB_0f2330a9b4d4,Herb,1
HERB_979c7338c6dd,Herb,1
HERB_4170adc388d7,Herb,1
HERB_85b33df3ae01,Herb,1
HERB_a9430abac8fc,Herb,1
HERB_459459779b24,Herb,1
HERB_ca104372a064,Herb,1
HERB_4ab776b89275,Herb,1
HERB_45177703cfd5,Herb,1
HERB_55211f182f53,Herb,1
HERB_b1fe68cd5b6a,Herb,1
HERB_bb5bd30f5a9a,Herb,2
HERB_b356c42bf86c,Herb,1
HERB_50de257b881a,Herb,1
HERB_e701a76ffa4f,Herb,1
HERB_64b11c04035b,Herb,4
HERB_5bcf12c7fd24,Herb,2
HERB_4a33c2b6db7b,Herb,1
HERB_83feee507826,Herb,1
HERB_3f59c1ad7aa2,Herb,1
HERB_2bf03a6a8a02,Herb,1
HERB_da0338d57c84,Herb,1
HERB_ef54fb97f04f,Herb,1
HERB_80f828057018,Herb,1
HERB_93d498e84c19,Herb,1
HERB_28176f4c214f,Herb,1
HERB_b9284a5b1eae,Herb,2
HERB_173d4fc5ca78,Herb,1
HERB_7c5f85985aea,Herb,1
HERB_d356b2d08ad6,Herb,1
HERB_eab545682126,Herb,7
HERB_bbe66bfc0303,Herb,1
HERB_4a47b6b05143,Herb,1
HERB_f9d6510f22e0,Herb,1
HERB_668ccc428d00,Herb,1
HERB_cccb8ca424f5,Herb,1
HERB_68f7adf04426,Herb,1
HERB_2ac20fd1f6c6,Herb,8
HERB_2a7ae61429b7,Herb,1
HERB_206d8eda9e96,Herb,7
HERB_012934b5273f,Herb,1
HERB_6c2e23e834a5,Herb,1
HERB_e60a0712ebce,Herb,1
HERB_4963a0d359b3,Herb,2
HERB_ff6c82d9b87a,Herb,1
HERB_71296174a925,Herb,1
HERB_5df914b7906e,Herb,1
HERB_063fd8e0a4f1,Herb,1
HERB_5a64881b9200,Herb,1
HERB_2e6d0e68c4e5,Herb,1
HERB_6972f87db482,Herb,1
HERB_04d0cc37297d,Herb,1
HERB_d611e7445156,Herb,1
HERB_c3aa282bca3e,Herb,1
HERB_bffa8d7cd585,Herb,3
HERB_21271584a2d6,Herb,1
HERB_6b33726a72ca,Herb,1
HERB_040e48669988,Herb,1
HERB_4fd4abeaf59e,Herb,1
HERB_29f506ec0db4,Herb,1
HERB_dc12cd27c4b0,Herb,4
HERB_0eba930d8cd2,Herb,26
HERB_660fd013979a,Herb,21
HERB_c96dbc39d30f,Herb,8
HERB_ff75c0716a35,Herb,4
HERB_b6510de415a6,Herb,2
HERB_277a345a2996,Herb,1
HERB_37bedd3e7682,Herb,1
HERB_bbc077c5ee2d,Herb,1
HERB_080252437e31,Herb,1
HERB_d49b56ff010c,Herb,1
HERB_1a7fd5091be0,Herb,1
HERB_2fe52e218c46,Herb,1
HERB_343306e9e9b5,Herb,1
HERB_01a096a880fa,Herb,1
HERB_bf65801c965b,Herb,1
HERB_a9570a69758f,Herb,1
HERB_fa3caaba1531,Herb,1
HERB_5b5c9d04a6e2,Herb,1
HERB_7de92384d2d7,Herb,1
HERB_704ff73c23b2,Herb,1
HERB_93936ae8dbf9,Herb,1
HERB_0284288981e3,Herb,1
HERB_c2845795a2ca,Herb,8
HERB_b0cc16442ae8,Herb,1
HERB_5e2b58d4e7bb,Herb,1
HERB_11cd679a90f9,Herb,6
HERB_fff3a71a1e0b,Herb,5
HERB_b41717b8e1c2,Herb,1
HERB_d7842414b4bf,Herb,1
HERB_5d6158ecd87e,Herb,6
HERB_12e85aa66cde,Herb,4
HERB_731475502ec6,Herb,28
HERB_c2863dc38697,Herb,1
HERB_a10a81cd946a,Herb,1
HERB_0ef5d0f32607,Herb,1
HERB_96f2ba064b1e,Herb,8
HERB_12b27fe9d799,Herb,1
HERB_36706db1769b,Herb,1
HERB_14883fa8cddd,Herb,1
HERB_3aa451d7ee43,Herb,1
HERB_3d6fab36a5fb,Herb,1
HERB_1246c427d9df,Herb,1
HERB_7bcdd1259611,Herb,1
HERB_6e662a9625e8,Herb,2
HERB_11d52200701e,Herb,1
HERB_1b93163b6f75,Herb,1
HERB_da9d1faf57a9,Herb,1
HERB_ac40240e25ff,Herb,1
HERB_a061fea35b9a,Herb,2
HERB_c00d3dea4b00,Herb,1
HERB_2843f85006d0,Herb,1
HERB_20f331d86fb7,Herb,1
HERB_4b7feb067ba0,Herb,1
HERB_1b9974a9ea90,Herb,1
HERB_f2e778a3f022,Herb,1
HERB_02069c7e5d66,Herb,1
HERB_931ab2e4e5e4,Herb,1
HERB_b1006cd204c0,Herb,1
HERB_e3b70d2c8ccf,Herb,1
HERB_197844a73d84,Herb,1
HERB_1733707cd60c,Herb,1
HERB_a88fc4d45bb2,Herb,1
HERB_0d8c2897f662,Herb,1
HERB_ed9d5acee3a4,Herb,4
HERB_b62474bfc076,Herb,1
HERB_771808a85e56,Herb,1
HERB_3bcdcfa41aa4,Herb,1
HERB_a2c67621e437,Herb,1
HERB_3be5c1a1802f,Herb,1
HERB_81afa2e6409d,Herb,1
HERB_4747e26eccc5,Herb,1
HERB_782f75801733,Herb,3
HERB_c100a4bcd126,Herb,2
HERB_694d52b6e217,Herb,8
HERB_3eca60e9ab9f,Herb,10
HERB_7f641399d711,Herb,1
HERB_c082b3b0b865,Herb,1
HERB_3fed216b3312,Herb,27
HERB_109511443d59,Herb,1
HERB_1d796610ed97,Herb,1
HERB_76dbe3095ee9,Herb,1
HERB_af522e5dd4ff,Herb,1
HERB_72fbd3185c94,Herb,1
HERB_75ba90a61977,Herb,1
HERB_d53802db72f3,Herb,1
HERB_eb7fb800af5b,Herb,1
HERB_81873a936156,Herb,1
HERB_f250fe68b4bc,Herb,1
HERB_01e5870dae00,Herb,1
HERB_ee371a04f37c,Herb,1
HERB_1b9dfaae231d,Herb,1
HERB_eaa26193b18f,Herb,1
HERB_8cf98e5a487e,Herb,1
HERB_0829824e33e2,Herb,1
HERB_f5ed581057b0,Herb,1
HERB_96599e9403eb,Herb,1
HERB_613e56b50562,Herb,3
HERB_1e7bc217568d,Herb,1
HERB_72c9d7fb2b8e,Herb,1
HERB_fb7df26aab56,Herb,1
HERB_5e31feb9f994,Herb,1
HERB_72b2c755d037,Herb,1
HERB_0188c65366f0,Herb,1
HERB_7fe9cc76b3ad,Herb,1
HERB_b5acc36a93ba,Herb,3
HERB_a751fc17ffa4,Herb,1
HERB_7bf616bd1503,Herb,1
HERB_75f02cc9dc84,Herb,1
HERB_8f9392effac7,Herb,1
HERB_bdfe86071039,Herb,3
HERB_74e0ffbea2f5,Herb,1
HERB_cdb37be41195,Herb,1
HERB_cb415ccf7d41,Herb,1
HERB_1149bd1a7812,Herb,1
HERB_7f52d11d3681,Herb,1
HERB_424809a0a551,Herb,1
HERB_d150da85f0de,Herb,1
HERB_78c664e53827,Herb,4
HERB_513014e59347,Herb,4
HERB_27c6c3b01d53,Herb,1
HERB_3294cbf64663,Herb,1
HERB_9db5fc39a819,Herb,1
HERB_911a45720a85,Herb,1
HERB_c8de1710322d,Herb,1
HERB_92de72be6248,Herb,1
HERB_15c67849e8fc,Herb,1
HERB_d881c448f50c,Herb,1
HERB_1c126bafcb5b,Herb,1
HERB_3806c58c7506,Herb,1
HERB_4f6624825963,Herb,1
HERB_5f6ca243c806,Herb,1
HERB_deeda546119d,Herb,1
HERB_12b912fd75c3,Herb,1
HERB_98b5ecb15846,Herb,1
HERB_03b1c2a198a8,Herb,9
HERB_1f72792dfcaf,Herb,3
HERB_cfc94f8f68d7,Herb,1
HERB_3051805244c7,Herb,1
HERB_a73758153b54,Herb,1
HERB_f941945aa804,Herb,1
HERB_53fe3921c9cc,Herb,1
HERB_c50d444ebfde,Herb,7
HERB_98dec1313f6d,Herb,1
HERB_a68a0b0a7dae,Herb,3
HERB_61508154d80c,Herb,1
HERB_2a47ff861002,Herb,1
HERB_a4e59f11381a,Herb,1
HERB_84c2641ecf48,Herb,4
HERB_4f1343868efb,Herb,1
HERB_15bab98127be,Herb,1
HERB_59c4a73e2627,Herb,16
HERB_aef377f0cd89,Herb,1
HERB_3aa747b5eee0,Herb,1
HERB_9a3410d5588c,Herb,1
HERB_a2305cd5a08a,Herb,1
HERB_8b5610fd8cf2,Herb,1
HERB_26c2aefd8b21,Herb,1
HERB_374d6d0c6e20,Herb,1
HERB_a20adbb1a4e6,Herb,11
HERB_55da99e009a1,Herb,1
HERB_08e16e248930,Herb,1
HERB_2416622c3147,Herb,4
HERB_f32d269df62c,Herb,1
HERB_19e18f4d1507,Herb,2
HERB_6da213bab5ea,Herb,1
HERB_43586669b0c9,Herb,1
HERB_312b4eb61adf,Herb,2
HERB_fb016ee2506a,Herb,1
HERB_bb87b637f515,Herb,5
HERB_0500bc84dae5,Herb,8
HERB_61c25abf9e02,Herb,1
HERB_280c02d9bd17,Herb,1
HERB_0947e54d0771,Herb,1
HERB_1c47cb82b6de,Herb,1
HERB_215fa680f336,Herb,1
HERB_dc798124e109,Herb,1
HERB_fa5c2c5ed74e,Herb,2
HERB_c536a1451ded,Herb,1
HERB_684e0b8a8193,Herb,1
HERB_6710cfd6bed4,Herb,1
HERB_d5d87ac5628d,Herb,1
HERB_692a4d647b2f,Herb,1
HERB_b1eae29b17b6,Herb,1
HERB_1eb9947e9dbf,Herb,1
HERB_4089555465f4,Herb,1
HERB_4465c70449cb,Herb,1
HERB_baa7bdc496eb,Herb,1
HERB_44adf953d872,Herb,1
HERB_ef0bf79cf410,Herb,1
HERB_f35b16d05b93,Herb,1
HERB_e88ab8d0ddd4,Herb,1
HERB_fe620b766355,Herb,1
HERB_a2baac34bd16,Herb,16
HERB_4e46737e13ad,Herb,1
HERB_ec5406c2f81d,Herb,2
HERB_0955e9d7e3e5,Herb,5
HERB_982bb265aea5,Herb,1
HERB_0784f3d8f977,Herb,5
HERB_57cd4eb84218,Herb,1
HERB_b6d165b00e77,Herb,2
HERB_54b2391d982d,Herb,1
HERB_b92d73a29dff,Herb,1
HERB_e3f7ea1f202d,Herb,1
HERB_5d5aeeb0cac7,Herb,1
HERB_b8455a674b7d,Herb,1
HERB_c1ff3e740e83,Herb,1
HERB_67432ec80533,Herb,1
HERB_ac9bc915d4c2,Herb,5
HERB_6ab3552a2460,Herb,1
HERB_f9ff71240b9c,Herb,1
HERB_a32e0da2f047,Herb,4
HERB_6854ef0a1094,Herb,1
HERB_cdf0538bc94a,Herb,1
HERB_851c53967787,Herb,1
HERB_d3e8f8d88b38,Herb,1
HERB_cfe221254128,Herb,1
HERB_ed7d5ef9492c,Herb,1
HERB_69f2b787f021,Herb,1
HERB_9aa6124fc0b7,Herb,5
HERB_48a9f396cd94,Herb,1
HERB_809206dfde94,Herb,1
HERB_df79df436109,Herb,1
HERB_5a985a6bfeda,Herb,5
HERB_c21e028e8737,Herb,1
HERB_35ce3049a2b4,Herb,1
HERB_62e1fe23330c,Herb,1
HERB_c1c7ce99fd3a,Herb,1
HERB_6e91e4a25e36,Herb,1
HERB_1cbc755fec6d,Herb,1
HERB_8585e17bc3bd,Herb,1
HERB_74099c4ca83e,Herb,1
HERB_0028465e967b,Herb,1
HERB_c12d5a4cc041,Herb,1
HERB_90a80d731f96,Herb,1
HERB_1a7af6b8429d,Herb,1
HERB_1ef955d316f7,Herb,1
HERB_acb9a6507fad,Herb,2
HERB_1ed9ae72b38b,Herb,3
HERB_8d707aec04f4,Herb,1
HERB_e67db485ad7d,Herb,7
HERB_bd158cdc15cf,Herb,1
HERB_43296e069fe1,Herb,2
HERB_874099b3f830,Herb,2
HERB_cbfe89715cf0,Herb,1
HERB_39313fcf19bc,Herb,1
HERB_27ebfe74744f,Herb,1
HERB_9945e5aace3d,Herb,1
HERB_eca7c64bb1c6,Herb,1
HERB_9b4640bcb5aa,Herb,1
HERB_5f301c9e7be8,Herb,1
HERB_b863011459f5,Herb,1
HERB_812b344d4f2b,Herb,1
HERB_aaef41144bf3,Herb,1
HERB_9fa9d4f90c90,Herb,1
HERB_b337613bb308,Herb,1
HERB_2ebdd98b99a6,Herb,1
HERB_d938c281ce4f,Herb,1
HERB_3fecfa63818d,Herb,1
HERB_da558b5fba56,Herb,1
HERB_d9093d5d4015,Herb,1
HERB_c2acd26cc29e,Herb,2
HERB_0194b7362723,Herb,1
HERB_650862026b52,Herb,16
HERB_9614d0dd8b22,Herb,1
HERB_30a5f14bd0de,Herb,1
HERB_a1679912b541,Herb,2
HERB_eb9d27e7fb30,Herb,1
HERB_2a7c3a20c965,Herb,1
HERB_0faf4a72cc0a,Herb,1
HERB_153a392975a1,Herb,1
HERB_7b00312df16b,Herb,2
HERB_f11c25f6370f,Herb,1
HERB_70b82c12431a,Herb,1
HERB_e7a229d0cb18,Herb,1
HERB_b151db7de250,Herb,1
HERB_000833cf62dc,Herb,2
HERB_55549d6b4646,Herb,1
HERB_c062edf0caee,Herb,1
HERB_16ccf4eca154,Herb,1
HERB_15b971ead46d,Herb,1
HERB_e109cad42ce4,Herb,1
HERB_3e9a3ad11ec1,Herb,1
HERB_13634fea6744,Herb,1
HERB_786b2d695cdd,Herb,14
HERB_b3362308e798,Herb,1
HERB_aa338cc2f9ee,Herb,1
HERB_5aaaff0c1fcb,Herb,1
HERB_692f91b61300,Herb,1
HERB_6a185a7690f8,Herb,1
HERB_30ba439739b6,Herb,2
HERB_7617bc120817,Herb,1
HERB_997b2c56a3d7,Herb,1
HERB_441676749677,Herb,1
HERB_92b8f91e2c8c,Herb,1
HERB_1acfb66eeeae,Herb,1
HERB_fb11701d4131,Herb,1
HERB_8af3c19d6159,Herb,1
HERB_0337c15c095d,Herb,1
HERB_ede5ca4bb57c,Herb,1
HERB_5c23d6bd2ea4,Herb,2
HERB_8e894a7f5ce0,Herb,1
HERB_ef30cce34eec,Herb,1
HERB_7e8abe76d2d2,Herb,2
HERB_9899c16827ac,Herb,1
HERB_3c81f2f1dddc,Herb,1
HERB_de0644b726a0,Herb,1
HERB_2b8de19bf7fe,Herb,1
HERB_21d6f2de9749,Herb,1
HERB_1f6cd36be266,Herb,1
HERB_974536e99037,Herb,1
HERB_ce22913e10a3,Herb,1
HERB_fb899da8aa26,Herb,1
HERB_e844678c4eeb,Herb,1
HERB_379116095617,Herb,1
HERB_d4c6f183d6c9,Herb,1
HERB_82e695f08c93,Herb,1
HERB_111a9c28b24e,Herb,1
HERB_a4639a1196f3,Herb,1
HERB_1ca2238095ae,Herb,21
HERB_bd4cd46b89c6,Herb,3
HERB_ac9b5b4ab7af,Herb,1
HERB_616aa8a9268c,Herb,1
HERB_c8b643656753,Herb,1
HERB_a459f0f52544,Herb,1
HERB_f56cb091f4fe,Herb,1
HERB_051d307d0f56,Herb,1
HERB_54e4e609e8d1,Herb,1
HERB_7a239fbbd610,Herb,1
HERB_04ef29a0ef5c,Herb,4
HERB_558ba31fc2b9,Herb,1
HERB_6b764467db62,Herb,1
HERB_435524a5b5e0,Herb,1
HERB_cb0ab56738d2,Herb,1
HERB_93bc28bf620e,Herb,1
HERB_f7cf62940916,Herb,1
HERB_23d0182259f9,Herb,18
HERB_0d266883553f,Herb,1
HERB_0d56387dcb4d,Herb,2
HERB_d690f50ba698,Herb,1
HERB_3a0c0a94cd8f,Herb,1
HERB_8b3d324f794d,Herb,1
HERB_53fe41a1f27f,Herb,1
HERB_8cd4caec81ed,Herb,17
HERB_2f9386d52db5,Herb,4
HERB_e02462b8aa50,Herb,1
HERB_591db5503f72,Herb,1
HERB_6deda51f53ce,Herb,1
HERB_352e6b20967d,Herb,1
HERB_4233c1d623e5,Herb,1
HERB_88eada50974f,Herb,1
HERB_a7445cb7a516,Herb,7
HERB_47db7acba38b,Herb,1
HERB_aabb36aedd8f,Herb,1
HERB_fe4ac485dfde,Herb,1
HERB_794d7dd428e7,Herb,4
HERB_9b219ed5e45b,Herb,1
HERB_6fe708302d96,Herb,1
HERB_fb612eb23b7d,Herb,1
HERB_07f1c4a711ec,Herb,1
HERB_1263770a8e3a,Herb,1
HERB_fb0777afd49e,Herb,1
HERB_7a8846052064,Herb,1
HERB_3c008c1dda70,Herb,1
HERB_0ae77b099632,Herb,1
HERB_fe28e8acbe16,Herb,1
HERB_0ce9d6866675,Herb,1
HERB_1b081f229ac0,Herb,1
HERB_b48894510558,Herb,1
HERB_c55fb0c49a4e,Herb,13
HERB_d341b5142713,Herb,1
HERB_68c8f7efcc4a,Herb,1
HERB_a6c504d27dba,Herb,1
HERB_600d6c126553,Herb,2
HERB_1eae03b3d48d,Herb,1
HERB_a854846899ca,Herb,2
HERB_3fcf9f88a761,Herb,1
HERB_ad89a9ce0f92,Herb,1
HERB_167e7722a190,Herb,2
HERB_538dc720bb22,Herb,1
HERB_a3e49153976e,Herb,1
HERB_fc10f6718315,Herb,1
HERB_de185112f7b0,Herb,1
HERB_0587fa0d8ef7,Herb,1
HERB_0b2327d68760,Herb,1
HERB_2dc097a50aad,Herb,1
HERB_a7affa086058,Herb,1
HERB_9498b17a8f8b,Herb,1
HERB_14a7be56c9d4,Herb,1
HERB_735e842760be,Herb,1
HERB_44d623a11cee,Herb,21
HERB_aefaf985e373,Herb,1
HERB_5229ddd2a8f9,Herb,7
HERB_68bb00d93632,Herb,3
HERB_b8b9f5489bff,Herb,1
HERB_5b7da7c53307,Herb,2
HERB_97872463a1b0,Herb,1
HERB_4699ef53ec01,Herb,1
HERB_393579e75262,Herb,1
HERB_35c4e3278d6a,Herb,10
HERB_f5b80ecde5ea,Herb,2
HERB_4b9b789c5865,Herb,1
HERB_acbdfd959406,Herb,1
HERB_552f4df9bd89,Herb,1
HERB_16d74616eb00,Herb,1
HERB_0d4d2d2fd95c,Herb,1
HERB_e9859f3bbd8e,Herb,1
HERB_0d42daf2cb47,Herb,1
HERB_b04cebc57d03,Herb,17
HERB_80828a64409f,Herb,13
HERB_3f90fe1d481b,Herb,1
HERB_1e630e48b0b0,Herb,6
HERB_1b3153d1fe37,Herb,1
HERB_ec78b72d5299,Herb,1
HERB_7bd181463cde,Herb,1
HERB_2724dd8fedd9,Herb,1
HERB_2a7af8a79e88,Herb,1
HERB_79f423d8966e,Herb,4
HERB_cbcc1564dbcb,Herb,1
HERB_6c3a1ca644b6,Herb,1
HERB_52b500edaa95,Herb,1
HERB_44f34f17ddf1,Herb,36
HERB_eb0ac0d0f7ed,Herb,9
HERB_8b7a6ce44df0,Herb,5
HERB_86ae98d01cac,Herb,1
HERB_b2b3631de6cc,Herb,1
HERB_cfdbe0f62fa2,Herb,1
HERB_d671d90b8bc2,Herb,1
HERB_d798b39fa8b8,Herb,1
HERB_0c98668ff6ce,Herb,2
HERB_046d2f89e1fb,Herb,8
HERB_4e0d4baf665d,Herb,1
HERB_d946ce46dc33,Herb,1
HERB_f17608ea8fbb,Herb,1
HERB_5fe37fdf396e,Herb,1
HERB_ece4933ec748,Herb,1
HERB_861fd457e7d0,Herb,1
HERB_7149d9c53b65,Herb,1
HERB_224801b9bbd9,Herb,1
HERB_254f26c48338,Herb,10
HERB_693b5a672a61,Herb,1
HERB_abb4d3fc0496,Herb,2
HERB_4aa2cb65f5ac,Herb,1
HERB_8736e5e1eb43,Herb,1
HERB_7f168fcdf658,Herb,1
HERB_53e1d731e377,Herb,1
HERB_734c062ff4ee,Herb,1
HERB_c670edb8199c,Herb,1
HERB_a03d6fc92876,Herb,1
HERB_d9e46654a91a,Herb,1
HERB_045a60cb6294,Herb,3
HERB_94122d376683,Herb,1
HERB_2e3018e7733c,Herb,1
HERB_5f308fd00d21,Herb,6
HERB_78cbf87548b4,Herb,7
HERB_6e335f0401e2,Herb,1
HERB_073ac3c5552a,Herb,1
HERB_3d49ac189598,Herb,1
HERB_80c2dc2859c0,Herb,1
HERB_480e4453a6d2,Herb,1
HERB_30142503c684,Herb,1
HERB_2c2d3f8f6366,Herb,2
HERB_b628610ac3dd,Herb,1
HERB_7b0870c49f98,Herb,1
HERB_b3e9cdd31869,Herb,1
HERB_ade26822a4cd,Herb,1
HERB_decd1d6ba3c2,Herb,1
HERB_52d9dda59a9d,Herb,1
HERB_da05611dc712,Herb,1
HERB_540b9709b05d,Herb,1
HERB_87ddf727510f,Herb,1
HERB_df3c44aeefbc,Herb,1
HERB_6af4babafd1e,Herb,10
HERB_9a6c267e25d2,Herb,2
HERB_c788fbbfb7c3,Herb,1
HERB_8133348f0b0f,Herb,1
HERB_67850858f4b9,Herb,11
HERB_75807a3f53c1,Herb,2
HERB_c2fdb4c760c0,Herb,1
HERB_e20468d58be4,Herb,1
HERB_ca0fca3e5f46,Herb,1
HERB_3910d5eed7a2,Herb,1
HERB_4e28ed73deac,Herb,1
HERB_14ca12808e12,Herb,1
HERB_37bfd943d2e5,Herb,1
HERB_4ca865818e8b,Herb,1
HERB_eaa5bdd26dd2,Herb,1
HERB_12c13f9435ce,Herb,1
HERB_0dda007c4016,Herb,1
HERB_de29780abbbf,Herb,4
HERB_cea9fbd6b415,Herb,1
HERB_7ed89a011881,Herb,1
HERB_a4b3e58c386d,Herb,2
HERB_0e9a179e9113,Herb,1
HERB_221a82c87ac4,Herb,1
HERB_714b74fc714b,Herb,1
HERB_25de821a0d34,Herb,1
HERB_6f7a2288b63b,Herb,1
HERB_45c36a8b5815,Herb,1
HERB_3938d1b1c06c,Herb,12
HERB_569cf41bd6be,Herb,1
HERB_d87dc97290af,Herb,2
HERB_d9fb512de2c4,Herb,1
HERB_1405d68aa354,Herb,1
HERB_849a49fddc88,Herb,1
HERB_17212bae69d2,Herb,2
HERB_4e5c47b4bbaa,Herb,1
HERB_deb626512e9b,Herb,6
HERB_34dbcf26bd8c,Herb,1
HERB_4db92b9675e1,Herb,1
HERB_e3d3fa858280,Herb,2
HERB_3bb3aead4013,Herb,2
HERB_d9804ece6899,Herb,5
HERB_f1de3f4b7a95,Herb,1
HERB_658bacfc4786,Herb,1
HERB_3c55494a159f,Herb,2
HERB_06c73e81727c,Herb,1
HERB_d640ab77b43d,Herb,1
HERB_65f274aa43e7,Herb,2
HERB_47cbf84633d0,Herb,1
HERB_9d2fccb9f78d,Herb,1
HERB_30cc80db4cf1,Herb,1
HERB_7ab495a0c517,Herb,1
HERB_812c7178207d,Herb,1
HERB_3bc4fbb1b88b,Herb,1
HERB_fcb202159dfb,Herb,1
HERB_47b8fa1ca3a7,Herb,1
HERB_bb140cb304a5,Herb,1
HERB_f9bd58cb72b5,Herb,1
HERB_f19cffa5cf79,Herb,1
HERB_e9e0c8283d5c,Herb,1
HERB_fa5ce86eed3b,Herb,1
HERB_bd802477e6f6,Herb,1
HERB_2d5a8b703f66,Herb,1
HERB_24cdbfbd19b7,Herb,1
HERB_de20720fff4c,Herb,2
HERB_9aa2952f8a29,Herb,1
HERB_276f49a09663,Herb,2
HERB_20eb2edeee2f,Herb,1
HERB_6b282d7ae33b,Herb,1
HERB_7bd7588fc207,Herb,1
HERB_957bc2b0ad58,Herb,1
HERB_3ae35d68cca0,Herb,1
HERB_67e577fa056c,Herb,1
HERB_93acff570315,Herb,18
HERB_cefc5f78f7f7,Herb,1
HERB_bf585a964bbf,Herb,1
HERB_828f7edabe75,Herb,2
HERB_07de3336c6f6,Herb,2
HERB_358d5d2ab108,Herb,1
HERB_95d37ae66929,Herb,1
HERB_f81184abde38,Herb,1
HERB_93552a4470b7,Herb,12
HERB_8052f168a742,Herb,1
HERB_6eb1938c8436,Herb,4
HERB_94d39db6fe6b,Herb,1
HERB_4b0dadadc216,Herb,1
HERB_589c4cbb7670,Herb,1
HERB_a9f5efaf7c43,Herb,1
HERB_e098244bc236,Herb,1
HERB_5a699fa9d8a2,Herb,1
HERB_5e6202becc18,Herb,1
HERB_4e5c82675ccb,Herb,2
HERB_1274d5c627e3,Herb,3
HERB_fe52fa2e818d,Herb,1
HERB_302c4dbea81b,Herb,3
HERB_2617b2337fa4,Herb,1
HERB_db48e82677fd,Herb,2
HERB_d60ca4fc8869,Herb,1
HERB_a3bce569795e,Herb,5
HERB_ac3ae5c24841,Herb,1
HERB_3af408880090,Herb,1
HERB_c2b3584b934e,Herb,1
HERB_eb4e1b6e598e,Herb,2
HERB_7762a8015d19,Herb,1
HERB_37b3a2f46e92,Herb,1
HERB_54ee99faf37f,Herb,1
HERB_3f32e176db91,Herb,1
HERB_2d2d5d83d3f6,Herb,1
HERB_af6c0bba98b8,Herb,1
HERB_b984a9348846,Herb,3
HERB_c9f5a59d657b,Herb,1
HERB_b00fc9861161,Herb,16
HERB_35b0553336bb,Herb,2
HERB_b5657290e215,Herb,1
HERB_363ba50a37dc,Herb,1
HERB_08d646c18a90,Herb,1
HERB_bf2aafbb5551,Herb,1
HERB_d9ff67e5d4c7,Herb,16
HERB_63260c1348a9,Herb,16
HERB_2cfc070c0187,Herb,1
HERB_d554b3481bbd,Herb,1
HERB_86aec36576e2,Herb,1
HERB_bd77305d2c50,Herb,1
HERB_1c8a421844b2,Herb,1
HERB_495f205a7f64,Herb,1
HERB_363c37419fba,Herb,1
HERB_1e7906526b61,Herb,2
HERB_864ad7a9fdc7,Herb,1
HERB_ea877c980d10,Herb,1
HERB_60f466bb536b,Herb,1
HERB_2db2efe49332,Herb,1
HERB_d529c2b2b1d3,Herb,6
HERB_c5729e5c3873,Herb,1
HERB_9d77fed24111,Herb,1
HERB_5342765cb7e0,Herb,2
HERB_2bd0f97020f8,Herb,3
HERB_813016806e04,Herb,1
HERB_1c55a646a41f,Herb,2
HERB_b9d4dcf8c753,Herb,1
HERB_98a3894b8cfe,Herb,1
HERB_2124601632db,Herb,15
HERB_4f2045530559,Herb,1
HERB_7f21ad809741,Herb,1
HERB_ca91d964c7cd,Herb,1
HERB_5aa3ea9cd337,Herb,1
HERB_22d9cec8d8c2,Herb,1
HERB_3982988dd782,Herb,1
HERB_3ae621cf834a,Herb,1
HERB_db0704d97c1b,Herb,3
HERB_c030a1fd1d2b,Herb,2
HERB_5e197e691673,Herb,1
HERB_a34ac6773305,Herb,1
HERB_8f847c06f853,Herb,1
HERB_6271b92d6b14,Herb,3
HERB_2fc2a8788d55,Herb,1
HERB_ae74df0a0070,Herb,1
HERB_84c2a94e127d,Herb,1
HERB_63a94156b15e,Herb,1
HERB_10fb1b297d77,Herb,1
HERB_965598a801d1,Herb,1
HERB_166e3f0e9686,Herb,2
HERB_e63487049871,Herb,1
HERB_7774b581793f,Herb,4
HERB_adc656aeb4c0,Herb,1
HERB_df68cf5c7f69,Herb,16
HERB_cfbd3e9e6341,Herb,5
HERB_7f7d0495e279,Herb,1
HERB_9caf09959eef,Herb,3
HERB_3dbe7c721a7e,Herb,1
HERB_a93810a66aab,Herb,1
HERB_f4e6d556a16e,Herb,2
HERB_96a312beeb95,Herb,1
HERB_026ef269b313,Herb,1
HERB_ba7e72ecea19,Herb,1
HERB_bcda29d02163,Herb,1
HERB_65f76f48c740,Herb,1
HERB_0b9fd67816b6,Herb,1
HERB_def81106b862,Herb,1
HERB_567ce1b622c7,Herb,2
HERB_ec100ef57a42,Herb,1
HERB_9f8c3356c7dc,Herb,1
HERB_1b116a3318ff,Herb,1
HERB_f482a373fbda,Herb,1
HERB_a10d4ff7c71f,Herb,1
HERB_e1a8ea53fe72,Herb,1
HERB_90d54b86f9ef,Herb,1
HERB_699f49b91f2d,Herb,1
HERB_ffc5788006e7,Herb,1
HERB_ef401ebcb382,Herb,1
HERB_8acf58b6f90f,Herb,1
HERB_274cd5fd0cbd,Herb,1
HERB_c999a9d5233d,Herb,1
HERB_f0070282b49a,Herb,2
HERB_bfe700d4986a,Herb,1
HERB_5f5b86ed4a6a,Herb,1
HERB_1476d65698e6,Herb,1
HERB_efdf298b184a,Herb,1
HERB_d86d26df7689,Herb,1
HERB_68af10f83df9,Herb,1
HERB_bed04359997f,Herb,1
HERB_88f55f17142b,Herb,1
HERB_fbd1427fbb1f,Herb,1
HERB_e64bc73d41d9,Herb,1
HERB_c423f401dc89,Herb,2
HERB_619998fe1df6,Herb,1
HERB_0b8bf5164782,Herb,1
HERB_f2330dcacbaf,Herb,1
HERB_37ac22f29c50,Herb,1
HERB_86cd43dd2f00,Herb,5
HERB_78e7c8329051,Herb,1
HERB_688b21c84b44,Herb,1
HERB_b1280e002348,Herb,1
HERB_d087226477b6,Herb,1
HERB_06354366db42,Herb,1
HERB_eba16a5b292c,Herb,2
HERB_34a0fb980bc2,Herb,1
HERB_79d9610f2d6f,Herb,1
HERB_d75faecfad7f,Herb,1
HERB_897c132bedac,Herb,5
HERB_2c2661d76d70,Herb,1
HERB_61cd14ff0c1c,Herb,1
HERB_2e1942a5a665,Herb,2
HERB_252b607e0dc7,Herb,1
HERB_6c7facb1693c,Herb,1
HERB_e2c27280a9c8,Herb,1
HERB_50108bd7bb65,Herb,1
HERB_612464254538,Herb,1
HERB_23b30db96ccf,Herb,2
HERB_49c48d667b35,Herb,1
HERB_6be21643cafb,Herb,1
HERB_65cb9468931b,Herb,1
HERB_3e8fad4c5b8b,Herb,1
HERB_65fc6e9badcf,Herb,2
HERB_cd258d9875ef,Herb,3
HERB_ea20c6561f99,Herb,1
HERB_ec3742b82095,Herb,1
HERB_05e866c8c462,Herb,1
HERB_6e8d57a3a231,Herb,1
HERB_b7c62ef4cc53,Herb,3
HERB_418da1fcb57d,Herb,1
HERB_f0b923bbcef8,Herb,1
HERB_d79e860a5762,Herb,1
HERB_3847d06e50ba,Herb,1
HERB_840d0ac130ad,Herb,1
HERB_a8e00c815d5b,Herb,1
HERB_a7727aa8e4c3,Herb,1
HERB_0b19cb94c4ee,Herb,1
HERB_c978ed7003ea,Herb,2
HERB_a8dd56175044,Herb,1
HERB_91442b6c47e8,Herb,1
HERB_44f7c4f8cbff,Herb,1
HERB_7f41a0aa9308,Herb,1
HERB_d1d705d05525,Herb,3
HERB_2d28a632a27b,Herb,1
HERB_ffd15c48684d,Herb,1
HERB_a876c7751e6d,Herb,1
HERB_2a7e15bf8dfd,Herb,1
HERB_ea2eae8a29b5,Herb,1
HERB_a8b4d3f2baf9,Herb,1
HERB_7c147b01359a,Herb,1
HERB_38b0a2ff4958,Herb,1
HERB_9a875d37f1ec,Herb,1
HERB_8b6353f8c982,Herb,1
HERB_156e0b00e347,Herb,1
HERB_5ac9424cacc6,Herb,2
HERB_43b4e261fcf7,Herb,1
HERB_feb8f911eeb1,Herb,34
HERB_9b4306e7ec70,Herb,1
HERB_f13b8f23cdbc,Herb,2
HERB_4abee1dfeacb,Herb,4
HERB_3bc95ba29bdf,Herb,1
HERB_0ae897e771ad,Herb,2
HERB_00a54d4f77e7,Herb,2
HERB_faf0c1eb2150,Herb,1
HERB_311d62192e29,Herb,1
HERB_79732ae366cd,Herb,1
HERB_2501d8587b51,Herb,1
HERB_9c411142c59f,Herb,1
HERB_c19cfe1b809b,Herb,4
HERB_ac5a1591d98d,Herb,1
HERB_156a0343d881,Herb,1
HERB_e5c5cd5540cd,Herb,5
HERB_fb54943d0cc1,Herb,1
HERB_d98677682198,Herb,1
HERB_b6155e3190c2,Herb,1
HERB_c16f57d47377,Herb,1
HERB_03a2737cd03f,Herb,1
HERB_86975dc71806,Herb,1
HERB_db8ff8130d53,Herb,1
HERB_23d2e84d3ee8,Herb,1
HERB_d53657cb9458,Herb,1
HERB_1a7572525569,Herb,1
HERB_ba15a79342d7,Herb,1
HERB_77a9efbebc9e,Herb,1
HERB_8559a05c482e,Herb,1
HERB_af0b5d736c57,Herb,3
HERB_7f86f2752729,Herb,1
HERB_0979c459e7e6,Herb,1
HERB_3458bc8075eb,Herb,1
HERB_ec20ba422947,Herb,1
HERB_929814c7d6e6,Herb,1
HERB_890789788720,Herb,3
HERB_160e770afa9b,Herb,13
HERB_baf5ec253bc2,Herb,1
HERB_bc425382882d,Herb,1
HERB_26726573ca9c,Herb,1
HERB_9962cee8a441,Herb,1
HERB_fc7191600071,Herb,1
HERB_c0f5f8cb0ffb,Herb,2
HERB_4ae51851f90d,Herb,1
HERB_c82fcbef0959,Herb,1
HERB_5266c357c226,Herb,1
HERB_5431138455bd,Herb,11
HERB_0edc943b5327,Herb,1
HERB_61a9c625a28e,Herb,1
HERB_172364a28ec1,Herb,1
HERB_69ebf2c5a754,Herb,1
HERB_65179d562050,Herb,1
HERB_87cc70783b30,Herb,1
HERB_3183bd196e0b,Herb,1
HERB_f356c16d6c12,Herb,10
HERB_a96ed532c081,Herb,1
HERB_b27f2fbdb45b,Herb,1
HERB_bd43b0fb62ea,Herb,2
HERB_ffddcf09eef0,Herb,1
HERB_233bf7faea84,Herb,1
HERB_e8cf31b298d1,Herb,1
HERB_3ffae331eb06,Herb,1
HERB_362ac597463c,Herb,1
HERB_ec759dfde230,Herb,1
HERB_ff84c94e8511,Herb,1
HERB_33f1a29ea30b,Herb,7
HERB_1e077e17b4c4,Herb,1
HERB_444cfeeb382f,Herb,2
HERB_0cfe23847705,Herb,1
HERB_07dd3b156800,Herb,1
HERB_63e38ac18b15,Herb,2
HERB_f94be3d71b55,Herb,8
HERB_9c2690471a79,Herb,5
HERB_006f9a1a496a,Herb,1
HERB_28c42e560fb0,Herb,8
HERB_bed90a587e05,Herb,1
HERB_5ec0b7781646,Herb,1
HERB_70a76f610813,Herb,1
HERB_0f8fa61a65b2,Herb,1
HERB_61cf96f10416,Herb,1
HERB_a84bc08b9540,Herb,1
HERB_8645624bd657,Herb,1
HERB_ac1f5e62adc0,Herb,1
HERB_2374bd017320,Herb,1
HERB_8d5f61a97fe6,Herb,1
HERB_2e2091bcf24c,Herb,1
HERB_d1a9976221dc,Herb,1
HERB_9be5e2d3009e,Herb,1
HERB_924cbe633c7d,Herb,1
HERB_2ace4b29d3fe,Herb,1
HERB_566507978bfe,Herb,2
HERB_6b423da39488,Herb,1
HERB_0ec8479c1044,Herb,1
HERB_a513dade662f,Herb,1
HERB_ecea951503cb,Herb,1
HERB_af1a0f4f4d57,Herb,1
HERB_1d1fad4771f0,Herb,1
HERB_c9acb8c76543,Herb,1
HERB_3307c14e4434,Herb,1
HERB_7947b7a61a3e,Herb,1
HERB_937babd8bd35,Herb,1
HERB_b5d86956742d,Herb,6
HERB_29440ff23f8d,Herb,1
HERB_a2d0d555d41c,Herb,1
HERB_f09c26e2316a,Herb,1
HERB_d6013d60cda8,Herb,1
HERB_06fc6492ca5c,Herb,1
HERB_83cde9919b47,Herb,1
HERB_43dc331cfd74,Herb,1
HERB_aa6911202213,Herb,1
HERB_06355938fe81,Herb,1
HERB_5421c8fb5894,Herb,1
HERB_9b386b1552ec,Herb,1
HERB_c119355fb3d8,Herb,1
HERB_786298575e2b,Herb,1
HERB_87a98cb1c0ed,Herb,1
HERB_f1892554e506,Herb,1
HERB_b1cb7d5fab99,Herb,3
HERB_8e4779249df9,Herb,1
HERB_f08888f19ed1,Herb,1
HERB_773d9006e42e,Herb,1
HERB_62a92c735cf4,Herb,1
HERB_cada5a89b266,Herb,1
HERB_d556ab307cfd,Herb,1
HERB_3264813e3bc6,Herb,1
HERB_5661ec4c8e20,Herb,6
HERB_713aa870630c,Herb,1
HERB_19bfb9571feb,Herb,1
HERB_e6c22b20a968,Herb,1
HERB_13345d53099b,Herb,1
HERB_a12abe37957c,Herb,1
HERB_a355622db79d,Herb,1
HERB_258a35338463,Herb,1
HERB_6345a9385fff,Herb,1
HERB_115b2f1aa071,Herb,1
HERB_5496fec2f2f7,Herb,2
HERB_20b16c8f4c2e,Herb,1
HERB_8787a96c332f,Herb,1
HERB_68ceb43caff9,Herb,1
HERB_88778ed11e30,Herb,1
HERB_72a7fa180421,Herb,12
HERB_77f97bf5fb4f,Herb,4
HERB_e433a78a9e62,Herb,1
HERB_2155c8858ee4,Herb,1
HERB_f553791e6ed5,Herb,1
HERB_0e2f89ca29a6,Herb,2
HERB_83fa22535b88,Herb,1
HERB_5f1bae31ac48,Herb,1
HERB_f081e9548995,Herb,1
HERB_ba995e6aa065,Herb,1
HERB_6efcf695ce5b,Herb,1
HERB_b21136ef8a2c,Herb,7
HERB_ad6af27ca2fd,Herb,1
HERB_aace525740bb,Herb,1
HERB_9b828b3d5e12,Herb,1
HERB_ec53b3f498d0,Herb,1
HERB_7ddba971767d,Herb,1
HERB_29ad9a5d0241,Herb,1
HERB_15485c57dfaf,Herb,1
HERB_ef23e1d02897,Herb,3
HERB_ea2375043678,Herb,1
HERB_e2832744f9b0,Herb,1
HERB_2a864036b395,Herb,1
HERB_20e25737d2c2,Herb,1
HERB_3ea25426bec3,Herb,3
HERB_288ee77b5eee,Herb,5
HERB_64cc9c072a61,Herb,3
HERB_e295415562c8,Herb,1
HERB_9395d2f09ba8,Herb,1
HERB_8a4747bcb3be,Herb,1
HERB_afd6e4259bea,Herb,1
HERB_13d028ef4ca8,Herb,2
HERB_09ce10502afe,Herb,1
HERB_dc9db91d5003,Herb,3
HERB_66581070f365,Herb,1
HERB_0e9c71966ff1,Herb,1
HERB_e07efc73de4a,Herb,1
HERB_94319a9ca05c,Herb,1
HERB_42b2d8e26281,Herb,6
HERB_0bc08c7b682f,Herb,1
HERB_52d8ccc47ffc,Herb,1
HERB_b015fab3c264,Herb,1
HERB_7d6873a8ad05,Herb,1
HERB_a31ea2ad67de,Herb,1
HERB_cc8d8b05245c,Herb,1
HERB_8fdd423fc269,Herb,1
HERB_1638fec6fd4a,Herb,1
HERB_0b84cc7b5d32,Herb,2
HERB_f87eb03df657,Herb,1
HERB_013205f7695c,Herb,1
HERB_6e9f2e36bd81,Herb,1
HERB_3020b325bb52,Herb,1
HERB_59f2a7be7d7e,Herb,1
HERB_1b59dbf62c63,Herb,6
HERB_2b95d42858da,Herb,1
HERB_c60b28d349f6,Herb,2
HERB_90056c96680c,Herb,1
HERB_6e339348cdd0,Herb,1
HERB_017dd2e80fc7,Herb,1
HERB_9423b28ef577,Herb,5
HERB_33b3d9946de3,Herb,1
HERB_2ba459a8a39a,Herb,1
HERB_5df7a14496fc,Herb,1
HERB_67f78cdc25dc,Herb,15
HERB_ee33187ffcea,Herb,12
HERB_02a56c8d85e0,Herb,1
HERB_cb00cf16ef86,Herb,5
HERB_d8770a6c663d,Herb,1
HERB_af3a2389325e,Herb,4
HERB_3cc92fa18a28,Herb,1
HERB_54768d20d71d,Herb,1
HERB_7f52e9ae4647,Herb,1
HERB_1f8929b48a6f,Herb,1
HERB_c504e408e948,Herb,1
HERB_1dfa8c40239d,Herb,1
HERB_a28e6e0e095d,Herb,1
HERB_a919e6389910,Herb,1
HERB_7df7bf832418,Herb,1
HERB_c1658b52b3be,Herb,1
HERB_b31557d03144,Herb,1
HERB_e98f9b199994,Herb,1
HERB_69cc2165e6e5,Herb,1
HERB_346a6e0f940a,Herb,1
HERB_214f3683c2c3,Herb,1
HERB_7fa1a7bf686f,Herb,4
HERB_a9c38ff164db,Herb,1
HERB_2fa95f533ac2,Herb,1
HERB_b3e6977664fa,Herb,1
HERB_abf2d12ad266,Herb,1
HERB_f51f8d906ef1,Herb,1
HERB_495bbcf7badb,Herb,1
HERB_202deb80d648,Herb,1
HERB_a38dd0f879bc,Herb,2
HERB_69d2a924f47e,Herb,1
HERB_cc190c3c3ee3,Herb,1
HERB_758793b3ca75,Herb,1
HERB_0c06e0d62783,Herb,1
HERB_796d7881eef2,Herb,1
HERB_9d14a24a7cd2,Herb,1
HERB_0cc2eefd284b,Herb,5
HERB_a92319147d77,Herb,2
HERB_fbbdf7cbced3,Herb,6
HERB_63d980d3a844,Herb,1
HERB_c4b26b1218b1,Herb,1
HERB_e505b860e5e8,Herb,1
HERB_966fab4a234e,Herb,1
HERB_548c6a343192,Herb,1
HERB_55376ca0d140,Herb,1
HERB_85d826b6088f,Herb,1
HERB_fa581ffc7315,Herb,1
HERB_5bd34bbc4799,Herb,1
HERB_553dbd861d3f,Herb,1
HERB_ae998ce1634c,Herb,1
HERB_7afea503a73e,Herb,1
HERB_4bdd3603648a,Herb,1
HERB_83f5022df159,Herb,1
HERB_89b4650a632c,Herb,1
HERB_bad01d8b17a6,Herb,1
HERB_b7723de2a9cf,Herb,1
HERB_a173e24cffe3,Herb,1
HERB_49b96488134c,Herb,1
HERB_aa9d5087909e,Herb,1
HERB_20f7947581ce,Herb,1
HERB_0b04e0358663,Herb,2
HERB_f6e3b037ef87,Herb,1
HERB_e11ad914a2f7,Herb,1
HERB_96d3ed1577d2,Herb,1
HERB_7e48c6366826,Herb,1
HERB_9a51628351a6,Herb,1
HERB_6e4556c11614,Herb,1
HERB_2e4139a63040,Herb,1
HERB_21c10bfa56e8,Herb,1
HERB_1d8303c2a673,Herb,1
HERB_2e64c6623113,Herb,1
HERB_adfc5abd4a02,Herb,1
HERB_cbace68ba628,Herb,1
HERB_8cab1e6d1124,Herb,7
HERB_bdaf2bb23690,Herb,1
HERB_00ea32d24501,Herb,1
HERB_8b887fe9654a,Herb,1
HERB_23a85c291475,Herb,1
HERB_0b77c8d7479b,Herb,1
HERB_e2b0c7258101,Herb,13
HERB_77c45f1652c7,Herb,1
HERB_411164010590,Herb,1
HERB_1cc1fb84fc1e,Herb,1
HERB_5bfd239e75a2,Herb,1
HERB_655dde35020e,Herb,1
HERB_da67f4ffaea8,Herb,1
HERB_9d62bd437fb7,Herb,1
HERB_8a4f4ccb57a9,Herb,1
HERB_76cd9fb362f7,Herb,1
HERB_1ee2a436d194,Herb,1
HERB_354e46d929e6,Herb,1
HERB_fed22086f383,Herb,1
HERB_04905e3332ab,Herb,2
HERB_f6fee85c450b,Herb,1
HERB_e438025a6210,Herb,3
HERB_21eb69eabf00,Herb,1
HERB_712587a64226,Herb,1
HERB_d68987684559,Herb,14
HERB_375e1c6d2e2b,Herb,1
HERB_90f47228222c,Herb,1
HERB_d54be9dae135,Herb,1
HERB_3f3a48c42ec9,Herb,1
HERB_22c5af513100,Herb,1
HERB_16dc3f23d267,Herb,1
HERB_6b8ca48bd229,Herb,1
HERB_5ee605c1dd9c,Herb,1
HERB_1eb5eddaac75,Herb,1
HERB_fc069d068512,Herb,2
HERB_9f74125d9606,Herb,1
HERB_ef7282b7ecc6,Herb,4
HERB_7160e45effc1,Herb,1
HERB_b130fb5e7a1b,Herb,1
HERB_09a6fb72487f,Herb,1
HERB_afd172e8574c,Herb,1
HERB_4439a5e7197d,Herb,1
HERB_13bd70327841,Herb,1
HERB_9fbfc776c984,Herb,1
HERB_aa113b495643,Herb,1
HERB_9a816137f72c,Herb,1
HERB_e69563930f8c,Herb,1
HERB_87ffd0d1cf67,Herb,1
HERB_ac84af11e95c,Herb,2
HERB_e381dfcfb91f,Herb,1
HERB_7a851c9537d5,Herb,1
HERB_6117391c0bf3,Herb,1
HERB_a6de29379627,Herb,1
HERB_c852b639aaaa,Herb,1
HERB_1ce95204b9e3,Herb,32
HERB_5390fea46918,Herb,4
HERB_71a6ccef343b,Herb,1
HERB_cb8c292359b4,Herb,1
HERB_16be65aaf90e,Herb,1
HERB_14a77c2dd484,Herb,1
HERB_bcf3e35cb12c,Herb,1
HERB_ea32d858c812,Herb,1
HERB_bbf07464df62,Herb,1
HERB_8362a0ef2ef5,Herb,6
HERB_ec1eddfc6641,Herb,1
HERB_8fad4c602b67,Herb,1
HERB_57f03b7e4584,Herb,1
HERB_8d781099918e,Herb,1
HERB_d4ceebd4af68,Herb,1
HERB_89882f0361d5,Herb,3
HERB_fd4c712a9f5c,Herb,1
HERB_6d339ae0de11,Herb,1
HERB_424b5d3e485c,Herb,1
HERB_f9fe7ebafe90,Herb,2
HERB_08f64b39c51c,Herb,10
HERB_bb87152abfcc,Herb,1
HERB_9afd0d49d09a,Herb,2
HERB_9e7eb3a939ac,Herb,1
HERB_d0e365b77a35,Herb,1
HERB_14f0dad0be1b,Herb,1
HERB_fa650f59294e,Herb,1
HERB_5a095a65dfd1,Herb,1
HERB_f70d9087eae1,Herb,1
HERB_13ffc13161d5,Herb,1
HERB_7170977508f4,Herb,1
HERB_b2636ad0f822,Herb,2
HERB_136bcd2f304c,Herb,1
HERB_4a37ba871cf6,Herb,1
HERB_f6497139d6b0,Herb,1
HERB_031d1e098cd0,Herb,19
HERB_1d11efc6849e,Herb,1
HERB_3887a96b17df,Herb,1
HERB_c6d8a7c710b3,Herb,1
HERB_b1a070d8bafd,Herb,2
HERB_72b9f44ec2b2,Herb,1
HERB_c1d7afbcdb06,Herb,1
HERB_0a52b936b33f,Herb,1
HERB_b305751c64e5,Herb,4
HERB_721f0ca67e69,Herb,1
HERB_e1827ad34f91,Herb,1
HERB_ce7a41547119,Herb,4
HERB_0674396ec3e4,Herb,1
HERB_8a6c6fec1a91,Herb,7
HERB_c8ba0807ceb2,Herb,1
HERB_80cafcc27072,Herb,1
HERB_bda6ea9165f8,Herb,1
HERB_cae05151b114,Herb,1
HERB_786199c5d247,Herb,1
HERB_5844166124dd,Herb,1
HERB_32cbfed5cfd3,Herb,1
HERB_90f039b8f875,Herb,1
HERB_ae22e1c56471,Herb,2
HERB_bebc87075ddd,Herb,1
HERB_6f8cde75b067,Herb,1
HERB_b08a6862608b,Herb,1
HERB_c6a0a68a54c8,Herb,1
HERB_58c00db73966,Herb,1
HERB_ad5bee88d028,Herb,1
HERB_8b1e56f6a40e,Herb,1
HERB_e61f74540bcc,Herb,1
HERB_a625659afa3c,Herb,1
HERB_41d8e554a4d8,Herb,1
HERB_042485d50c16,Herb,1
HERB_e2968b6c33e3,Herb,1
HERB_d4ce02d6d5c0,Herb,1
HERB_e33560850750,Herb,1
HERB_f5f16c58b921,Herb,1
HERB_89202673e425,Herb,9
HERB_007fff1693a9,Herb,12
HERB_e302adee4863,Herb,3
HERB_3c212d74e082,Herb,1
HERB_154ceab4a005,Herb,4
HERB_a7cee0da7e20,Herb,4
HERB_383e501f6311,Herb,1
HERB_33510c95fe1e,Herb,1
HERB_d18367df3097,Herb,1
HERB_c6d7eb4e8772,Herb,1
HERB_7926463de530,Herb,1
HERB_1ef4b82e31d2,Herb,1
HERB_6f9e8333dc55,Herb,2
HERB_f657f24139e2,Herb,1
HERB_97916dc3560f,Herb,1
HERB_f0a9c2ec43a3,Herb,1
HERB_c8e58b93ae48,Herb,1
HERB_70e0aad285d0,Herb,1
HERB_5a1a0a79406c,Herb,1
HERB_89f3ca039320,Herb,1
HERB_1766b898a423,Herb,3
HERB_a12067ed6546,Herb,2
HERB_c423c5b1c0c1,Herb,1
HERB_344a720ee1c8,Herb,2
HERB_c60645e62821,Herb,1
HERB_2c3acfa585c9,Herb,2
HERB_d3b4d056daa1,Herb,1
HERB_4b7edade0fa9,Herb,3
HERB_0488f0f31e9d,Herb,17
HERB_8a86bee997e3,Herb,1
HERB_485db3fc1d91,Herb,1
HERB_8bd04cefacda,Herb,1
HERB_58eb0291f824,Herb,1
HERB_5a687fd6a94f,Herb,1
HERB_d13f787402e5,Herb,1
HERB_dff31fa310bb,Herb,1
HERB_3aac0cdd27c5,Herb,1
HERB_8fcaa51ffb73,Herb,2
HERB_27eb875783e4,Herb,1
HERB_741be0e38797,Herb,1
HERB_86139558cfb0,Herb,4
HERB_ceee8b4b5870,Herb,1
HERB_18d535e92138,Herb,1
HERB_214c055e4892,Herb,1
HERB_c35a418ed00d,Herb,1
HERB_439eb0a75b4e,Herb,1
HERB_5a9afdffd6fa,Herb,1
HERB_0d2578af88b3,Herb,1
HERB_5595a1748396,Herb,6
HERB_7eb5923d3641,Herb,1
HERB_4f4c32e86f91,Herb,1
HERB_a81b9998276b,Herb,1
HERB_c350fc2ae709,Herb,3
HERB_8120e37a909e,Herb,3
HERB_6abd1d1417da,Herb,1
HERB_fe74aad38b89,Herb,1
HERB_94f1b421fbff,Herb,1
HERB_e44b8a9a4888,Herb,1
HERB_db8d69d30200,Herb,8
HERB_705fd17791af,Herb,1
HERB_c682b8076fe6,Herb,1
HERB_9a9759b4118f,Herb,1
HERB_74ea592c967a,Herb,7
HERB_5e0f47584165,Herb,1
HERB_e57a2d6e4479,Herb,1
HERB_dd1678270809,Herb,6
HERB_cd42021db4ea,Herb,1
HERB_6c7c9d78dadf,Herb,2
HERB_f3aacbce765d,Herb,1
HERB_76280c82438b,Herb,1
HERB_35133acca543,Herb,1
HERB_a5de44f199b3,Herb,8
HERB_7302ceb28d4a,Herb,2
HERB_b0be9f6fcc55,Herb,1
HERB_fb19d0dd18d4,Herb,1
HERB_90c66eac6c84,Herb,1
HERB_e4d2e85966ed,Herb,1
HERB_b42aa536988b,Herb,1
HERB_2a42bd1cc0bd,Herb,1
HERB_c4a7cdc7dedd,Herb,1
HERB_0fe7bcf86b4d,Herb,1
HERB_9199a1cf60ec,Herb,1
HERB_e9ab98c041d1,Herb,1
HERB_5ac04db07b42,Herb,6
HERB_a14a3bb880fd,Herb,2
HERB_b58c01239007,Herb,2
HERB_02eb902e13eb,Herb,1
HERB_0f056b5efa45,Herb,1
HERB_cbd77cb7a774,Herb,1
HERB_67aadb7f695f,Herb,1
HERB_edf54c48fcf5,Herb,1
HERB_ce5666eda8c5,Herb,1
HERB_af5c83adf4cd,Herb,1
HERB_c04472254ff3,Herb,1
HERB_ee6c4541b8d0,Herb,4
HERB_82c65355dea9,Herb,1
HERB_fa52d54edab1,Herb,1
HERB_18f567557ee5,Herb,1
HERB_b4b9e934018c,Herb,1
HERB_776bd118add3,Herb,2
HERB_c3fff9c30174,Herb,1
HERB_bf0833180efe,Herb,1
HERB_58279be187f1,Herb,2
HERB_41f43faa4163,Herb,1
HERB_4fe05b80bac2,Herb,1
HERB_a497609d5de8,Herb,1
HERB_91ffb28e67e8,Herb,1
HERB_8be936389e48,Herb,1
HERB_dd0c9fff1e8d,Herb,1
HERB_eaee9cfee53a,Herb,3
HERB_8595789f114e,Herb,1
HERB_1f434a79372c,Herb,1
HERB_ee081911afba,Herb,1
HERB_3189183b7814,Herb,2
HERB_05245328c4e4,Herb,1
HERB_9e3beb89bad3,Herb,1
HERB_8a02a42946b1,Herb,1
HERB_1ff51cfb3a0f,Herb,1
HERB_46ee91df326b,Herb,1
HERB_36c5c92ff10d,Herb,1
HERB_7ee5c2bcc0e8,Herb,1
HERB_40ad93e698c5,Herb,1
HERB_5fe221559c14,Herb,1
HERB_7f91d86c46c0,Herb,2
HERB_fc9a86024814,Herb,2
HERB_363e947cc880,Herb,1
HERB_1ef9d1e6f90f,Herb,3
HERB_228a1ef12cdf,Herb,1
HERB_3ba0f3357ba6,Herb,2
HERB_04087e1d6d5d,Herb,1
HERB_a3559b14e200,Herb,1
HERB_8ae5b9d5b1c9,Herb,1
HERB_b481cf249f9a,Herb,1
HERB_9ef7286872e0,Herb,1
HERB_6b868fa7e4ed,Herb,1
HERB_29c141f44dc3,Herb,1
HERB_6f68e8b3176d,Herb,3
HERB_54000f5f3c67,Herb,13
HERB_5eee966c19b3,Herb,1
HERB_09a7050e5035,Herb,5
HERB_7a1fdc280990,Herb,2
HERB_387078e7e040,Herb,1
HERB_8a569b1a23bb,Herb,1
HERB_2100a752b3be,Herb,2
HERB_daea70219a8c,Herb,5
HERB_6e64e52183c3,Herb,3
HERB_2e31d9a663da,Herb,1
HERB_3676d24efc94,Herb,1
HERB_2204d7183294,Herb,1
HERB_9a1b92a4522e,Herb,1
HERB_7fefc941c8b2,Herb,1
HERB_e9856661d573,Herb,1
HERB_faf9002c0906,Herb,1
HERB_ff617571b625,Herb,1
HERB_21bf2ced4388,Herb,3
HERB_4a75e5c6eed5,Herb,1
HERB_18adf525fcee,Herb,3
HERB_9d8d00c552cf,Herb,10
HERB_f4e6cc9f432f,Herb,1
HERB_f7815fb681fc,Herb,1
HERB_251a1018ca10,Herb,1
HERB_9dc83f6b0b82,Herb,1
HERB_0b05efec9f97,Herb,1
HERB_4dbc92492f33,Herb,2
HERB_38d441c22a34,Herb,2
HERB_02fd0fe9ebcc,Herb,1
HERB_c7959440e9e8,Herb,1
HERB_ef9db67b627e,Herb,1
HERB_ff3bf7adf2c9,Herb,1
HERB_5830e8288b81,Herb,1
HERB_2be6a32cfe49,Herb,3
HERB_73b0dc2f032a,Herb,2
HERB_61c38bc97429,Herb,1
HERB_3ad24e08ceef,Herb,1
HERB_92af11d80163,Herb,1
HERB_35e6d74fa9fa,Herb,1
HERB_669f515e02bd,Herb,2
HERB_c7b2b93d2638,Herb,1
HERB_b8aef2d033f8,Herb,1
HERB_797da142f0fc,Herb,1
HERB_317f6fc06095,Herb,1
HERB_f67abf6a79bc,Herb,1
HERB_13c8dde8a6f7,Herb,4
HERB_a00269358a65,Herb,1
HERB_a108e27b8033,Herb,2
HERB_a61d87ff7b5a,Herb,1
HERB_024c60f62259,Herb,1
HERB_172af14bf1a6,Herb,1
HERB_dfd46a6c9be1,Herb,1
HERB_44cb6244e3b6,Herb,1
HERB_ff215b00f7ef,Herb,2
HERB_546c8df594fd,Herb,16
HERB_dbc634056921,Herb,2
HERB_6656aa946af9,Herb,1
HERB_110e63d8e332,Herb,1
HERB_f1750144d3a7,Herb,2
HERB_cd90d7b97656,Herb,1
HERB_7b6ff71b9f64,Herb,1
HERB_4d4b1818895d,Herb,1
HERB_f4e42008de55,Herb,1
HERB_e2b03984b2c2,Herb,1
HERB_cdeb7cf33515,Herb,1
HERB_d2ca815a8753,Herb,1
HERB_befc098464e5,Herb,1
HERB_49ce33eade7c,Herb,1
HERB_f882aa8231c0,Herb,1
HERB_f126483ac16a,Herb,1
HERB_6f23b253fc8a,Herb,1
HERB_865c234157e9,Herb,1
HERB_4e1e293a9b22,Herb,1
HERB_590e30ee02a2,Herb,1
HERB_8dc4cda5ac94,Herb,1
HERB_ff0e8c640221,Herb,1
HERB_891b271cd457,Herb,7
HERB_11b14cac593b,Herb,1
HERB_a0ba31f07d18,Herb,1
HERB_f2e1408877f2,Herb,1
HERB_f4c5c4577734,Herb,1
HERB_3f07a6b6f571,Herb,1
HERB_d6801dffacd9,Herb,1
HERB_01b389dd799a,Herb,1
HERB_4d01110857a0,Herb,1
HERB_bfc9248fa57b,Herb,1
HERB_574adf8547da,Herb,1
HERB_c1b7a46d2da4,Herb,1
HERB_eea3055b3ade,Herb,1
HERB_7e7a6acd2f7b,Herb,1
HERB_484db20ff958,Herb,1
HERB_175fc88c9f42,Herb,1
HERB_861abae7f22c,Herb,1
HERB_0320bf62a388,Herb,1
HERB_ab55e7a8f5fe,Herb,4
HERB_fd8cfc06dde4,Herb,1
HERB_b4d2cc2591a4,Herb,1
HERB_c8e6973b8ce0,Herb,1
HERB_559efa216d74,Herb,1
HERB_25f9223ddd1e,Herb,4
HERB_8ff61f337a43,Herb,1
HERB_abd4ca093600,Herb,22
HERB_79e664dbd13b,Herb,3
HERB_feab1389f3ea,Herb,6
HERB_6a29f8e1ef55,Herb,1
HERB_80e581434f92,Herb,1
HERB_49b69c54851c,Herb,1
HERB_bc2222c4ecad,Herb,1
HERB_50c12c888dd8,Herb,3
HERB_cfd1ec962eb3,Herb,1
HERB_845ffeeb2edf,Herb,3
HERB_070088949df3,Herb,1
HERB_22c385133d71,Herb,1
HERB_d321f8a3fab9,Herb,1
HERB_ff621bf7c68f,Herb,1
HERB_40d8a95b6968,Herb,1
HERB_a4407525a5c7,Herb,1
HERB_c585ee6d44ed,Herb,1
HERB_9a2c43c3e1a8,Herb,1
HERB_f64d0119753b,Herb,1
HERB_3448da9f7c17,Herb,1
HERB_21e962a0ba8b,Herb,1
HERB_9b74b0eadd42,Herb,1
HERB_4a55de2f4fef,Herb,2
HERB_c46f457e6363,Herb,3
HERB_0b0bad459e7b,Herb,1
HERB_b730412b303d,Herb,1
HERB_2651dc75af2e,Herb,1
HERB_4696d7d17418,Herb,1
HERB_46a0283ce7de,Herb,1
HERB_1638866c3793,Herb,1
HERB_6c2f4a662664,Herb,1
HERB_bda85bbb01b4,Herb,3
HERB_ac3caf3965af,Herb,1
HERB_02936d795a57,Herb,1
HERB_73e37314f179,Herb,1
HERB_3c895232a5bd,Herb,4
HERB_e6b643ebc92d,Herb,3
HERB_5911641d02c3,Herb,1
HERB_55646dc2a56c,Herb,1
HERB_92a8735f1bc1,Herb,1
HERB_0946af0cee74,Herb,1
HERB_34328237f314,Herb,1
HERB_5a32ded0373c,Herb,1
HERB_1dec6df93255,Herb,1
HERB_7f2d1a882c68,Herb,1
HERB_a91bd9a029db,Herb,1
HERB_2666dee33aa2,Herb,1
HERB_59e1f075843e,Herb,1
HERB_e00f686f87c1,Herb,1
HERB_067f7c9e7eab,Herb,1
HERB_bae209fd3679,Herb,1
HERB_b76b3cf8d62c,Herb,1
HERB_c78290be3c30,Herb,1
HERB_9f1f34b6a0b0,Herb,1
HERB_3cfee66393b2,Herb,1
HERB_01ca96ee557b,Herb,1
HERB_45f084365164,Herb,1
HERB_e9d966eec7dc,Herb,3
HERB_b57e60d45d12,Herb,1
HERB_95de1870f648,Herb,4
HERB_a3adfd36c228,Herb,3
HERB_59a4da3f21ac,Herb,1
HERB_775b9f0f8b87,Herb,2
HERB_f3d91bf595a3,Herb,1
HERB_739c3d543410,Herb,3
HERB_324e49364c21,Herb,1
HERB_226eb5f38b0a,Herb,1
HERB_501f3b263172,Herb,1
HERB_81c33fa0ad79,Herb,1
HERB_537d67d49b51,Herb,1
HERB_43987f6971eb,Herb,10
HERB_8d9efa871923,Herb,1
HERB_d3c2a3701351,Herb,1
HERB_ba83ea82e870,Herb,1
HERB_c268fb9c1fd7,Herb,1
HERB_3f306a4d51d1,Herb,1
HERB_c9c9d121f11d,Herb,3
HERB_dc19414b8b60,Herb,1
HERB_66259e609861,Herb,1
HERB_d64643577cbe,Herb,1
HERB_33b91be43dfd,Herb,2
HERB_63595742b411,Herb,1
HERB_01487fe5f12c,Herb,1
HERB_c646d72c4404,Herb,1
HERB_9aa95723fbcc,Herb,10
HERB_8d4a5f081100,Herb,1
HERB_01c005ecfa1c,Herb,2
HERB_2dd4133a3f34,Herb,6
HERB_e33c9c3f7ec9,Herb,4
HERB_28af09f8f28b,Herb,1
HERB_c73e0341bb1d,Herb,1
HERB_613d3249cb9f,Herb,1
HERB_b0346748a497,Herb,1
HERB_b4f5ddc1a797,Herb,1
HERB_d6f6a7f1c182,Herb,1
HERB_cf71e6d0a7b8,Herb,1
HERB_6c01c3dd7775,Herb,1
HERB_2b668941d649,Herb,1
HERB_ab1b1898ed6f,Herb,1
HERB_77d52cc74b79,Herb,9
HERB_50ee64da0329,Herb,1
HERB_e7b36765bb44,Herb,5
HERB_e86082143f34,Herb,1
HERB_18355c76b5da,Herb,1
HERB_727038166245,Herb,1
HERB_520bdb94d5d8,Herb,1
HERB_73a4132d4633,Herb,10
HERB_0f4e2f7cd9af,Herb,1
HERB_a76d0b69f9b0,Herb,1
HERB_0de71fa73e63,Herb,1
HERB_23e69ca99812,Herb,1
HERB_74d0cf461da4,Herb,1
HERB_40382894d3e4,Herb,1
HERB_4ec4fc20db5d,Herb,1
HERB_1b752c63731e,Herb,1
HERB_b98879263383,Herb,1
HERB_2cc166a6f581,Herb,1
HERB_9f487bf55035,Herb,1
HERB_1f3bdd8ce9be,Herb,1
HERB_c496aaac422c,Herb,2
HERB_a7ccde3ef820,Herb,3
HERB_d553322dc059,Herb,1
HERB_a23a5d0f19c9,Herb,2
HERB_f1e4d11ea0a7,Herb,1
HERB_4cbd2b2d1d55,Herb,1
HERB_4e3b09df404a,Herb,1
HERB_19e33f5c234a,Herb,1
HERB_56f1e9bb11ee,Herb,1
HERB_2dcf3215f58a,Herb,1
HERB_2cb511a31468,Herb,1
HERB_2c5e166e6fe7,Herb,1
HERB_b0c112de43fe,Herb,2
HERB_abf212300ba8,Herb,2
HERB_11733af12acf,Herb,1
HERB_297c30d4bb7d,Herb,1
HERB_798ca0c797bf,Herb,1
HERB_d45e9baf013a,Herb,1
HERB_8e9132cdf7bb,Herb,1
HERB_cf272f16fb29,Herb,1
HERB_fbeaf9c1b3d6,Herb,1
HERB_35608579c8db,Herb,1
HERB_2965e4019f0f,Herb,1
HERB_c3565161d40b,Herb,1
HERB_225798acc551,Herb,1
HERB_6e90fe44a0e1,Herb,1
HERB_eb4a082aa261,Herb,1
HERB_9cf35a811efa,Herb,1
HERB_972f31d6169d,Herb,1
HERB_1ba10a06e1fa,Herb,1
HERB_ab568ca37bdc,Herb,1
HERB_cb0b72001333,Herb,1
HERB_30bd78857806,Herb,1
HERB_8fe67ade4690,Herb,1
HERB_8fca343501ac,Herb,1
HERB_4da375da3ba4,Herb,1
HERB_fa28e65b2523,Herb,1
HERB_fdf3d134bbbb,Herb,1
HERB_98703eecfb8a,Herb,3
HERB_46ecf7bb14b5,Herb,1
HERB_789712ac8491,Herb,1
HERB_075d5fbbd980,Herb,1
HERB_f84d7fe7b756,Herb,1
HERB_d48d5d2e714a,Herb,1
HERB_6d9cca5466fd,Herb,1
HERB_516c6c5e34d2,Herb,1
HERB_562211bbff2f,Herb,1
HERB_de04ddaa3bf2,Herb,1
HERB_a45a5f19dd3c,Herb,1
HERB_d44fa76d680f,Herb,1
HERB_9d58350c24e7,Herb,3
HERB_b12be10ec828,Herb,3
HERB_62631ada3ca2,Herb,1
HERB_30ec2f25c19b,Herb,1
HERB_0ffe47a95564,Herb,14
HERB_a295afb9a2fc,Herb,1
HERB_41e5b7a32dfc,Herb,1
HERB_6242355c853a,Herb,2
HERB_9318aafc9db9,Herb,1
HERB_a3c0026868a3,Herb,1
HERB_8ccfe8d349f4,Herb,1
HERB_c81efa440929,Herb,1
HERB_0ee38bfaea17,Herb,2
HERB_13119fe6a6b2,Herb,1
HERB_0ce43db24b44,Herb,1
HERB_84fb9cd08a10,Herb,1
HERB_1fa91db5d2c0,Herb,1
HERB_b50d963e92f3,Herb,1
HERB_4b6459d85c06,Herb,1
HERB_c9c915d5c40f,Herb,1
HERB_182e9d084b77,Herb,1
HERB_da9fccd20012,Herb,1
HERB_043dda35ebcf,Herb,1
HERB_1543e8464865,Herb,1
HERB_de8f675452d3,Herb,1
HERB_8e2eb4cb916e,Herb,1
HERB_59533f3fcf47,Herb,1
HERB_ac7f29d94232,Herb,1
HERB_abe07de1b723,Herb,1
HERB_b595b938ad2e,Herb,26
HERB_4277d1e53039,Herb,1
HERB_219f3e52ee4c,Herb,1
HERB_f47183ca5264,Herb,3
HERB_89e20bfb3f02,Herb,1
HERB_2452f5662e84,Herb,1
HERB_ae6a123ea20b,Herb,1
HERB_68bc9cf90045,Herb,1
HERB_aa1987cb848c,Herb,1
HERB_ca8d422eeaa8,Herb,1
HERB_3c7c5bf0da77,Herb,1
HERB_023e89916e6f,Herb,1
HERB_d5ccfa7117c3,Herb,1
HERB_63f2ba2bc3f5,Herb,1
HERB_684b37ff82ad,Herb,1
HERB_d171def8a32c,Herb,1
HERB_4d55e3b5216b,Herb,1
HERB_946bbf35431f,Herb,1
HERB_bee68bed332c,Herb,1
HERB_c5b18125b3f7,Herb,1
HERB_9711b0740ab3,Herb,1
HERB_01988e98d07c,Herb,1
HERB_e16f868173ec,Herb,1
HERB_e96653951e0c,Herb,1
HERB_153e321909c0,Herb,1
HERB_db82e4e65ac3,Herb,1
HERB_0e04319bd7fe,Herb,1
HERB_ae2d487d80e2,Herb,1
HERB_4536ada4528c,Herb,1
HERB_8d0ef16b6256,Herb,1
HERB_2595729b1c61,Herb,1
HERB_3ca1341b8068,Herb,6
HERB_5e286e55b4e4,Herb,1
HERB_85ecbf240c29,Herb,1
HERB_a4ee3b8b925a,Herb,1
HERB_5d091b7840a9,Herb,1
HERB_abe87af1c1a1,Herb,1
HERB_d6529ad63e94,Herb,1
HERB_3f86ff84dc3d,Herb,1
HERB_27dc59543e96,Herb,1
HERB_30a738dbccb7,Herb,1
HERB_a01473ed16fa,Herb,1
HERB_b410b17412e1,Herb,11
HERB_d19ad4d56d98,Herb,1
HERB_72c42102ed88,Herb,3
HERB_eaddc5217087,Herb,1
HERB_ba75396db89e,Herb,1
HERB_7d9e572d6b6b,Herb,1
HERB_a6a4bcf05261,Herb,3
HERB_340cc1913828,Herb,1
HERB_e53779e6c29f,Herb,2
HERB_affcf9707272,Herb,1
HERB_bab1d654d927,Herb,1
HERB_ca846b34ea14,Herb,1
HERB_d86f020c7f06,Herb,1
HERB_584248db2e08,Herb,1
HERB_7663a3f66c1e,Herb,1
HERB_e858abbe9163,Herb,1
HERB_c8f90b5054c0,Herb,1
HERB_f4934f424e1e,Herb,1
HERB_693e28f18af6,Herb,1
HERB_97422ad9211b,Herb,5
HERB_7dc3de3554a1,Herb,1
HERB_df9fea541643,Herb,1
HERB_d4398dde7956,Herb,1
HERB_6e2851c2be60,Herb,1
HERB_86d3b192f05c,Herb,6
HERB_cbd93387ca4e,Herb,2
HERB_c42caed3a59b,Herb,1
HERB_f8737b97577a,Herb,15
HERB_1b8a51cc4866,Herb,25
HERB_f6e3a9b94c08,Herb,2
HERB_8fc27886ed5d,Herb,1
HERB_7e200ac22ef0,Herb,1
HERB_49f3c0456a54,Herb,1
HERB_0fb7298c87d8,Herb,1
HERB_d065a7798043,Herb,6
HERB_aeb606dfabb0,Herb,1
HERB_78fadccc403f,Herb,7
HERB_10b4522f9e5a,Herb,2
HERB_16a99500973d,Herb,1
HERB_805b44294213,Herb,1
HERB_04a9c27b85a5,Herb,1
HERB_8d3ae94ce42d,Herb,42
HERB_0e2375c658b6,Herb,3
HERB_9ba12f0f6776,Herb,3
HERB_ceb253e9faad,Herb,1
HERB_39026f67d702,Herb,1
HERB_dca8011a26bd,Herb,1
HERB_cb890dd68c4e,Herb,1
HERB_0c6d7a758f7f,Herb,1
HERB_e22edab819d1,Herb,1
HERB_c91301f97d32,Herb,1
HERB_f8c3515486ac,Herb,1
HERB_3148eb7bdab4,Herb,1
HERB_7a5ae2d51069,Herb,1
HERB_7b6b00dc3d93,Herb,1
HERB_6e2789f8e520,Herb,1
HERB_a8729c0f287c,Herb,1
HERB_0d6b6cb3ad6f,Herb,2
HERB_419b8c49bc29,Herb,1
HERB_e82e02f6c33d,Herb,1
HERB_e6345f94e46e,Herb,1
HERB_66236ca86b09,Herb,1
HERB_9e370b68f6f4,Herb,1
HERB_11dd2a14e6cd,Herb,2
HERB_7d388fc7579b,Herb,1
HERB_39766af0545f,Herb,1
HERB_9a1ae248c1f9,Herb,1
HERB_2a7eca4eb4b5,Herb,1
HERB_7b76dc89fc00,Herb,1
HERB_793c0f0efcb9,Herb,1
HERB_caffad8590d7,Herb,3
HERB_64140d1ede02,Herb,1
HERB_94935bd9e7d3,Herb,1
HERB_d5009760bce4,Herb,1
HERB_2a1fe52421ae,Herb,1
HERB_3fa845655d07,Herb,1
HERB_6922cc051152,Herb,1
HERB_88ccb82934a3,Herb,1
HERB_ff14e062268d,Herb,1
HERB_c324f19a01a2,Herb,1
HERB_96ddf1775be9,Herb,1
HERB_afd7215b9b13,Herb,1
HERB_e921986328e5,Herb,19
HERB_71e32ad66cb5,Herb,2
HERB_0e1f947f2261,Herb,1
HERB_c4b9242ebe76,Herb,1
HERB_60dbb1da0810,Herb,18
HERB_88af0d4776f3,Herb,1
HERB_c04790811c4f,Herb,2
HERB_947b59336c57,Herb,1
HERB_596e0c5ee86e,Herb,1
HERB_365e007f4396,Herb,10
HERB_ab86fa37d51f,Herb,1
HERB_90f5c7dbbc36,Herb,1
HERB_a1e4dd0b7e36,Herb,1
HERB_fabbea4a6159,Herb,1
HERB_8af45568121e,Herb,1
HERB_f37e119e5d5e,Herb,1
HERB_98aa139b2d5d,Herb,1
HERB_e8da0b812a87,Herb,1
HERB_7ca7cee2898f,Herb,1
HERB_5347dfb3e9ea,Herb,1
HERB_afb1826ccbf6,Herb,1
HERB_f8fce5e92a6b,Herb,1
HERB_b2adf0f1afe8,Herb,1
HERB_189780325658,Herb,9
HERB_655cc23fbfdc,Herb,1
HERB_f2667c99ace4,Herb,1
HERB_3f95e66f3b29,Herb,1
HERB_3e8da166acf4,Herb,1
HERB_dfcff0cefc08,Herb,2
HERB_b7e91c4f58d4,Herb,1
HERB_f980121ab62b,Herb,1
HERB_9ee7eb795e70,Herb,2
HERB_d76b41084cc3,Herb,1
HERB_b2182a188cdb,Herb,1
HERB_32378c1e302d,Herb,1
HERB_2542bad801b8,Herb,1
HERB_aa3b2c453764,Herb,1
HERB_6214fb5c86de,Herb,12
HERB_b2de0ffff7bd,Herb,1
HERB_56b1ca95f1d2,Herb,1
HERB_bd6497b7946f,Herb,1
HERB_599ce3dc19dd,Herb,1
HERB_d6a3cf2db600,Herb,1
HERB_a93577636ba3,Herb,2
HERB_0354b576ac12,Herb,1
HERB_72a6e5153830,Herb,1
HERB_da2be168cd6f,Herb,1
HERB_3b72db1f7740,Herb,1
HERB_c774c891d799,Herb,3
HERB_009b1ea90251,Herb,1
HERB_9a3974dda64f,Herb,1
HERB_974463b66edf,Herb,1
HERB_f078a924f8a9,Herb,1
HERB_c5ccbf620ea9,Herb,1
HERB_724059040737,Herb,2
HERB_09af5ee97d7e,Herb,2
HERB_163497532ea6,Herb,1
HERB_42f3bc7e120b,Herb,1
HERB_517162eb0446,Herb,1
HERB_f78d3ed9d042,Herb,4
HERB_4b4020cc397e,Herb,1
HERB_6da98ff9aaab,Herb,1
MINERAL_beef7e9ed014,Mineral,2
MINERAL_cecd81291ff5,Mineral,1
MINERAL_1cc8f1cee422,Mineral,1
MINERAL_ac23087c1da6,Mineral,31
MINERAL_9bf3345e3b35,Mineral,1
MINERAL_ae2164ffbc4d,Mineral,1
MINERAL_790b61bae377,Mineral,1
MINERAL_dd6c3b1db080,Mineral,1
MINERAL_87b9120f585d,Mineral,1
MINERAL_28fb04a45aa3,Mineral,2
MINERAL_3883c19c4f38,Mineral,1
MINERAL_5f775eea2cf9,Mineral,5
MINERAL_c4bc7c3e0847,Mineral,5
MINERAL_04c593918fc6,Mineral,1
MINERAL_11c98db8dc6c,Mineral,9
MINERAL_46a17ec8503c,Mineral,1
MINERAL_aec70a166503,Mineral,1
MINERAL_cdbb17d3adad,Mineral,1
MINERAL_98148340807e,Mineral,2
MINERAL_0b065bed2885,Mineral,1
MINERAL_2fe8f49029a6,Mineral,4
MINERAL_6316aa335a7d,Mineral,14
MINERAL_3d1a479a667c,Mineral,41
MINERAL_d5053840068b,Mineral,1
MINERAL_1e1adffc9dc4,Mineral,1
MINERAL_230fbf4a49ad,Mineral,2
MINERAL_25cab929029d,Mineral,25
MINERAL_53055a7569f1,Mineral,1
MINERAL_f8020edf21e1,Mineral,1
MINERAL_6a656fa7a09f,Mineral,1
MINERAL_ebcc41c8fbeb,Mineral,3
MINERAL_efa692942bd9,Mineral,1
MINERAL_f84fc3387ec3,Mineral,1
MINERAL_1779c71148c1,Mineral,1
MINERAL_4afb51fce60a,Mineral,10
MINERAL_0731de950fbf,Mineral,1
MINERAL_90ca447dc12b,Mineral,41
MINERAL_f05ba0e0a438,Mineral,17
MINERAL_355246179f36,Mineral,2
MINERAL_81e4b00578cf,Mineral,1
MINERAL_a66505af805e,Mineral,1
MINERAL_d5430af376eb,Mineral,11
MINERAL_fa5a1e0f4eeb,Mineral,1
MINERAL_6c55ca54728e,Mineral,1
MINERAL_1f9cf9ca3e42,Mineral,1
MINERAL_08b6c7c1127a,Mineral,1
MINERAL_7c29de1a0f57,Mineral,5
MINERAL_ce79155805fb,Mineral,3
MINERAL_59b04fd50bea,Mineral,1
MINERAL_44579e283c2a,Mineral,1
MINERAL_bf5afc7e31c7,Mineral,1
MINERAL_73b9aa9d71b9,Mineral,1
MINERAL_b3f71d2f8950,Mineral,1
MINERAL_b3fd40bcd920,Mineral,1
MINERAL_6d9e6ab8e231,Mineral,16
MINERAL_a5c9925cf282,Mineral,1
MINERAL_fcb2d5a6ce39,Mineral,1
MINERAL_c734653c121e,Mineral,1
MINERAL_cc4606c6072d,Mineral,1
MINERAL_4944c4e2cb46,Mineral,3
MINERAL_a2dab7a71d8a,Mineral,1
MINERAL_c0019a8f629d,Mineral,21
MINERAL_b4678113c72e,Mineral,1
MINERAL_7107bfc91caf,Mineral,2
MINERAL_bff3e961f368,Mineral,1
MINERAL_bb4ac0203c02,Mineral,2
MINERAL_32d1244747ec,Mineral,1
MINERAL_55b2981e66a7,Mineral,37
MINERAL_f18ad255cb07,Mineral,1
MINERAL_b59c62677e05,Mineral,1
MINERAL_1db672f19e75,Mineral,1
MINERAL_4a97244a0391,Mineral,17
MINERAL_7cd3d4679b5e,Mineral,1
MINERAL_1d1c932d0cdf,Mineral,1
MINERAL_4200dad579d8,Mineral,1
MINERAL_72052223476f,Mineral,1
MINERAL_645932e94f0b,Mineral,9
MINERAL_0b19af9e34d6,Mineral,3
MINERAL_55e8b5606533,Mineral,2
MINERAL_8796fa2ab6bb,Mineral,7
MINERAL_289f6118708e,Mineral,1
MINERAL_40712cc697d0,Mineral,1
MINERAL_4590cb3ecb90,Mineral,2
MINERAL_6f80f92c4ba8,Mineral,1
MINERAL_817183c9353c,Mineral,1
MINERAL_0f04d55ed364,Mineral,27
MINERAL_9734d3573403,Mineral,4
MINERAL_12956656852f,Mineral,1
MINERAL_cf483c82303e,Mineral,2
MINERAL_ad2b44f96fbb,Mineral,19
MINERAL_96072cdaef83,Mineral,1
MINERAL_7fa5b69797ec,Mineral,4
MINERAL_8d95b95f8cd6,Mineral,7
OTHER_db27b746070b,Other_Unclassified,1
OTHER_81bede95e8da,Other_Unclassified,1
OTHER_561c8b52f1de,Other_Unclassified,2
OTHER_161983a84f09,Other_Unclassified,1
OTHER_979e506e9750,Other_Unclassified,9
OTHER_ccc9fdfcc1bd,Other_Unclassified,1
OTHER_b985f3a97154,Other_Unclassified,1
OTHER_0146f16dac5d,Other_Unclassified,1
OTHER_c5b491aaaf1a,Other_Unclassified,2
OTHER_d15b0291f3e6,Other_Unclassified,1
OTHER_10198d06990f,Other_Unclassified,1
OTHER_b553fc8d6b79,Other_Unclassified,1
OTHER_b3f8aa4134b3,Other_Unclassified,1
OTHER_f057706ff352,Other_Unclassified,3
OTHER_3b101fcb007f,Other_Unclassified,5
OTHER_4ba994fc9c73,Other_Unclassified,2
OTHER_03bc9285d290,Other_Unclassified,2
OTHER_3ed973efa498,Other_Unclassified,2
OTHER_88dcb616d07e,Other_Unclassified,2
OTHER_c16fe49dff3f,Other_Unclassified,2
OTHER_32fd6a1c9373,Other_Unclassified,1
OTHER_0638b36b623d,Other_Unclassified,33
OTHER_e481e672d520,Other_Unclassified,1
OTHER_76fd0b59bb2d,Other_Unclassified,1
OTHER_bbdb57a5b158,Other_Unclassified,1
OTHER_dae7eecc3e47,Other_Unclassified,6
OTHER_c57842a31490,Other_Unclassified,12
OTHER_406f743ec4e6,Other_Unclassified,3
OTHER_2827f061870f,Other_Unclassified,1
OTHER_d789190368ba,Other_Unclassified,1
OTHER_17cedce6eba0,Other_Unclassified,1
OTHER_8b3a46150f92,Other_Unclassified,2
OTHER_605e09b2af24,Other_Unclassified,1
OTHER_f847b265ee4b,Other_Unclassified,1
OTHER_2d50ca20aac1,Other_Unclassified,1
OTHER_3ae242000b9c,Other_Unclassified,2
OTHER_ba80b08392fa,Other_Unclassified,3
OTHER_bd7a8febe416,Other_Unclassified,1
OTHER_6061e2197e23,Other_Unclassified,1
OTHER_0572cc964b89,Other_Unclassified,1
OTHER_2d71a4e9c8c6,Other_Unclassified,5
OTHER_b5ef356946cd,Other_Unclassified,2
OTHER_554eba582ae4,Other_Unclassified,2
OTHER_5d5dc7e66eae,Other_Unclassified,1
OTHER_d28821ea9b93,Other_Unclassified,4
OTHER_ced636d77c6d,Other_Unclassified,5
OTHER_f03d5edbe55b,Other_Unclassified,1
OTHER_f54634e02596,Other_Unclassified,1
OTHER_50d532db85cc,Other_Unclassified,3
OTHER_a4b3edc49f9a,Other_Unclassified,4
OTHER_0c8abdd6185a,Other_Unclassified,1
OTHER_1e00c1e5d1e2,Other_Unclassified,9
OTHER_18985fe67d12,Other_Unclassified,2
OTHER_7887b9874644,Other_Unclassified,1
OTHER_8186314b1bb3,Other_Unclassified,1
OTHER_2fac538952ac,Other_Unclassified,1
OTHER_079b5929a799,Other_Unclassified,2
OTHER_4b71dfa77eb0,Other_Unclassified,2
OTHER_00b816875bdd,Other_Unclassified,16
OTHER_713f4873a5d9,Other_Unclassified,4
OTHER_434c2092ba4e,Other_Unclassified,1
OTHER_8b61dd7d2457,Other_Unclassified,1
OTHER_3b49a2a39906,Other_Unclassified,1
OTHER_fa807d639dea,Other_Unclassified,1
OTHER_44c7549e22d2,Other_Unclassified,2
OTHER_0f8398be6f83,Other_Unclassified,1
OTHER_405189f68ae7,Other_Unclassified,2
OTHER_047402415e79,Other_Unclassified,2
OTHER_817b38dadc08,Other_Unclassified,1
OTHER_51de5477cf41,Other_Unclassified,4
OTHER_6cdb7fa214e2,Other_Unclassified,7
OTHER_310635b10355,Other_Unclassified,1
OTHER_a4873f4f2a54,Other_Unclassified,1
OTHER_52d52f641b40,Other_Unclassified,2
OTHER_c5aea272f076,Other_Unclassified,25
OTHER_290f30a9cf16,Other_Unclassified,4
OTHER_747d7e8fbe88,Other_Unclassified,3
OTHER_a46234d7b015,Other_Unclassified,7
OTHER_9385062cce0d,Other_Unclassified,1
OTHER_1b48920a0ba1,Other_Unclassified,1
OTHER_3bd72abaccb6,Other_Unclassified,1
OTHER_f96f397c4606,Other_Unclassified,2
OTHER_93784a2829d9,Other_Unclassified,18
OTHER_3c796e502b57,Other_Unclassified,7
OTHER_180508eba61d,Other_Unclassified,1
OTHER_4435c94bb9e1,Other_Unclassified,1
OTHER_f509b0c8ba20,Other_Unclassified,1
OTHER_183085a4b848,Other_Unclassified,16
OTHER_2aca05680ee6,Other_Unclassified,1
OTHER_aa77e4c4b726,Other_Unclassified,1
OTHER_079e40e218fc,Other_Unclassified,31
OTHER_83ed64c3b32e,Other_Unclassified,1
OTHER_eaa53b2496bd,Other_Unclassified,1
OTHER_983b3e274cba,Other_Unclassified,3
OTHER_b0da2fe2e1cb,Other_Unclassified,16
OTHER_897ed96805e3,Other_Unclassified,1
OTHER_85610f8e4d8e,Other_Unclassified,15
OTHER_9f84ddb11583,Other_Unclassified,4
OTHER_dc169a9bca80,Other_Unclassified,1
OTHER_78c5b9eace08,Other_Unclassified,2
OTHER_c58e1da873ac,Other_Unclassified,1
OTHER_84af2bb29838,Other_Unclassified,1
OTHER_019b3f7457ed,Other_Unclassified,2
OTHER_649b2ba2f1a7,Other_Unclassified,1
OTHER_399c6d63b065,Other_Unclassified,24
OTHER_8fc5ad125b72,Other_Unclassified,1
OTHER_b5a254ede07b,Other_Unclassified,8
OTHER_21093d997114,Other_Unclassified,4
OTHER_8c7489f2ab29,Other_Unclassified,17
OTHER_11816787d1f3,Other_Unclassified,1
OTHER_971975612381,Other_Unclassified,1
OTHER_46a15c151847,Other_Unclassified,4
OTHER_df74795a8044,Other_Unclassified,1
OTHER_5fdeed2beddd,Other_Unclassified,4
OTHER_e8381a32779f,Other_Unclassified,1
OTHER_b6209880e250,Other_Unclassified,14
OTHER_8efe8d427d2e,Other_Unclassified,1
OTHER_f6e01b7fffc1,Other_Unclassified,1
OTHER_8b9c684d79bf,Other_Unclassified,13
OTHER_faac0726149a,Other_Unclassified,1
OTHER_b4a89e477628,Other_Unclassified,1
OTHER_5182290d46b5,Other_Unclassified,3
OTHER_7680faeaabbf,Other_Unclassified,9
OTHER_40a86b494f0f,Other_Unclassified,1
OTHER_eb7ac3531f09,Other_Unclassified,2
OTHER_3925575946cc,Other_Unclassified,2
OTHER_a1feec8260d3,Other_Unclassified,3
OTHER_71e3516617fd,Other_Unclassified,1
OTHER_501e6aa2877b,Other_Unclassified,16
OTHER_7aed3cda4ef5,Other_Unclassified,2
OTHER_722ad1fe9f0f,Other_Unclassified,1
OTHER_64784bfc008c,Other_Unclassified,2
OTHER_7c4e43d09fbc,Other_Unclassified,1
OTHER_fe2e1a8ad790,Other_Unclassified,1
OTHER_cefe159a406b,Other_Unclassified,5
OTHER_fe8521b7746a,Other_Unclassified,1
OTHER_5d70d39d8261,Other_Unclassified,3
OTHER_1ca13abfefda,Other_Unclassified,1
OTHER_36a3ca90800c,Other_Unclassified,1
OTHER_651822c41326,Other_Unclassified,30
OTHER_5a0e1e962df5,Other_Unclassified,1
OTHER_e8eb5626f35f,Other_Unclassified,1
OTHER_10bf7472be20,Other_Unclassified,1
OTHER_ed5b916533a8,Other_Unclassified,1
OTHER_24e302cc443a,Other_Unclassified,1
OTHER_09003f9a72e8,Other_Unclassified,1
OTHER_8604f1c75725,Other_Unclassified,13
OTHER_4ad1cc1e0584,Other_Unclassified,1
OTHER_4853d6266bad,Other_Unclassified,1
OTHER_6af58f6283ad,Other_Unclassified,1
OTHER_d7db3963bea3,Other_Unclassified,2
OTHER_2fb33052c020,Other_Unclassified,2
OTHER_546c2a07b169,Other_Unclassified,1
OTHER_2a3bc81f9037,Other_Unclassified,1
OTHER_9edbc264f609,Other_Unclassified,1
OTHER_32e7bc251850,Other_Unclassified,4
OTHER_4bc2b7404bdd,Other_Unclassified,21
OTHER_366a40db4127,Other_Unclassified,1
OTHER_6a30d1a93a07,Other_Unclassified,7
OTHER_3dd364e2a85e,Other_Unclassified,1
OTHER_c1a9c1f7df8f,Other_Unclassified,2
OTHER_2ac074e8377e,Other_Unclassified,8
OTHER_336e854b3f31,Other_Unclassified,2
OTHER_34e0a71fbe75,Other_Unclassified,11
OTHER_e782d536acb1,Other_Unclassified,1
OTHER_9c75e751dc67,Other_Unclassified,1
OTHER_e2d4ed22c34f,Other_Unclassified,1
OTHER_480a8384e549,Other_Unclassified,1
OTHER_988d0fba4232,Other_Unclassified,1
OTHER_00655d8be9a0,Other_Unclassified,30
OTHER_0b49de0aa5d4,Other_Unclassified,2
OTHER_5ad975c98994,Other_Unclassified,11
OTHER_893b51b367b6,Other_Unclassified,18
OTHER_c72b76227747,Other_Unclassified,12
OTHER_56e855c90d38,Other_Unclassified,2
OTHER_8056f703319e,Other_Unclassified,1
OTHER_5274110650bc,Other_Unclassified,1
OTHER_fe6f8d2f1df4,Other_Unclassified,1
OTHER_b9cead994bf6,Other_Unclassified,4
OTHER_04394a775921,Other_Unclassified,4
OTHER_3e6b2bf8f1cf,Other_Unclassified,1
OTHER_43e8e2abdf60,Other_Unclassified,1
OTHER_34b7ef2a329b,Other_Unclassified,1
OTHER_bc1f2ad01f7c,Other_Unclassified,7
OTHER_3cbf4cda6cf1,Other_Unclassified,14
OTHER_131d14746086,Other_Unclassified,1
OTHER_4786b7c253f6,Other_Unclassified,1
OTHER_953b5a34f85f,Other_Unclassified,15
OTHER_b2a2610a6abb,Other_Unclassified,1
OTHER_d93527e094bc,Other_Unclassified,1
OTHER_dac1b983d4eb,Other_Unclassified,3
OTHER_7f6a102573ee,Other_Unclassified,1
OTHER_eba3c062800a,Other_Unclassified,4
OTHER_738f8717ff00,Other_Unclassified,1
OTHER_e91ed1734326,Other_Unclassified,3
QUALITY_3ac0dbf27a5f,Quality,13
QUALITY_c6b9dcc44ef3,Quality,5
QUALITY_83eca83e4e47,Quality,1
QUALITY_f26339ea8c71,Quality,1
QUALITY_fb53b8c3ef3d,Quality,67
QUALITY_0cf55158e4d3,Quality,20
QUALITY_7c7d97e31e95,Quality,1
QUALITY_e4cd55f46388,Quality,108
QUALITY_c7beab705655,Quality,1
QUALITY_6569005ddfec,Quality,2
QUALITY_f4080c604d3b,Quality,1
QUALITY_e70a44ac96d7,Quality,1
QUALITY_6befc375cc1e,Quality,9
QUALITY_f5130474f68b,Quality,16
QUALITY_6235c76fcf05,Quality,1
QUALITY_e9c51bbb127d,Quality,5
QUALITY_ae8c587c2c21,Quality,1
QUALITY_a692d08a496d,Quality,197
QUALITY_334875f09e10,Quality,2
QUALITY_d3916b1f921e,Quality,7
QUALITY_384d605b71e4,Quality,245
QUALITY_e7550926eb5f,Quality,1
QUALITY_205e48144145,Quality,1
QUALITY_6b9aefaab679,Quality,2
QUALITY_fe84bd875a23,Quality,1
QUALITY_1063393b276e,Quality,3
QUALITY_efde32a2cfbf,Quality,1
QUALITY_3d63ce921a54,Quality,4
QUALITY_3300db378508,Quality,10
QUALITY_e67c2599dc61,Quality,1
QUALITY_4fbf366662bd,Quality,1
QUALITY_ab34245c9e93,Quality,1
QUALITY_d3a893de8077,Quality,3
QUALITY_42e381c04801,Quality,126
QUALITY_efe3b05b90a9,Quality,1
SUBFORM_d88f578cf9f5,Sub_Formulation,1
SUBFORM_502a0f5f4181,Sub_Formulation,1
SUBFORM_cfd821d210d1,Sub_Formulation,1
SUBFORM_dac18da1dd4a,Sub_Formulation,1
SUBFORM_1658804a578f,Sub_Formulation,1
SUBFORM_e3841389a432,Sub_Formulation,1
SUBFORM_399908272fd2,Sub_Formulation,1
SUBFORM_00ca63fb68c4,Sub_Formulation,2
SUBFORM_94cbdcd1ff9a,Sub_Formulation,2
SUBFORM_75ed44e2f8e2,Sub_Formulation,2
SUBFORM_61a8f3d37936,Sub_Formulation,1
SUBFORM_5c539174a0a4,Sub_Formulation,3
SUBFORM_2c90bc3df24f,Sub_Formulation,5
SUBFORM_b652692e0e34,Sub_Formulation,1
SUBFORM_899c7c99a4a3,Sub_Formulation,1
SUBFORM_ba694914c417,Sub_Formulation,1
SUBFORM_744c80263a30,Sub_Formulation,1
SUBFORM_71f1a34f05dd,Sub_Formulation,1
SUBFORM_b3347f42f3d1,Sub_Formulation,1
SUBFORM_3c0c62655273,Sub_Formulation,2
SUBFORM_02cf7a891bf1,Sub_Formulation,1
SUBFORM_fb822e51f308,Sub_Formulation,1
SUBFORM_ba870e73cdf2,Sub_Formulation,2
SUBFORM_02c387e0aba9,Sub_Formulation,1
SUBFORM_2f5aa8665f54,Sub_Formulation,1
SUBFORM_f90849a537e1,Sub_Formulation,1
SUBFORM_85c9dbed5748,Sub_Formulation,1
SUBFORM_7f869cb505c7,Sub_Formulation,1
SUBFORM_f62d36e7c87c,Sub_Formulation,1
SUBFORM_3bc13c933c71,Sub_Formulation,1
SUBFORM_e5bdc0d602ed,Sub_Formulation,1
SUBFORM_6344534b88ce,Sub_Formulation,1
SUBFORM_42b52c1e9e29,Sub_Formulation,1
SUBFORM_43e57ceb1b47,Sub_Formulation,1
SUBFORM_646f7d8ccaec,Sub_Formulation,3
SUBFORM_49d328d74d9c,Sub_Formulation,1
SUBFORM_d3c8c54cf400,Sub_Formulation,1
SUBFORM_08d532da1a11,Sub_Formulation,1
SUBFORM_21146c9eb522,Sub_Formulation,1
SUBFORM_a174bb78744e,Sub_Formulation,1
SUBFORM_a9548f843fe3,Sub_Formulation,2
SUBFORM_1f33861c01ab,Sub_Formulation,1
SUBFORM_467ebdfcb280,Sub_Formulation,1
SUBFORM_bc9b36be2a44,Sub_Formulation,1
SUBFORM_bf61fb127bae,Sub_Formulation,1
SUBFORM_92056f8bc6da,Sub_Formulation,1
SUBFORM_00107e81b562,Sub_Formulation,1
SUBFORM_e49a397f03de,Sub_Formulation,1
SUBFORM_e465b6fbdb37,Sub_Formulation,1
SUBFORM_5bf78e3bf90b,Sub_Formulation,1
SUBFORM_aaf606e15e29,Sub_Formulation,1
SUBFORM_b6caacaf772f,Sub_Formulation,1
SUBFORM_6ee575b3e327,Sub_Formulation,1
SUBFORM_116b0f530e87,Sub_Formulation,1
SUBFORM_686da1c05056,Sub_Formulation,1
SUBFORM_1277a4f1640d,Sub_Formulation,1
SUBFORM_d368b1db4b2c,Sub_Formulation,1
SUBFORM_b0c3fe5d0e3b,Sub_Formulation,1
SUBFORM_a903e54916b3,Sub_Formulation,1
SUBFORM_7886f6589c68,Sub_Formulation,1
SUBFORM_f5a0115c0c85,Sub_Formulation,1
SUBFORM_90d03047ddaf,Sub_Formulation,1
SUBFORM_5c8f2ed3b784,Sub_Formulation,1
SUBFORM_f073d79d17dd,Sub_Formulation,5
SUBFORM_3d36e78bbbc8,Sub_Formulation,2
SUBFORM_281f7f33f6ee,Sub_Formulation,3
SUBFORM_6566b0d80fb1,Sub_Formulation,1
SUBFORM_c3e4cc6eb8d2,Sub_Formulation,1
SUBFORM_9a190dcc14aa,Sub_Formulation,1
SUBFORM_1b229377120b,Sub_Formulation,1
SUBFORM_936a4fb45cee,Sub_Formulation,1
SUBFORM_b9a3bfd9895a,Sub_Formulation,1
SUBFORM_94acaa6d2f37,Sub_Formulation,1
SUBFORM_7b76c88e5981,Sub_Formulation,1
SUBFORM_7521bb506602,Sub_Formulation,1
SUBFORM_759c74ba0cb2,Sub_Formulation,2
SUBFORM_724b5235289b,Sub_Formulation,1
SUBFORM_4e8191c2a827,Sub_Formulation,4
SUBFORM_7bd81fbde378,Sub_Formulation,1
SUBFORM_104da342837e,Sub_Formulation,1
SUBFORM_74e0ff59a7c1,Sub_Formulation,1
SUBFORM_858684392b8c,Sub_Formulation,1
SUBFORM_cfcf07ce5ae4,Sub_Formulation,1
SUBFORM_6ac4535a425b,Sub_Formulation,1
SUBFORM_e4cb2fd956da,Sub_Formulation,1
SUBFORM_c7ee5f89886a,Sub_Formulation,1
SUBFORM_cfe4bce19bac,Sub_Formulation,2
SUBFORM_06f3cb657e37,Sub_Formulation,1
SUBFORM_c1abac352f22,Sub_Formulation,1
SUBFORM_3217ebf86411,Sub_Formulation,1
SUBFORM_8f17dc132e53,Sub_Formulation,1
SUBFORM_036e6b8df6d3,Sub_Formulation,1
SUBFORM_a11f33689d5a,Sub_Formulation,2
SUBFORM_d2f5f1a27f47,Sub_Formulation,1
SUBFORM_63894b130785,Sub_Formulation,1
SUBFORM_fe44e244a0cd,Sub_Formulation,1
SUBFORM_46d1ab1cb7d1,Sub_Formulation,1
SUBFORM_c405fbd73d06,Sub_Formulation,1
SUBFORM_8b3228013371,Sub_Formulation,1
SUBFORM_99351aeec8d9,Sub_Formulation,1
SUBFORM_b4602c6fb281,Sub_Formulation,2
SUBFORM_9c13bc557abe,Sub_Formulation,1
SUBFORM_96d75cf41ce2,Sub_Formulation,1
SUBFORM_2857e9d64e79,Sub_Formulation,1
SUBFORM_d20bbca38a8c,Sub_Formulation,1
SUBFORM_8df1f082b533,Sub_Formulation,2
SUBFORM_63e950f839ad,Sub_Formulation,1
SUBFORM_974abe649642,Sub_Formulation,1
SUBFORM_718600df25f8,Sub_Formulation,1
SUBFORM_dd53c6add6f3,Sub_Formulation,1
SUBFORM_063135266de4,Sub_Formulation,1
SUBFORM_555bc621e6b6,Sub_Formulation,1
SUBFORM_647ee7e38f38,Sub_Formulation,1
SUBFORM_4c486835b5f2,Sub_Formulation,1
SUBFORM_14ea59ae06c5,Sub_Formulation,1
SUBFORM_10e620a1c536,Sub_Formulation,1
SUBFORM_e8382e583cfe,Sub_Formulation,1
SUBFORM_004135f538eb,Sub_Formulation,2
SUBFORM_3d5bae314239,Sub_Formulation,1
SUBFORM_44b99eea007f,Sub_Formulation,1
SUBFORM_b1c2cc9b45c3,Sub_Formulation,1
SUBFORM_e0c04fde0067,Sub_Formulation,1
SUBFORM_8d8fae7adb63,Sub_Formulation,1
SUBFORM_e4e603ba62a6,Sub_Formulation,1
SUBFORM_a57ad632f6d2,Sub_Formulation,1
SUBFORM_cee434e4e277,Sub_Formulation,1
SUBFORM_1caefa8b10bf,Sub_Formulation,1
SUBFORM_36e6a0e35f2a,Sub_Formulation,1
SUBFORM_a8fa74842276,Sub_Formulation,1
SUBFORM_a68aa4a138bd,Sub_Formulation,1
SUBFORM_198199e25ec1,Sub_Formulation,1
SUBFORM_ad0bf139b876,Sub_Formulation,1
SUBFORM_7c1c608eaba4,Sub_Formulation,1
SUBFORM_9f23fbf6ce30,Sub_Formulation,1
SUBFORM_32ae07538caf,Sub_Formulation,1
SUBFORM_48e937f2b5a3,Sub_Formulation,1
SUBFORM_43267fb497e3,Sub_Formulation,1
SUBFORM_cb1a0557a6a9,Sub_Formulation,1
SUBFORM_3dfd277a20ef,Sub_Formulation,1
SUBFORM_85161d568931,Sub_Formulation,1
SUBFORM_2cf3c286c0dd,Sub_Formulation,1
SUBFORM_8297ee1606c3,Sub_Formulation,2
SUBFORM_8461ae03abac,Sub_Formulation,2
SUBFORM_99c107176c63,Sub_Formulation,1
SUBFORM_33d509529c23,Sub_Formulation,2
SUBFORM_37824d97666e,Sub_Formulation,1
SUBFORM_6b4d877d318c,Sub_Formulation,1
SUBFORM_9053a0df1ad4,Sub_Formulation,1
SUBFORM_8b6536ef7483,Sub_Formulation,1
SUBFORM_7fdf9cadc8a0,Sub_Formulation,1
SUBFORM_5891cfcc85c0,Sub_Formulation,1
SUBFORM_8045ae33d681,Sub_Formulation,1
SUBFORM_587fa1c14e38,Sub_Formulation,1
SUBFORM_f706d9d560b3,Sub_Formulation,5
SUBFORM_546bbfa021fa,Sub_Formulation,1
SUBFORM_91bb9e19c291,Sub_Formulation,1
SUBFORM_e07f9f86a8a1,Sub_Formulation,1
SUBFORM_ac70e71702dd,Sub_Formulation,1
SUBFORM_b8b8261943d6,Sub_Formulation,1
SUBFORM_a65119527d30,Sub_Formulation,1
SUBFORM_fd7f4065ad4f,Sub_Formulation,1
SUBFORM_b8d1fcafcec4,Sub_Formulation,1
SUBFORM_467ecb65c46e,Sub_Formulation,6
SUBFORM_e2db1b972633,Sub_Formulation,1
SUBFORM_86d261f1bacf,Sub_Formulation,7
SUBFORM_553f6915bc5b,Sub_Formulation,2
SUBFORM_04f7d8c84c92,Sub_Formulation,1
SUBFORM_408e6d4849b4,Sub_Formulation,1
SUBFORM_f1ad250637ee,Sub_Formulation,2
SUBFORM_f4676993bfa6,Sub_Formulation,2
SUBFORM_2e0be983bfc2,Sub_Formulation,1
SUBFORM_2bf672cca4a1,Sub_Formulation,2
SUBFORM_deeaac495c2a,Sub_Formulation,1
SUBFORM_ea8cfbd59522,Sub_Formulation,1
SUBFORM_0ff8c9b3953a,Sub_Formulation,1
SUBFORM_dfa852bdc72d,Sub_Formulation,1
SUBFORM_7a56b9c123d3,Sub_Formulation,1
SUBFORM_b3a6a96b2b61,Sub_Formulation,1
SUBFORM_3ff8a31938e7,Sub_Formulation,1
SUBFORM_4b5cb5c32bb4,Sub_Formulation,1
SUBFORM_db9852c53893,Sub_Formulation,1
SUBFORM_d84a28015ad9,Sub_Formulation,1
SUBFORM_bfe419b9c7ec,Sub_Formulation,1
SUBFORM_fd6c63bbe7c4,Sub_Formulation,1
SUBFORM_1738e390d846,Sub_Formulation,1
SUBFORM_36fa24f3a8f2,Sub_Formulation,1
SUBFORM_7a741e09c32c,Sub_Formulation,1
SUBFORM_543e1e57142e,Sub_Formulation,2
SUBFORM_3c4e9d480ac7,Sub_Formulation,1
SUBFORM_dec7a96264d2,Sub_Formulation,1
SUBFORM_a773768cda4a,Sub_Formulation,1
SUBFORM_dfa37fe980d4,Sub_Formulation,1
SUBFORM_33ddd034f624,Sub_Formulation,3
SUBFORM_d58e1e5250e7,Sub_Formulation,1
SUBFORM_c2e42cf3eb5b,Sub_Formulation,1
SUBFORM_fa96f9ffda76,Sub_Formulation,1
SUBFORM_38634a4b98f1,Sub_Formulation,1
SUBFORM_e6afbaf418ca,Sub_Formulation,1
SUBFORM_7434c98356ae,Sub_Formulation,4
SUBFORM_cd65633d9210,Sub_Formulation,2
SUBFORM_c027da757748,Sub_Formulation,1
SUBFORM_e5ec9bdddddc,Sub_Formulation,1
SUBFORM_1b30fdef1b80,Sub_Formulation,4
SUBFORM_2e590f478eb8,Sub_Formulation,1
SUBFORM_9598d953ee98,Sub_Formulation,1
SUBFORM_da63cea87066,Sub_Formulation,1
SUBFORM_a570bee3cc41,Sub_Formulation,2
SUBFORM_7d3412af46d7,Sub_Formulation,1
SUBFORM_f812f11e1895,Sub_Formulation,1
SUBFORM_f4565673dad2,Sub_Formulation,1
SUBFORM_1b7c91150eef,Sub_Formulation,1
SUBFORM_9dc61d2cf285,Sub_Formulation,1
SUBFORM_e1d0bbf58e18,Sub_Formulation,1
SUBFORM_3af5658c8d6a,Sub_Formulation,1
SUBFORM_fc3ff8856075,Sub_Formulation,1
SUBFORM_8e4ecd2678f3,Sub_Formulation,1
SUBFORM_63c0370e60fb,Sub_Formulation,1
SUBFORM_a7cadbf96e32,Sub_Formulation,1
SUBFORM_5fadc0abd54a,Sub_Formulation,1
SUBFORM_10d439d1cb3a,Sub_Formulation,1
SUBFORM_6b0cfcc8ae40,Sub_Formulation,1
SUBFORM_5c63012a4005,Sub_Formulation,3
SUBFORM_79311f63720a,Sub_Formulation,1
SUBFORM_dc1b32fa5594,Sub_Formulation,1
SUBFORM_98d574a6153c,Sub_Formulation,1
SUBFORM_8f0287b057c3,Sub_Formulation,1
SUBFORM_24d0b14e85ff,Sub_Formulation,3
SUBFORM_54c8ad63e593,Sub_Formulation,1
SUBFORM_ff3cbba5306b,Sub_Formulation,1
SUBFORM_57da52c4956d,Sub_Formulation,1
SUBFORM_ebb9a3b8c0aa,Sub_Formulation,1
SUBFORM_98325dfa28eb,Sub_Formulation,1
SUBFORM_0fb60dba8dec,Sub_Formulation,1
SUBFORM_2dd544205d8a,Sub_Formulation,1
SUBFORM_fb29c5dd58ce,Sub_Formulation,1
SUBFORM_1dc30df3013e,Sub_Formulation,1
SUBFORM_9062610ce0e8,Sub_Formulation,1
SUBFORM_26a1cbaaedba,Sub_Formulation,1
SUBFORM_13c97f28210e,Sub_Formulation,1
SUBFORM_08c3e12b70d5,Sub_Formulation,1
SUBFORM_4ee1dfba123a,Sub_Formulation,1
SUBFORM_f539411746c6,Sub_Formulation,1
SUBFORM_9e7a519449ab,Sub_Formulation,1
SUBFORM_6ae7456763dd,Sub_Formulation,1
SUBFORM_66297a8772c8,Sub_Formulation,1
SUBFORM_29a05d953e3e,Sub_Formulation,1
SUBFORM_4206056c0fc6,Sub_Formulation,1
SUBFORM_9a3cabdb95d8,Sub_Formulation,1
SUBFORM_8858bee1a9c3,Sub_Formulation,3
SUBFORM_33135a05cf45,Sub_Formulation,1
SUBFORM_d690a747410d,Sub_Formulation,1
SUBFORM_cefa8f5fe58c,Sub_Formulation,1
SUBFORM_4468872726ad,Sub_Formulation,1
SUBFORM_522bc2b48860,Sub_Formulation,1
SUBFORM_5dcd71bf8fc0,Sub_Formulation,1
SUBFORM_8a9348909690,Sub_Formulation,1
SUBFORM_8c7447ce038e,Sub_Formulation,1
SUBFORM_0d6256bc3b20,Sub_Formulation,1
SUBFORM_2e06b8b430fa,Sub_Formulation,1
SUBFORM_ddaa5e860d53,Sub_Formulation,1
SUBFORM_941b4a5f8f05,Sub_Formulation,1
SUBFORM_7f7fcea02f5e,Sub_Formulation,1
SUBFORM_0a3c8be93962,Sub_Formulation,1
SUBFORM_2818a8f0d255,Sub_Formulation,1
SUBFORM_633626e1b334,Sub_Formulation,1
SUBFORM_8005238f1c97,Sub_Formulation,1
SUBFORM_59a86ac28bd9,Sub_Formulation,1
SUBFORM_b5d6849a4c05,Sub_Formulation,1
SUBFORM_6ff08ae587c6,Sub_Formulation,1
SUBFORM_40cfb171c175,Sub_Formulation,1
SUBFORM_cbe5689f9c86,Sub_Formulation,1
SUBFORM_204d4ceba4de,Sub_Formulation,2
SUBFORM_2e4736817ad4,Sub_Formulation,1
SUBFORM_67c54b065ded,Sub_Formulation,1
SUBFORM_a759d850b475,Sub_Formulation,1
SUBFORM_cc71dc178ef1,Sub_Formulation,1
SUBFORM_3b0b31cd0c8d,Sub_Formulation,1
SUBFORM_21318a30d82c,Sub_Formulation,1
SUBFORM_ae5ed7189c9a,Sub_Formulation,1
SUBFORM_0f437a062f5f,Sub_Formulation,1
SUBFORM_d8f50012b9af,Sub_Formulation,1
SUBFORM_197139e85d73,Sub_Formulation,1
SUBFORM_5ea3e0bd9d98,Sub_Formulation,1
SUBFORM_716373ba352b,Sub_Formulation,1
SUBFORM_e0894d67c8f7,Sub_Formulation,1
SUBFORM_d5bd7eb59f28,Sub_Formulation,1
SUBFORM_faa3dea53719,Sub_Formulation,1
SUBFORM_2d53a0d62015,Sub_Formulation,1
SUBFORM_55c005ee9dc8,Sub_Formulation,1
SUBFORM_4469001a84dc,Sub_Formulation,1
SUBFORM_243e0933f061,Sub_Formulation,1
SUBFORM_d340ce364a98,Sub_Formulation,1
SUBFORM_571cb6221b6c,Sub_Formulation,1
SUBFORM_d5589633847a,Sub_Formulation,1
SUBFORM_56b4f7fa76c9,Sub_Formulation,1
SUBFORM_e97641996400,Sub_Formulation,1
SUBFORM_1081a387d30c,Sub_Formulation,1
SUBFORM_9db801ac6664,Sub_Formulation,1
SUBFORM_d02af766b267,Sub_Formulation,1
SUBFORM_69e51e926c5c,Sub_Formulation,1
SUBFORM_3e02334eee06,Sub_Formulation,1
SUBFORM_fd0449d570e5,Sub_Formulation,1
SUBFORM_fb251b900c79,Sub_Formulation,1
SUBFORM_3183a6adb80f,Sub_Formulation,1
SUBFORM_eeb43173ae36,Sub_Formulation,1
SUBFORM_5969135ea4b5,Sub_Formulation,1
SUBFORM_856e3528fc03,Sub_Formulation,1
SUBFORM_9b62fd31f350,Sub_Formulation,2
SUBFORM_5158e570c6da,Sub_Formulation,2
SUBFORM_b6ace2f72973,Sub_Formulation,1
SUBFORM_70d47cab5027,Sub_Formulation,1
SUBFORM_2a522eca7ba9,Sub_Formulation,1
SUBFORM_9c515fe4b26f,Sub_Formulation,1
SUBFORM_30fe5ac65dbf,Sub_Formulation,1
SUBFORM_2ae8ee382b17,Sub_Formulation,1
SUBFORM_2ab566eb55f3,Sub_Formulation,1
SUBFORM_5c0317b7b76a,Sub_Formulation,2
SUBFORM_defbd697aadf,Sub_Formulation,2
SUBFORM_b9c446524e6a,Sub_Formulation,1
SUBFORM_1b933599f4a3,Sub_Formulation,7
SUBFORM_e2908b3ce763,Sub_Formulation,1
SUBFORM_5e72b7461004,Sub_Formulation,1
SUBFORM_191b2d39713b,Sub_Formulation,1
SUBFORM_e2be3685dbbb,Sub_Formulation,2
SUBFORM_03bb75bc4b33,Sub_Formulation,1
SUBFORM_1e933c0ff3c2,Sub_Formulation,1
SUBFORM_04f540a38929,Sub_Formulation,1
SUBFORM_0a6f3bdc051b,Sub_Formulation,1
SUBFORM_caa0344208d5,Sub_Formulation,2
SUBFORM_fb99da5ea0ab,Sub_Formulation,1
SUBFORM_3848754ba945,Sub_Formulation,1
SUBFORM_2646c96d56e6,Sub_Formulation,1
SUBFORM_4a818bf313c5,Sub_Formulation,1
SUBFORM_63da417b3c3c,Sub_Formulation,1
SUBFORM_47cdd4452e7e,Sub_Formulation,1
SUBFORM_fb7115d4e88e,Sub_Formulation,3
SUBFORM_8f48d9b20b80,Sub_Formulation,1
SUBFORM_05716906d6dc,Sub_Formulation,1
SUBFORM_9b5335e798a0,Sub_Formulation,4
SUBFORM_0f1f1eab1401,Sub_Formulation,1
SUBFORM_a5c53378b2e4,Sub_Formulation,1
SUBFORM_90f6d080cb54,Sub_Formulation,1
SUBFORM_66ce3350b88f,Sub_Formulation,1
SUBFORM_bb675f676f31,Sub_Formulation,1
SUBFORM_d67bc061e040,Sub_Formulation,1
SUBFORM_e139b691f622,Sub_Formulation,1
SUBFORM_549b95372229,Sub_Formulation,1
SUBFORM_bed38456df65,Sub_Formulation,1
SUBFORM_e98804afa182,Sub_Formulation,1
SUBFORM_6781dcaca29f,Sub_Formulation,1
SUBFORM_27e5bf02c005,Sub_Formulation,10
SUBFORM_10a503869525,Sub_Formulation,2
SUBFORM_d7ff44a2b906,Sub_Formulation,1
SUBFORM_59d18b0cb975,Sub_Formulation,1
SUBFORM_e0678b38de37,Sub_Formulation,1
SUBFORM_07c7935e7cd5,Sub_Formulation,3
SUBFORM_996cf5e6645b,Sub_Formulation,1
SUBFORM_95e42631bc11,Sub_Formulation,3
SUBFORM_9614f7e40578,Sub_Formulation,1
SUBFORM_34f597986024,Sub_Formulation,1
SUBFORM_a8a62ab91f68,Sub_Formulation,1
SUBFORM_426c59c2ac9c,Sub_Formulation,1
SUBFORM_5f8b93418f2e,Sub_Formulation,1
SUBFORM_1382ce33c250,Sub_Formulation,1
SUBFORM_17703397350f,Sub_Formulation,1
SUBFORM_cff75269c66d,Sub_Formulation,1
SUBFORM_626be5c2caa8,Sub_Formulation,1
SUBFORM_3a1eee62e7fe,Sub_Formulation,1
SUBFORM_4dac1d8f3509,Sub_Formulation,1
SUBFORM_5126b19c7569,Sub_Formulation,1
SUBFORM_9881ecfb95d1,Sub_Formulation,1
SUBFORM_6b915fd07a55,Sub_Formulation,1
SUBFORM_f6edb207fe1f,Sub_Formulation,1
SUBFORM_62b0318e31c3,Sub_Formulation,1
SUBFORM_76041ba0fd89,Sub_Formulation,1
SUBFORM_d1139ba7fbbc,Sub_Formulation,1
SUBFORM_0e74f02b059a,Sub_Formulation,1
SUBFORM_0c63edd914d7,Sub_Formulation,2
SUBFORM_73664ff9beb2,Sub_Formulation,1
SUBFORM_f2f53b613f4e,Sub_Formulation,1
SUBFORM_153e3e9df211,Sub_Formulation,1
SUBFORM_681042d88939,Sub_Formulation,1
SUBFORM_292fe8c6a6fa,Sub_Formulation,1
SUBFORM_ac80a561e128,Sub_Formulation,2
SUBFORM_5181717888c8,Sub_Formulation,1
SUBFORM_910f528badff,Sub_Formulation,1
SUBFORM_4917129cbb65,Sub_Formulation,1
SUBFORM_9ceb928d0a8e,Sub_Formulation,1
SUBFORM_03b3a16f1ed4,Sub_Formulation,1
SUBFORM_623c051c0835,Sub_Formulation,1
SUBFORM_203209435f05,Sub_Formulation,1
SUBFORM_f8ea54b120cd,Sub_Formulation,1
SUBFORM_94cb0896ccd7,Sub_Formulation,1
SUBFORM_df0139afd5b5,Sub_Formulation,1
SUBFORM_4ed7a1fe53ed,Sub_Formulation,2
SUBFORM_0a452c5974c1,Sub_Formulation,1
SUBFORM_c38e805c1ca4,Sub_Formulation,1
SUBFORM_ca764ad53270,Sub_Formulation,1
SUBFORM_1e9cc90f0dec,Sub_Formulation,1
SUBFORM_0d818a3b4c10,Sub_Formulation,1
SUBFORM_d175e20d2247,Sub_Formulation,1
SUBFORM_fead857ffd71,Sub_Formulation,1
SUBFORM_ba5d44be8ab7,Sub_Formulation,1
SUBFORM_6acda4393740,Sub_Formulation,1
SUBFORM_943729450288,Sub_Formulation,1
SUBFORM_c431e036c2b3,Sub_Formulation,4
SUBFORM_869ae72ce78d,Sub_Formulation,1
SUBFORM_ef47caa24ac7,Sub_Formulation,1
SUBFORM_ea622d0489fe,Sub_Formulation,1
SUBFORM_bc8307080efd,Sub_Formulation,1
SUBFORM_a12bc2305620,Sub_Formulation,1
SUBFORM_2d1dda8518e1,Sub_Formulation,1
SUBFORM_fc841be85554,Sub_Formulation,1
SUBFORM_b8f81b327abd,Sub_Formulation,2
SUBFORM_8dceabe978ab,Sub_Formulation,6
SUBFORM_baf72118822f,Sub_Formulation,1
SUBFORM_c361a013e38b,Sub_Formulation,1
SUBFORM_cf2552929f57,Sub_Formulation,1
SUBFORM_eadf4c8dba38,Sub_Formulation,1
SUBFORM_3f78e858a330,Sub_Formulation,1
SUBFORM_f1569467d8e7,Sub_Formulation,2
SUBFORM_c0ed57299abb,Sub_Formulation,1
SUBFORM_183cd2575caf,Sub_Formulation,3
SUBFORM_9b6c15ec9266,Sub_Formulation,1
SUBFORM_f4199bb07ecc,Sub_Formulation,2
SUBFORM_9cff8f75a34c,Sub_Formulation,1
SUBFORM_17910146d3e3,Sub_Formulation,1
SUBFORM_1a93bd0de1cc,Sub_Formulation,1
SUBFORM_bdfa9649b60b,Sub_Formulation,1
SUBFORM_cd8a28edb93c,Sub_Formulation,1
SUBFORM_e2696a4e21fc,Sub_Formulation,1
SUBFORM_7deb39f66f40,Sub_Formulation,1
SUBFORM_480a4e8342ac,Sub_Formulation,1
SUBFORM_ed132d929c8e,Sub_Formulation,3
SUBFORM_bf821ba8bb87,Sub_Formulation,3
SUBFORM_a5a1a160c5d0,Sub_Formulation,1
SUBFORM_dd8d3da97695,Sub_Formulation,4
SUBFORM_bfaf602fa4f9,Sub_Formulation,3
SUBFORM_171136d42cd6,Sub_Formulation,1
SUBFORM_cb2702f990f8,Sub_Formulation,1
SUBFORM_ef579a6304ec,Sub_Formulation,1
SUBFORM_d635af942bf4,Sub_Formulation,1
SUBFORM_fafb5900040d,Sub_Formulation,1
SUBFORM_a6c5a11bada9,Sub_Formulation,1
SUBFORM_887b48803f5b,Sub_Formulation,1
SUBFORM_9081f6ef9e23,Sub_Formulation,1
SUBFORM_b43c786c7b8e,Sub_Formulation,2
SUBFORM_8731b0ca7c90,Sub_Formulation,6
SUBFORM_b5f52e3323b1,Sub_Formulation,1
SUBFORM_0adb0b06f57b,Sub_Formulation,1
SUBFORM_a05dab41af94,Sub_Formulation,1
SUBFORM_636a5a74c666,Sub_Formulation,1
SUBFORM_d7478d8c35a9,Sub_Formulation,1
SUBFORM_8fb60b2bdbe2,Sub_Formulation,1
SUBFORM_96f0e79dfef3,Sub_Formulation,2
SUBFORM_b95b5880bdf3,Sub_Formulation,2
SUBFORM_4e7717d8ee7c,Sub_Formulation,8
SUBFORM_031893cb9604,Sub_Formulation,1
SUBFORM_6e3c8160ff38,Sub_Formulation,2
SUBFORM_83f06c4c6e20,Sub_Formulation,1
SUBFORM_86a453ae51c7,Sub_Formulation,1
SUBFORM_56fbfb4aded8,Sub_Formulation,1
SUBFORM_75f7e73a8ffd,Sub_Formulation,1
SUBFORM_1e7876095216,Sub_Formulation,2
SUBFORM_31430113dce0,Sub_Formulation,1
SUBFORM_718d37420536,Sub_Formulation,1
SUBFORM_8d875e296d35,Sub_Formulation,1
SUBFORM_307ea31a752c,Sub_Formulation,1
SUBFORM_19ffa31aa766,Sub_Formulation,15
SUBFORM_68fd06842dec,Sub_Formulation,1
SUBFORM_baf72e1527c3,Sub_Formulation,1
SUBFORM_05e926f6d6b4,Sub_Formulation,1
SUBFORM_98af625d3136,Sub_Formulation,1
SUBFORM_f81e209eeed6,Sub_Formulation,1
SUBFORM_9fceadc46a96,Sub_Formulation,1
SUBFORM_c930b9356f4f,Sub_Formulation,1
SUBFORM_2d5a65dd2624,Sub_Formulation,1
SUBFORM_7f3b08555eba,Sub_Formulation,1
SUBFORM_308a2f9cac9e,Sub_Formulation,1
SUBFORM_469a64315625,Sub_Formulation,1
SUBFORM_9346baf407f3,Sub_Formulation,1
SUBFORM_f8c9ebd82d36,Sub_Formulation,1
SUBFORM_7d98d9ab038c,Sub_Formulation,1
SUBFORM_b819b4c4d653,Sub_Formulation,2
SUBFORM_2f526c736016,Sub_Formulation,1
SUBFORM_14deca454f72,Sub_Formulation,1
SUBFORM_384e578b5574,Sub_Formulation,1
SUBFORM_7c2b3b62a963,Sub_Formulation,1
SUBFORM_b1d1e1521120,Sub_Formulation,1
SUBFORM_56569bb8b6e9,Sub_Formulation,1
SUBFORM_fdff99b9f60e,Sub_Formulation,1
SUBFORM_8d15372211a8,Sub_Formulation,1
SUBFORM_018982954767,Sub_Formulation,1
SUBFORM_b24b678d9220,Sub_Formulation,2
SUBFORM_fa43926b0423,Sub_Formulation,1
SUBFORM_d4b55b9f54b6,Sub_Formulation,1
SUBFORM_b2eb126df873,Sub_Formulation,3
SUBFORM_7a90d4d6d2d3,Sub_Formulation,1
SUBFORM_a9527d889b14,Sub_Formulation,1
SUBFORM_7636e725e093,Sub_Formulation,1
SUBFORM_3067d43eea3c,Sub_Formulation,1
SUBFORM_e2763161748e,Sub_Formulation,1
SUBFORM_8d023b9a1cb2,Sub_Formulation,1
SUBFORM_68049fcc824f,Sub_Formulation,1
SUBFORM_8203f07c79b6,Sub_Formulation,4
SUBFORM_127024fd6be1,Sub_Formulation,4
SUBFORM_d25341e9f682,Sub_Formulation,1
SUBFORM_c98b8c0c1d6d,Sub_Formulation,1
SUBFORM_7d063f868559,Sub_Formulation,1
SUBFORM_7c2f1de8f215,Sub_Formulation,1
SUBFORM_73aea1f46771,Sub_Formulation,1
SUBFORM_f5321f075436,Sub_Formulation,1
SUBFORM_799e33601604,Sub_Formulation,1
SUBFORM_d3c9c5ed3a0a,Sub_Formulation,1
SUBFORM_d42eb92aec3d,Sub_Formulation,1
SUBFORM_21ba978948bf,Sub_Formulation,2
SUBFORM_e5311ad7e896,Sub_Formulation,1
SUBFORM_10959a0d6689,Sub_Formulation,1
SUBFORM_f44862d3cde4,Sub_Formulation,1
SUBFORM_8f5a52dc7f6c,Sub_Formulation,3
SUBFORM_463b764fecaa,Sub_Formulation,1
SUBFORM_edfc58dd9189,Sub_Formulation,1
SUBFORM_8735e64080dc,Sub_Formulation,2
SUBFORM_1b34642599eb,Sub_Formulation,1
SUBFORM_000f1712e3c9,Sub_Formulation,1
SUBFORM_980f7591cece,Sub_Formulation,1
SUBFORM_40e679e7294e,Sub_Formulation,2
SUBFORM_a6a47efb8d36,Sub_Formulation,1
SUBFORM_283f553eb097,Sub_Formulation,1
SUBFORM_7c0e4f2a9f1c,Sub_Formulation,1
SUBFORM_114539557551,Sub_Formulation,1
SUBFORM_1a70ffde8903,Sub_Formulation,1
SUBFORM_343bf127ad7b,Sub_Formulation,1
SUBFORM_6f563fe6aed5,Sub_Formulation,1
SUBFORM_606db849bcee,Sub_Formulation,1
SUBFORM_cb3232fc14e6,Sub_Formulation,1
SUBFORM_c7bb9402988b,Sub_Formulation,1
SUBFORM_7314433adf20,Sub_Formulation,1
SUBFORM_a0742e10b562,Sub_Formulation,1
SUBFORM_2bc0593fd081,Sub_Formulation,1
SUBFORM_5eac23eee8c3,Sub_Formulation,8
SUBFORM_ff029690c0a5,Sub_Formulation,1
SUBFORM_1b0369f3a34f,Sub_Formulation,1
SUBFORM_96b21355f1c4,Sub_Formulation,1
SUBFORM_f95b5f5e8a17,Sub_Formulation,1
SUBFORM_bb78f94ecfcf,Sub_Formulation,1
SUBFORM_59a20d568635,Sub_Formulation,1
SUBFORM_22244cffdb96,Sub_Formulation,1
SUBFORM_7647c1743e55,Sub_Formulation,1
SUBFORM_4058f134fae9,Sub_Formulation,1
SUBFORM_c12420f8f988,Sub_Formulation,1
SUBFORM_9bf708e28612,Sub_Formulation,3
SUBFORM_038ae02e9239,Sub_Formulation,1
SUBFORM_bc583f82c17d,Sub_Formulation,1
SUBFORM_0b7b1a90051b,Sub_Formulation,2
SUBFORM_19960d66c6d1,Sub_Formulation,1
SUBFORM_62506e438dff,Sub_Formulation,8
SUBFORM_30da4358b755,Sub_Formulation,1
SUBFORM_47a00d38969b,Sub_Formulation,1
SUBFORM_d368ac78623c,Sub_Formulation,6
SUBFORM_68c3b1c9027e,Sub_Formulation,1
SUBFORM_5dd749324be5,Sub_Formulation,1
SUBFORM_2d65d335ef6e,Sub_Formulation,1
SUBFORM_62478fe54eed,Sub_Formulation,1
SUBFORM_cb14fc600053,Sub_Formulation,2
SUBFORM_f61fc1f5e20a,Sub_Formulation,31
SUBFORM_6093b6cf82eb,Sub_Formulation,5
SUBFORM_71cba0161204,Sub_Formulation,14
SUBFORM_5c7b4772d47b,Sub_Formulation,4
SUBFORM_778a605af6ae,Sub_Formulation,1
SUBFORM_a0e568a33266,Sub_Formulation,1
SUBFORM_4596d922ec5a,Sub_Formulation,2
SUBFORM_413d7e1eba62,Sub_Formulation,3
SUBFORM_f2d9c09ab45e,Sub_Formulation,1
SUBFORM_c9b3aac1a59c,Sub_Formulation,1
SUBFORM_ced1336a76b0,Sub_Formulation,1
SUBFORM_9663001c9f7a,Sub_Formulation,1
SUBFORM_9494eafbaf7d,Sub_Formulation,1
SUBFORM_0b4231a7ae1a,Sub_Formulation,1
SUBFORM_5e3e3fdc1916,Sub_Formulation,6
SUBFORM_d3b557cd6d2e,Sub_Formulation,1
SUBFORM_107e6c9ef250,Sub_Formulation,1
SUBFORM_e72fe871de53,Sub_Formulation,1
SUBFORM_850260b08ded,Sub_Formulation,6
SUBFORM_39ebcb790d9d,Sub_Formulation,1
SUBFORM_1377658fab21,Sub_Formulation,1
SUBFORM_dc0fd0246041,Sub_Formulation,8
SUBFORM_c69e121fbe90,Sub_Formulation,1
SUBFORM_858a1fe20d1e,Sub_Formulation,1
SUBFORM_749fea8ece09,Sub_Formulation,2
SUBFORM_a084e64979d6,Sub_Formulation,1
SUBFORM_d3cdbb66b693,Sub_Formulation,1
SUBFORM_158366269823,Sub_Formulation,1
SUBFORM_24dbf7d86764,Sub_Formulation,1
SUBFORM_4c2e007471f4,Sub_Formulation,1
SUBFORM_9377b3584850,Sub_Formulation,3
SUBFORM_4a878716628d,Sub_Formulation,1
SUBFORM_c44e7fa40c7e,Sub_Formulation,1
SUBFORM_f04906ed88f3,Sub_Formulation,1
SUBFORM_bd91ffa8ca1a,Sub_Formulation,2
SUBFORM_50dbb3521cc6,Sub_Formulation,1
SUBFORM_78bdd8e0d342,Sub_Formulation,1
SUBFORM_ba34f1146aa0,Sub_Formulation,1
SUBFORM_5afcfa991822,Sub_Formulation,1
SUBFORM_fae7bed49f3d,Sub_Formulation,1
SUBFORM_323d2e5d8c7c,Sub_Formulation,1
SUBFORM_8d70059ca636,Sub_Formulation,1
SUBFORM_854d2d0a492e,Sub_Formulation,2
SUBFORM_c1444867e2f9,Sub_Formulation,1
SUBFORM_b76f6d63679f,Sub_Formulation,2
SUBFORM_02402886a792,Sub_Formulation,1
SUBFORM_7a2a65185d2a,Sub_Formulation,1
SUBFORM_0f2be93d444b,Sub_Formulation,1
SUBFORM_a4910434064a,Sub_Formulation,1
SUBFORM_10ef57246689,Sub_Formulation,3
SUBFORM_b0dbf0f4c23f,Sub_Formulation,1
SUBFORM_9032fbb485ff,Sub_Formulation,2
SUBFORM_09ad895b9ec8,Sub_Formulation,1
SUBFORM_014c81a3d63c,Sub_Formulation,1
SUBFORM_acf440e3dd95,Sub_Formulation,1
SUBFORM_33a1a60205de,Sub_Formulation,1
SUBFORM_d9d43a4138da,Sub_Formulation,1
SUBFORM_237842176268,Sub_Formulation,1
SUBFORM_38a22eff77d1,Sub_Formulation,1
SUBFORM_ad0204a3beb7,Sub_Formulation,1
SUBFORM_431cd1c9d7bf,Sub_Formulation,1
SUBFORM_9b8aec48c016,Sub_Formulation,1
SUBFORM_c4e66f55684d,Sub_Formulation,2
SUBFORM_4f2ff94d47d8,Sub_Formulation,1
SUBFORM_f7444941e44c,Sub_Formulation,2
SUBFORM_4cf7f009817d,Sub_Formulation,1
SUBFORM_79197547822a,Sub_Formulation,1
SUBFORM_bc861016eab2,Sub_Formulation,1
SUBFORM_62fe9572b98a,Sub_Formulation,1
SUBFORM_9559f96be39b,Sub_Formulation,1
SUBFORM_ae7682453cf9,Sub_Formulation,1
SUBFORM_25afe63e621a,Sub_Formulation,1
SUBFORM_e8e64236d9a5,Sub_Formulation,1
SUBFORM_bfcbe8322852,Sub_Formulation,1
SUBFORM_eb792dc892a6,Sub_Formulation,1
SUBFORM_da2cc9fd95d2,Sub_Formulation,2
SUBFORM_3e489b8f340c,Sub_Formulation,1
SUBFORM_d9c726912472,Sub_Formulation,1
SUBFORM_1eeb654eef7c,Sub_Formulation,1
SUBFORM_1f41eb36378d,Sub_Formulation,1
SUBFORM_ad816b89b01c,Sub_Formulation,1
SUBFORM_30ab08b9237c,Sub_Formulation,2
SUBFORM_fba9852aec0a,Sub_Formulation,1
SUBFORM_6719ededb45d,Sub_Formulation,1
SUBFORM_188cbf5a6508,Sub_Formulation,1
SUBFORM_150e72558b8a,Sub_Formulation,1
SUBFORM_c3aa583b4d88,Sub_Formulation,8
SUBFORM_84d60fcdfc05,Sub_Formulation,1
SUBFORM_8a45982f72aa,Sub_Formulation,1
SUBFORM_aa9713c886ef,Sub_Formulation,1
SUBFORM_5a0dba5d470c,Sub_Formulation,1
SUBFORM_fdd5ecaf6464,Sub_Formulation,1
SUBFORM_22d72936ce89,Sub_Formulation,2
SUBFORM_f64c3b9b78dc,Sub_Formulation,1
SUBFORM_14f18465874f,Sub_Formulation,1
SUBFORM_a0d5d9d1d874,Sub_Formulation,4
SUBFORM_c780ecf4ec73,Sub_Formulation,1
SUBFORM_70c4bb56a5c9,Sub_Formulation,1
SUBFORM_d087517ab432,Sub_Formulation,1
SUBFORM_9d816444858d,Sub_Formulation,1
SUBFORM_6b94c75969bb,Sub_Formulation,1
SUBFORM_c20c425d34d6,Sub_Formulation,1
SUBFORM_1236482f459f,Sub_Formulation,1
SUBFORM_777f50b91214,Sub_Formulation,1
SUBFORM_ada57a18c63d,Sub_Formulation,1
SUBFORM_17834a6d3317,Sub_Formulation,1
SUBFORM_06784a9b7eaf,Sub_Formulation,1
SUBFORM_78a2786f3221,Sub_Formulation,1
SUBFORM_abc308092c35,Sub_Formulation,1
SUBFORM_01607fbf22d5,Sub_Formulation,1
SUBFORM_12fc26d919f9,Sub_Formulation,1
SUBFORM_5e078ce884f4,Sub_Formulation,1
SUBFORM_1ca7d5b412a6,Sub_Formulation,1
SUBFORM_2047f970330c,Sub_Formulation,1
SUBFORM_d9e656724cf0,Sub_Formulation,1
SUBFORM_2d7c18f8a373,Sub_Formulation,1
SUBFORM_7d1c809d5096,Sub_Formulation,1
SUBFORM_45616dc70cc0,Sub_Formulation,1
SUBFORM_e504a6dd67a1,Sub_Formulation,1
SUBFORM_f518d8a1b1da,Sub_Formulation,1
SUBFORM_d7cc12316adc,Sub_Formulation,1
SUBFORM_8031ac25b07a,Sub_Formulation,1
SUBFORM_a0d769dfc486,Sub_Formulation,1
SUBFORM_ef4583ff4cec,Sub_Formulation,1
SUBFORM_908f1c228b97,Sub_Formulation,1
SUBFORM_6d5a74e9e711,Sub_Formulation,1
SUBFORM_a007f9a1e2fe,Sub_Formulation,1
SUBFORM_2a14f41ae3ba,Sub_Formulation,1
SUBFORM_e4fb4ce64e2a,Sub_Formulation,1
SUBFORM_253992bdd966,Sub_Formulation,1
SUBFORM_a0d7b9992c75,Sub_Formulation,2
SUBFORM_4c66e65583b8,Sub_Formulation,1
SUBFORM_47ff84e74b5e,Sub_Formulation,1
SUBFORM_b4513f5e5d06,Sub_Formulation,2
SUBFORM_8dad978b336f,Sub_Formulation,4
SUBFORM_dcdd8fa92d00,Sub_Formulation,1
SUBFORM_553d03966c51,Sub_Formulation,1
SUBFORM_ae504ca5a760,Sub_Formulation,1
SUBFORM_67db7808cbbe,Sub_Formulation,1
SUBFORM_4f74f207d40a,Sub_Formulation,1
SUBFORM_13a58fa7aebe,Sub_Formulation,1
SUBFORM_2017bdebb89c,Sub_Formulation,1
SUBFORM_245500a8c165,Sub_Formulation,1
SUBFORM_02c88046b5a9,Sub_Formulation,1
SUBFORM_0ee296464ebf,Sub_Formulation,1
SUBFORM_710408ddf1d0,Sub_Formulation,1
SUBFORM_bcc3dfffe08a,Sub_Formulation,1
SUBFORM_2deda10d0f16,Sub_Formulation,1
SUBFORM_9e577de362f6,Sub_Formulation,1
SUBFORM_216ff942d252,Sub_Formulation,1
SUBFORM_0868abc19c98,Sub_Formulation,1
SUBFORM_ab26e731e771,Sub_Formulation,1
SUBFORM_72484c1797eb,Sub_Formulation,2
SUBFORM_510e9c44b59d,Sub_Formulation,1
SUBFORM_561dc1a5aa7e,Sub_Formulation,1
SUBFORM_ee7f5c522f88,Sub_Formulation,1
SUBFORM_2984fdde04b9,Sub_Formulation,1
SUBFORM_fcd510b71e7e,Sub_Formulation,1
SUBFORM_32a386c20be8,Sub_Formulation,1
SUBFORM_f00446979b02,Sub_Formulation,1
SUBFORM_7f855b6973b1,Sub_Formulation,1
SUBFORM_89deea1cba87,Sub_Formulation,1
SUBFORM_7a4155b44379,Sub_Formulation,1
SUBFORM_8fd5b58f66a1,Sub_Formulation,1
SUBFORM_54c7ed3a3284,Sub_Formulation,1
SUBFORM_cef6b315bbc4,Sub_Formulation,1
SUBFORM_4b627831616a,Sub_Formulation,3
SUBFORM_788fb3fcd4d4,Sub_Formulation,1
SUBFORM_4a4b541b7892,Sub_Formulation,1
SUBFORM_feea297f230c,Sub_Formulation,1
SUBFORM_7957c1928a49,Sub_Formulation,1
SUBFORM_ac31b01665a6,Sub_Formulation,1
SUBFORM_ecf939085846,Sub_Formulation,1
SUBFORM_97846c360f23,Sub_Formulation,1
SUBFORM_bd2e0309e6b6,Sub_Formulation,1
SUBFORM_ac7e0df3dfc9,Sub_Formulation,2
SUBFORM_1c287e423e69,Sub_Formulation,1
SUBFORM_214c0696425b,Sub_Formulation,1
SUBFORM_badff2a1a5bc,Sub_Formulation,1
SUBFORM_d34308c1a1b4,Sub_Formulation,1
SUBFORM_1eebbf3273d1,Sub_Formulation,1
SUBFORM_ec7176324ad1,Sub_Formulation,1
SUBFORM_08a6c542cea7,Sub_Formulation,1
SUBFORM_c1f0ff91dcb3,Sub_Formulation,1
SUBFORM_d971a938fd9a,Sub_Formulation,1
SUBFORM_53145560ba28,Sub_Formulation,1
SUBFORM_a7b4fa1640ba,Sub_Formulation,1
SUBFORM_844040b3dd31,Sub_Formulation,1
SUBFORM_3c53f2d3bed3,Sub_Formulation,1
SUBFORM_ae48ca527c3c,Sub_Formulation,2
SUBFORM_066b57de78dc,Sub_Formulation,1
SUBFORM_7c98decff072,Sub_Formulation,2
SUBFORM_816472990736,Sub_Formulation,1
SUBFORM_fdbc94a289fd,Sub_Formulation,1
SUBFORM_612f03414958,Sub_Formulation,1
SUBFORM_40931569e845,Sub_Formulation,3
SUBFORM_5366b850ce68,Sub_Formulation,1
SUBFORM_708ecfe26a8a,Sub_Formulation,1
SUBFORM_cbbfb7e77ee3,Sub_Formulation,4
SUBFORM_b4bef600dfc0,Sub_Formulation,4
SUBFORM_abd8a654c287,Sub_Formulation,2
SUBFORM_122434605f48,Sub_Formulation,1
SUBFORM_02b3541904c7,Sub_Formulation,1
SUBFORM_48a862449322,Sub_Formulation,5
SUBFORM_2b77c4cb5e46,Sub_Formulation,1
SUBFORM_98a7952228f5,Sub_Formulation,3
SUBFORM_976db708d2bc,Sub_Formulation,1
SUBFORM_13597eb30697,Sub_Formulation,1
SUBFORM_5703f9713a76,Sub_Formulation,2
SUBFORM_d5cf0b13ce43,Sub_Formulation,1
SUBFORM_f092b5f5bdf1,Sub_Formulation,1
SUBFORM_d47ba7cb58aa,Sub_Formulation,1
SUBFORM_b40b0fc7d751,Sub_Formulation,2
SUBFORM_b9308fb9c3a0,Sub_Formulation,1
SUBFORM_224f155b2ae2,Sub_Formulation,1
SUBFORM_46691385974d,Sub_Formulation,1
SUBFORM_8d79c56da76f,Sub_Formulation,1
SUBFORM_9180df5c060c,Sub_Formulation,1
SUBFORM_2fa12a7f45e8,Sub_Formulation,1
SUBFORM_3d5d4d925518,Sub_Formulation,1
SUBFORM_4bbb9db4dad4,Sub_Formulation,1
SUBFORM_df55b3a1a767,Sub_Formulation,1
SUBFORM_0a99f16e979c,Sub_Formulation,1
SUBFORM_d4bcad71e3f3,Sub_Formulation,1
SUBFORM_edae85a354ff,Sub_Formulation,1
SUBFORM_f50b531816ea,Sub_Formulation,4
SUBFORM_ddf7487e16cd,Sub_Formulation,1
SUBFORM_7b02b78e93a1,Sub_Formulation,1
SUBFORM_d76f8608ef07,Sub_Formulation,1
SUBFORM_146852b8b1e0,Sub_Formulation,1
SUBFORM_aa4b5bdc04e3,Sub_Formulation,1
SUBFORM_11f742693afc,Sub_Formulation,1
SUBFORM_029e73a4d114,Sub_Formulation,1
SUBFORM_cea56cc5acd3,Sub_Formulation,1
SUBFORM_68dc50dc52f4,Sub_Formulation,1
SUBFORM_7759af4afc85,Sub_Formulation,1
SUBFORM_c8453bd8fea5,Sub_Formulation,1
SUBFORM_262fbf6914c2,Sub_Formulation,1
SUBFORM_37f4ab6d69ac,Sub_Formulation,1
SUBFORM_d3574d8515bd,Sub_Formulation,1
SUBFORM_b43915d78a8e,Sub_Formulation,1
SUBFORM_32c20ee454f2,Sub_Formulation,1
SUBFORM_71f47127a7e8,Sub_Formulation,1
SUBFORM_761679b694c2,Sub_Formulation,1
SUBFORM_6596433afe08,Sub_Formulation,1
SUBFORM_b734787f05e7,Sub_Formulation,1
SUBFORM_b323fc91c0e7,Sub_Formulation,1
SUBFORM_b9c41605617c,Sub_Formulation,1
SUBFORM_8fa7222c2706,Sub_Formulation,1
SUBFORM_e4054fb67d66,Sub_Formulation,1
SUBFORM_8a8c8a988907,Sub_Formulation,1
SUBFORM_3132e72531c4,Sub_Formulation,1
SUBFORM_9e2181b8056f,Sub_Formulation,3
SUBFORM_695b5883bd6f,Sub_Formulation,11
SUBFORM_142eb50c58d7,Sub_Formulation,1
SUBFORM_775ff5b61a08,Sub_Formulation,2
SUBFORM_e827a7ff0833,Sub_Formulation,3
SUBFORM_8220beac15bb,Sub_Formulation,5
SUBFORM_3205ffd2845a,Sub_Formulation,1
SUBFORM_d56a5d5193b7,Sub_Formulation,1
SUBFORM_24d04769632a,Sub_Formulation,1
SUBFORM_a7d219dfc6c1,Sub_Formulation,1
SUBFORM_27f41752ffd1,Sub_Formulation,2
SUBFORM_f3ea412be350,Sub_Formulation,1
SUBFORM_407f665117c1,Sub_Formulation,1
SUBFORM_e8072dc796c0,Sub_Formulation,1
SUBFORM_d1795544938a,Sub_Formulation,1
SUBFORM_b826bb2c7b41,Sub_Formulation,2
SUBFORM_f4c705c84abb,Sub_Formulation,1
SUBFORM_7ec3c37415b7,Sub_Formulation,2
SUBFORM_03c7583774e0,Sub_Formulation,1
SUBFORM_1867e09ef7a1,Sub_Formulation,1
SUBFORM_4045e747567f,Sub_Formulation,1
SUBFORM_6be3dd73503a,Sub_Formulation,1
SUBFORM_417e7aa2f2b5,Sub_Formulation,1
SUBFORM_3c86c0fa8c24,Sub_Formulation,1
SUBFORM_bed7856c41f2,Sub_Formulation,1
SUBFORM_1d73508739d2,Sub_Formulation,1
SUBFORM_7d3fcf7416e3,Sub_Formulation,1
SUBFORM_fa7a475f3734,Sub_Formulation,2
SUBFORM_c911689dd803,Sub_Formulation,1
SUBFORM_fd134920d041,Sub_Formulation,1
SUBFORM_93793af9298c,Sub_Formulation,1
SUBFORM_aa06eab7090d,Sub_Formulation,1
SUBFORM_e13ce6fb2cb0,Sub_Formulation,1
SUBFORM_fcf0695d0de1,Sub_Formulation,1
SUBFORM_a354eca1a5fe,Sub_Formulation,1
SUBFORM_729f1e86f08a,Sub_Formulation,1
SUBFORM_e1a9155b3870,Sub_Formulation,1
SUBFORM_49a7f0cf972b,Sub_Formulation,2
SUBFORM_07aad92092fa,Sub_Formulation,1
SUBFORM_772c7ecf1e46,Sub_Formulation,1
SUBFORM_6c7c05708706,Sub_Formulation,1
SUBFORM_627740247b9d,Sub_Formulation,1
SUBFORM_ca372f1a6c39,Sub_Formulation,1
SUBFORM_e4002d150106,Sub_Formulation,1
SUBFORM_d5b20c6625bc,Sub_Formulation,1
SUBFORM_05bf1e83cadb,Sub_Formulation,1
SUBFORM_e2cf06dbb113,Sub_Formulation,1
SUBFORM_6093683384ca,Sub_Formulation,1
SUBFORM_391dd104f8af,Sub_Formulation,1
SUBFORM_1eba69e33d93,Sub_Formulation,1
SUBFORM_faed0dd698c3,Sub_Formulation,1
SUBFORM_032c61a54b96,Sub_Formulation,1
SUBFORM_cd144a101e49,Sub_Formulation,1
SUBFORM_6449e7fe0756,Sub_Formulation,1
SUBFORM_aa4ed33df439,Sub_Formulation,2
SUBFORM_a07bcf583e48,Sub_Formulation,1
SUBFORM_e11c097078fc,Sub_Formulation,1
SUBFORM_7fb55eee307c,Sub_Formulation,1
SUBFORM_f3c90e21a372,Sub_Formulation,2
SUBFORM_35bbcf95f7b5,Sub_Formulation,1
SUBFORM_db0f8e678b98,Sub_Formulation,2
SUBFORM_1a29ad676515,Sub_Formulation,1
SUBFORM_7886559cbd1c,Sub_Formulation,1
SUBFORM_b6a6b42bef46,Sub_Formulation,1
SUBFORM_ed9cda7e48c4,Sub_Formulation,1
SUBFORM_9db3ba252128,Sub_Formulation,1
SUBFORM_ef5b096dd123,Sub_Formulation,2
SUBFORM_4b158a0b38a6,Sub_Formulation,1
SUBFORM_d20c6613f2d9,Sub_Formulation,2
SUBFORM_bfd22abb65c4,Sub_Formulation,2
SUBFORM_e0e815f3ebe8,Sub_Formulation,1
SUBFORM_cf370ad68647,Sub_Formulation,1
SUBFORM_01be26822f1c,Sub_Formulation,1
SUBFORM_fbe2c03113e0,Sub_Formulation,1
SUBFORM_2fb807272aa0,Sub_Formulation,1
SUBFORM_acf7f02fa873,Sub_Formulation,1
SUBFORM_1287f09f5e3e,Sub_Formulation,2
SUBFORM_9e97927bcfb8,Sub_Formulation,1
SUBFORM_e31170fab047,Sub_Formulation,1
SUBFORM_7a243c846886,Sub_Formulation,1
SUBFORM_6322271fd91a,Sub_Formulation,1
SUBFORM_ea7100b5b4c7,Sub_Formulation,2
SUBFORM_0a84f0ba5803,Sub_Formulation,1
SUBFORM_b5365b8da346,Sub_Formulation,1
SUBFORM_04e304bc68da,Sub_Formulation,1
SUBFORM_383f94434c32,Sub_Formulation,1
SUBFORM_07d808a74be4,Sub_Formulation,1
SUBFORM_574e7d26d155,Sub_Formulation,1
SUBFORM_71a6dd7c9788,Sub_Formulation,1
SUBFORM_6efa5513db90,Sub_Formulation,1
SUBFORM_e3185809a3a4,Sub_Formulation,3
SUBFORM_dc995528db04,Sub_Formulation,1
SUBFORM_01404bf252fa,Sub_Formulation,1
SUBFORM_10d38bc9bc06,Sub_Formulation,1
SUBFORM_1ee053f19aa0,Sub_Formulation,3
SUBFORM_7d6a83a8b566,Sub_Formulation,1
SUBFORM_f8eea0d55db3,Sub_Formulation,1
SUBFORM_bf955dce2d4c,Sub_Formulation,1
SUBFORM_617725c15a1a,Sub_Formulation,2
SUBFORM_9aa70aef1320,Sub_Formulation,1
SUBFORM_0e254649d89e,Sub_Formulation,1
SUBFORM_bb2c50535630,Sub_Formulation,1
SUBFORM_e68c8c5a209b,Sub_Formulation,1
SUBFORM_d72c0996bc88,Sub_Formulation,1
SUBFORM_4768cbbda9a2,Sub_Formulation,1
SUBFORM_77623c82f964,Sub_Formulation,1
SUBFORM_6a4dd26859f2,Sub_Formulation,5
SUBFORM_27b6556d7872,Sub_Formulation,2
SUBFORM_fa779cd95ae1,Sub_Formulation,1
SUBFORM_8c1aa2a8753b,Sub_Formulation,1
SUBFORM_2670b23c87c5,Sub_Formulation,1
SUBFORM_1ed00139564d,Sub_Formulation,1
SUBFORM_8de886479a36,Sub_Formulation,1
SUBFORM_2f14b0349bbf,Sub_Formulation,1
SUBFORM_8c35f1994446,Sub_Formulation,1
SUBFORM_a23e4cf371e0,Sub_Formulation,1
SUBFORM_986796ac498d,Sub_Formulation,1
SUBFORM_1666f604524c,Sub_Formulation,1
SUBFORM_d5373ddb9cc3,Sub_Formulation,1
SUBFORM_405151218e5b,Sub_Formulation,1
SUBFORM_3634f7458ad4,Sub_Formulation,1
SUBFORM_3e8ff12de509,Sub_Formulation,1
SUBFORM_be7e56143079,Sub_Formulation,1
SUBFORM_8a069eee1261,Sub_Formulation,1
SUBFORM_be0adcdb0619,Sub_Formulation,1
SUBFORM_1296678e438a,Sub_Formulation,1
SUBFORM_867f11d27239,Sub_Formulation,1
SUBFORM_63510cdbc1ad,Sub_Formulation,2
SUBFORM_397352c87abc,Sub_Formulation,1
SUBFORM_9263e9d38c86,Sub_Formulation,1
SUBFORM_07c63f01787f,Sub_Formulation,1
SUBFORM_dc6b30fd9d6c,Sub_Formulation,1
SUBFORM_f3f68242d90d,Sub_Formulation,1
SUBFORM_63f1596bfe9c,Sub_Formulation,1
SUBFORM_eeeb95c41b3e,Sub_Formulation,2
SUBFORM_03fa045b2001,Sub_Formulation,1
SUBFORM_6a696ac821bd,Sub_Formulation,1
SUBFORM_9bcccfb10deb,Sub_Formulation,1
SUBFORM_49623ec7bfd7,Sub_Formulation,2
SUBFORM_37ffee9fe62f,Sub_Formulation,1
SUBFORM_da2f792517c2,Sub_Formulation,1
SUBFORM_03a96f18b950,Sub_Formulation,1
SUBFORM_a07abd057fd5,Sub_Formulation,1
SUBFORM_1cfb755c1555,Sub_Formulation,3
SUBFORM_1a9d2973a450,Sub_Formulation,1
SUBFORM_e7a407ef4b53,Sub_Formulation,1
SUBFORM_7239a70db044,Sub_Formulation,1
SUBFORM_d51a0a951fdb,Sub_Formulation,1
SUBFORM_f5190500787a,Sub_Formulation,1
SUBFORM_5771a0068c60,Sub_Formulation,1
SUBFORM_e655286ce420,Sub_Formulation,1
SUBFORM_2fa6ea74ff64,Sub_Formulation,1
SUBFORM_cd8e4cded6a0,Sub_Formulation,1
SUBFORM_44ad7d4542bd,Sub_Formulation,1
SUBFORM_c3168d5f7516,Sub_Formulation,1
SUBFORM_746bd2313bad,Sub_Formulation,1
SUBFORM_0d2ba02d3290,Sub_Formulation,1
SUBFORM_6bfd421ea071,Sub_Formulation,1
SUBFORM_fa5e5924988d,Sub_Formulation,1
SUBFORM_810250f6b115,Sub_Formulation,1
SUBFORM_a5be2e649445,Sub_Formulation,1
SUBFORM_d73ddc1c0210,Sub_Formulation,1
SUBFORM_06bcd5b37be3,Sub_Formulation,1
SUBFORM_710c3606b1d1,Sub_Formulation,1
SUBFORM_e46adcc3130f,Sub_Formulation,4
SUBFORM_e97e8cbef937,Sub_Formulation,1
SUBFORM_6985a6cb9855,Sub_Formulation,1
SUBFORM_57425e991065,Sub_Formulation,1
SUBFORM_fd9233653d77,Sub_Formulation,1
SUBFORM_4126dfb27b37,Sub_Formulation,1
SUBFORM_c041da869bf7,Sub_Formulation,1
SUBFORM_47e6ff0eadaf,Sub_Formulation,7
SUBFORM_740eda643486,Sub_Formulation,1
SUBFORM_3ec9d76502bc,Sub_Formulation,1
SUBFORM_d86c1fb0c0d7,Sub_Formulation,1
SUBFORM_77e52b34835c,Sub_Formulation,1
SUBFORM_caac08f43647,Sub_Formulation,1
SUBFORM_25bfe138f6d3,Sub_Formulation,1
SUBFORM_d54af30ab787,Sub_Formulation,1
SUBFORM_d0d21f147395,Sub_Formulation,1
SUBFORM_b455b4eb4416,Sub_Formulation,2
SUBFORM_25ffeab9ed40,Sub_Formulation,1
SUBFORM_7cc1bd0d3dcc,Sub_Formulation,1
SUBFORM_7e67bd305736,Sub_Formulation,1
SUBFORM_a1d864f58a27,Sub_Formulation,1
SUBFORM_a013ab324b71,Sub_Formulation,1
SUBFORM_94e21833dd19,Sub_Formulation,1
SUBFORM_3ce432aa121a,Sub_Formulation,1
SUBFORM_e8c9b1177356,Sub_Formulation,1
SUBFORM_f524301ba02f,Sub_Formulation,1
SUBFORM_1358d9e7b548,Sub_Formulation,1
SUBFORM_d0c414b4b1f6,Sub_Formulation,1
SUBFORM_fd3ad7828a56,Sub_Formulation,1
SUBFORM_e28b059a5866,Sub_Formulation,1
SUBFORM_53ebf8c7b8d7,Sub_Formulation,1
SUBFORM_909c16dc3179,Sub_Formulation,1
SUBFORM_9ec58c105ddf,Sub_Formulation,3
SUBFORM_447b71fc01bf,Sub_Formulation,1
SUBFORM_b965d7a761bc,Sub_Formulation,1
SUBFORM_0198e2f092b0,Sub_Formulation,1
SUBFORM_139ebfe4b44d,Sub_Formulation,1
SUBFORM_27f84874a61e,Sub_Formulation,1
SUBFORM_c950c284fce9,Sub_Formulation,1
SUBFORM_a043a33cccc7,Sub_Formulation,1
SUBFORM_0ca1e5abf19b,Sub_Formulation,1
SUBFORM_8472da8b807a,Sub_Formulation,1
SUBFORM_111d6328550f,Sub_Formulation,1
SUBFORM_9173801458cc,Sub_Formulation,1
SUBFORM_e4428983c4d0,Sub_Formulation,1
SUBFORM_82fe19824516,Sub_Formulation,1
SUBFORM_4336310d08b7,Sub_Formulation,1
SUBFORM_52547bb68f6b,Sub_Formulation,1
SUBFORM_a743934b9fd9,Sub_Formulation,1
SUBFORM_14ecfd9f1045,Sub_Formulation,1
SUBFORM_2b430670029b,Sub_Formulation,1
SUBFORM_99ac732b491c,Sub_Formulation,1
SUBFORM_397d5bb2f36d,Sub_Formulation,1
SUBFORM_ccafe64051b0,Sub_Formulation,1
SUBFORM_da6df186391b,Sub_Formulation,1
SUBFORM_739db724bfe2,Sub_Formulation,1
SUBFORM_298dfc8a6a2c,Sub_Formulation,1
SUBFORM_840bd9b9e058,Sub_Formulation,1
SUBFORM_2d4f7faa6a19,Sub_Formulation,2
SUBFORM_e41966ed7ce3,Sub_Formulation,1
SUBFORM_1761b32517b3,Sub_Formulation,2
SUBFORM_c026f0465619,Sub_Formulation,1
SUBFORM_f265b80d798e,Sub_Formulation,8
SUBFORM_9a88cbd27567,Sub_Formulation,1
SUBFORM_35461ae57ada,Sub_Formulation,2
SUBFORM_1793187810f2,Sub_Formulation,1
SUBFORM_95632b0aa219,Sub_Formulation,1
SUBFORM_87d21cd65477,Sub_Formulation,1
SUBFORM_a5613bab85f5,Sub_Formulation,1
SUBFORM_e5a9aad856a2,Sub_Formulation,1
SUBFORM_5ef613dc8ddb,Sub_Formulation,2
SUBFORM_fdf981a5c9c1,Sub_Formulation,2
SUBFORM_ce07469e2300,Sub_Formulation,1
SUBFORM_2f6fb5f29837,Sub_Formulation,1
SUBFORM_53cf0e15dccc,Sub_Formulation,1
SUBFORM_b030be1a951a,Sub_Formulation,1
SUBFORM_a6159273c16d,Sub_Formulation,1
SUBFORM_5ff49ffd63e7,Sub_Formulation,1
SUBFORM_a7ca9a439338,Sub_Formulation,1
SUBFORM_d5e517281377,Sub_Formulation,1
SUBFORM_c64f6fc5d445,Sub_Formulation,1
SUBFORM_b6b3d90b152d,Sub_Formulation,1
SUBFORM_b9c1fff8fb71,Sub_Formulation,2
SUBFORM_74128846cd05,Sub_Formulation,1
SUBFORM_43cbdbc88833,Sub_Formulation,1
SUBFORM_03d5c4960f86,Sub_Formulation,1
SUBFORM_b390f66bde52,Sub_Formulation,4
SUBFORM_cf5bcd67ad07,Sub_Formulation,1
SUBFORM_3b80ac926f2f,Sub_Formulation,1
SUBFORM_797ef382abe6,Sub_Formulation,2
SUBFORM_3e2ae9b784d8,Sub_Formulation,1
SUBFORM_bb05b6f308de,Sub_Formulation,1
SUBFORM_7fb9b2c05e79,Sub_Formulation,2
SUBFORM_49c9ffcafdb2,Sub_Formulation,1
SUBFORM_e8a7446f1c0f,Sub_Formulation,1
SUBFORM_7be821cf0eb1,Sub_Formulation,1
SUBFORM_e36832088abe,Sub_Formulation,1
SUBFORM_07a955115398,Sub_Formulation,1
SUBFORM_5e13c665dbdb,Sub_Formulation,1
SUBFORM_003d00ad8de8,Sub_Formulation,1
SUBFORM_f298f6251399,Sub_Formulation,1
SUBFORM_0cf23695591e,Sub_Formulation,1
SUBFORM_bf9b7a0a50b9,Sub_Formulation,2
SUBFORM_d35a125b924b,Sub_Formulation,1
SUBFORM_147ac357ae1a,Sub_Formulation,1
SUBFORM_cf0804d97a91,Sub_Formulation,1
SUBFORM_01a66766a319,Sub_Formulation,2
SUBFORM_799ba07f02bc,Sub_Formulation,2
SUBFORM_eb1d23ceee2a,Sub_Formulation,1
SUBFORM_b7bcc11e7493,Sub_Formulation,1
SUBFORM_ffc25f2a0f11,Sub_Formulation,1
SUBFORM_17173f3f0dc8,Sub_Formulation,1
SUBFORM_48bc83a1e4c3,Sub_Formulation,1
SUBFORM_a60ac6eeb506,Sub_Formulation,2
SUBFORM_bf61c6161458,Sub_Formulation,1
SUBFORM_875a13653325,Sub_Formulation,1
SUBFORM_0f546d0c05f3,Sub_Formulation,1
SUBFORM_a57376b521f8,Sub_Formulation,1
SUBFORM_e39ebd22aff9,Sub_Formulation,1
SUBFORM_163eb4cfb47a,Sub_Formulation,1
SUBFORM_0c098e4b9d76,Sub_Formulation,1
SUBFORM_441966d2b622,Sub_Formulation,1
SUBFORM_ead1130042a6,Sub_Formulation,1
SUBFORM_6e1d54751bf0,Sub_Formulation,1
SUBFORM_018e78d8dce7,Sub_Formulation,2
SUBFORM_5613efeb8ef3,Sub_Formulation,1
SUBFORM_6ad723192c4e,Sub_Formulation,1
SUBFORM_0aea32d77618,Sub_Formulation,1
SUBFORM_4b50b47b350b,Sub_Formulation,1
SUBFORM_db4308e87dbc,Sub_Formulation,1
SUBFORM_cfabca35e75c,Sub_Formulation,1
SUBFORM_5b9bd8becc2b,Sub_Formulation,1
SUBFORM_f808daf23181,Sub_Formulation,1
SUBFORM_1513b4691642,Sub_Formulation,1
SUBFORM_2f16db898e5e,Sub_Formulation,1
SUBFORM_8b493916ca7d,Sub_Formulation,4
SUBFORM_80eaa7b7db42,Sub_Formulation,2
SUBFORM_72dc3825e86b,Sub_Formulation,1
SUBFORM_453263710e14,Sub_Formulation,1
SUBFORM_fef823aa66c6,Sub_Formulation,1
SUBFORM_c144d4f9e358,Sub_Formulation,1
SUBFORM_dcf20fa09cc8,Sub_Formulation,1
SUBFORM_37ae6670018c,Sub_Formulation,1
SUBFORM_d9e94bafcbe8,Sub_Formulation,3
SUBFORM_02b2c47b8000,Sub_Formulation,1
SUBFORM_d8eb508e5d06,Sub_Formulation,1
SUBFORM_e87dca21d8b4,Sub_Formulation,5
SUBFORM_4edfce2f4c32,Sub_Formulation,1
SUBFORM_55270b7ba8b8,Sub_Formulation,1
SUBFORM_d5521d819fcd,Sub_Formulation,1
SUBFORM_5b22934fbd78,Sub_Formulation,1
SUBFORM_c90d0abee4a5,Sub_Formulation,1
SUBFORM_38b705055d85,Sub_Formulation,1
SUBFORM_ae9408028919,Sub_Formulation,1
SUBFORM_129655952482,Sub_Formulation,1
SUBFORM_811f6e0bb1fc,Sub_Formulation,1
SUBFORM_f4a8e7800144,Sub_Formulation,1
SUBFORM_f129e2233372,Sub_Formulation,2
SUBFORM_65458d7b565b,Sub_Formulation,2
SUBFORM_43cd87ea3baf,Sub_Formulation,1
SUBFORM_e43461503a24,Sub_Formulation,1
SUBFORM_5a002b8aef96,Sub_Formulation,1
SUBFORM_ab346389b9b9,Sub_Formulation,1
SUBFORM_2677340d299c,Sub_Formulation,1
SUBFORM_60f712393930,Sub_Formulation,1
SUBFORM_669c61a3f813,Sub_Formulation,6
SUBFORM_592d3d7bec1c,Sub_Formulation,2
SUBFORM_0bd96d9ee357,Sub_Formulation,1
SUBFORM_4e78cbf1b201,Sub_Formulation,1
SUBFORM_2bc4ff8e0f82,Sub_Formulation,1
SUBFORM_db9f6f6f041c,Sub_Formulation,1
SUBFORM_1fd552753e3e,Sub_Formulation,1
SUBFORM_e9a519bf412a,Sub_Formulation,1
SUBFORM_f05934a7a182,Sub_Formulation,1
SUBFORM_010ff248b497,Sub_Formulation,1
SUBFORM_0d3414df1deb,Sub_Formulation,1
SUBFORM_b9d626a8b75c,Sub_Formulation,1
SUBFORM_67b579ef60ca,Sub_Formulation,1
SUBFORM_561f92f28ab5,Sub_Formulation,1
SUBFORM_0495bd8cdb5b,Sub_Formulation,1
SUBFORM_49ab7fcbb13a,Sub_Formulation,1
SUBFORM_a756c503db90,Sub_Formulation,1
SUBFORM_d8160beec9af,Sub_Formulation,1
SUBFORM_36e920295c4a,Sub_Formulation,1
SUBFORM_2a4c81cceccd,Sub_Formulation,1
SUBFORM_b2afcd227b70,Sub_Formulation,2
SUBFORM_571bff6bb05e,Sub_Formulation,1
SUBFORM_f497b856b854,Sub_Formulation,1
SUBFORM_c11e65b9ea48,Sub_Formulation,1
SUBFORM_f45c97aa08d2,Sub_Formulation,1
SUBFORM_cf101a2bd40f,Sub_Formulation,1
SUBFORM_9811fe2ea841,Sub_Formulation,1
SUBFORM_c4a9bd685d6d,Sub_Formulation,1
SUBFORM_e9cf18b4ad6e,Sub_Formulation,1
SUBFORM_4dc5645c80fc,Sub_Formulation,1
SUBFORM_3d2d79dc0a73,Sub_Formulation,1
SUBFORM_561855366113,Sub_Formulation,1
SUBFORM_a708c5820c1c,Sub_Formulation,2
SUBFORM_b2b6ad80d897,Sub_Formulation,1
SUBFORM_15be82b04503,Sub_Formulation,1
SUBFORM_7303f720fc68,Sub_Formulation,1
SUBFORM_6ab263948261,Sub_Formulation,1
SUBFORM_c52e0107d8b1,Sub_Formulation,2
SUBFORM_4ad6b5f29616,Sub_Formulation,1
SUBFORM_1370da0e57da,Sub_Formulation,1
SUBFORM_1e45a5d8d1f8,Sub_Formulation,2
SUBFORM_f6c652f37dbc,Sub_Formulation,1
SUBFORM_56a773ee1204,Sub_Formulation,1
SUBFORM_ea872edf62e8,Sub_Formulation,1
SUBFORM_18805c30e9af,Sub_Formulation,1
SUBFORM_769568864a73,Sub_Formulation,1
SUBFORM_7babcc96d244,Sub_Formulation,1
SUBFORM_96001c8d7a90,Sub_Formulation,1
SUBFORM_ef081377601a,Sub_Formulation,1
SUBFORM_a4a3de18fc27,Sub_Formulation,1
SUBFORM_7c1095c1e99b,Sub_Formulation,1
SUBFORM_f7a433e65519,Sub_Formulation,2
SUBFORM_6ec90a163c6a,Sub_Formulation,1
SUBFORM_adf415352fe7,Sub_Formulation,1
SUBFORM_a55f9ef74ecd,Sub_Formulation,1
SUBFORM_d409c1db6c66,Sub_Formulation,1
SUBFORM_2c20cfa7f0e1,Sub_Formulation,1
SUBFORM_0e53003b408a,Sub_Formulation,2
SUBFORM_0da1d28e667a,Sub_Formulation,1
SUBFORM_69f5b75e562f,Sub_Formulation,1
SUBFORM_85aca2a2fe8f,Sub_Formulation,2
SUBFORM_7ef9dc09b970,Sub_Formulation,3
SUBFORM_cf1a156dc6eb,Sub_Formulation,1
SUBFORM_3e131df8fed3,Sub_Formulation,1
SUBFORM_c7debc41be26,Sub_Formulation,1
SUBFORM_796beb9004e6,Sub_Formulation,1
SUBFORM_7670c839481f,Sub_Formulation,1
SUBFORM_670bfcce347c,Sub_Formulation,1
SUBFORM_2d8746bef44f,Sub_Formulation,1
SUBFORM_6305a86832d9,Sub_Formulation,1
SUBFORM_4d7c6db791ec,Sub_Formulation,1
SUBFORM_cb6557a169c8,Sub_Formulation,7
SUBFORM_f9ed5e2b43c5,Sub_Formulation,2
SUBFORM_f29c0d939e8b,Sub_Formulation,1
SUBFORM_0c254304e452,Sub_Formulation,1
SUBFORM_b62151fb4dc3,Sub_Formulation,3
SUBFORM_e8c5755b5be7,Sub_Formulation,1
SUBFORM_df3d13b041da,Sub_Formulation,1
SUBFORM_349606a86bb9,Sub_Formulation,1
SUBFORM_befba6bfc055,Sub_Formulation,1
SUBFORM_bdba5c81796b,Sub_Formulation,1
SUBFORM_6f92dc7dc94d,Sub_Formulation,1
SUBFORM_d77b8724e83a,Sub_Formulation,1
SUBFORM_06f728ff3aad,Sub_Formulation,1
SUBFORM_8793b81d2a58,Sub_Formulation,3
SUBFORM_620a0505238e,Sub_Formulation,1
SUBFORM_2abac67a3f1c,Sub_Formulation,1
SUBFORM_73644aed869b,Sub_Formulation,1
SUBFORM_54e994c68db9,Sub_Formulation,1
SUBFORM_2444d5c6333b,Sub_Formulation,1
SUBFORM_a60e012defc4,Sub_Formulation,1
SUBFORM_3eb7d161e4fc,Sub_Formulation,1
SUBFORM_bbd5e1bd8bea,Sub_Formulation,1
SUBFORM_32c9ccdba35b,Sub_Formulation,1
SUBFORM_ea14aaa558f8,Sub_Formulation,1
SUBFORM_ed565dd9fb2b,Sub_Formulation,1
SUBFORM_c8822b83230f,Sub_Formulation,1
SUBFORM_b6a1996ce9bc,Sub_Formulation,1
SUBFORM_b6ab8c6c1dcd,Sub_Formulation,1
SUBFORM_2e17db577837,Sub_Formulation,1
SUBFORM_773efed481d6,Sub_Formulation,1
SUBFORM_8fdb674ca250,Sub_Formulation,1
SUBFORM_7e5b013fe934,Sub_Formulation,2
SUBFORM_7d25eb78c807,Sub_Formulation,1
SUBFORM_855511e6e149,Sub_Formulation,1
SUBFORM_93653b4d85a4,Sub_Formulation,1
SUBFORM_27193c31a46f,Sub_Formulation,1
SUBFORM_21358865075a,Sub_Formulation,7
SUBFORM_6f2179f742fc,Sub_Formulation,1
SUBFORM_30cdfecd06e4,Sub_Formulation,1
SUBFORM_f0573c40b0f1,Sub_Formulation,2
SUBFORM_766c09679826,Sub_Formulation,2
SUBFORM_4340d36304a8,Sub_Formulation,1
SUBFORM_d95980dd4e9f,Sub_Formulation,1
SUBFORM_24da423ebd6f,Sub_Formulation,1
SUBFORM_b5cc62bc768e,Sub_Formulation,1
SUBFORM_92ecee3cb32a,Sub_Formulation,1
SUBFORM_a6de7ce2083f,Sub_Formulation,1
SUBFORM_aa185878b403,Sub_Formulation,1
SUBFORM_692aafcdc68b,Sub_Formulation,1
SUBFORM_ba2803848dad,Sub_Formulation,1
SUBFORM_34566a29b4e7,Sub_Formulation,1
SUBFORM_586d8c4d72e6,Sub_Formulation,1
SUBFORM_b063d2da4758,Sub_Formulation,1
SUBFORM_87d5a1caec13,Sub_Formulation,4
SUBFORM_a5abcc67f2cb,Sub_Formulation,1
SUBFORM_e829ffd61285,Sub_Formulation,8
SUBFORM_e3e1e75cecb4,Sub_Formulation,1
SUBFORM_4e473eb3f9fa,Sub_Formulation,1
SUBFORM_7953fa788d4e,Sub_Formulation,3
SUBFORM_2edbd76d4ff7,Sub_Formulation,2
SUBFORM_983321e07db0,Sub_Formulation,1
SUBFORM_d2a00b69f13f,Sub_Formulation,2
SUBFORM_a78419e7a7d5,Sub_Formulation,1
SUBFORM_423488ffae3c,Sub_Formulation,1
SUBFORM_33f0f75acf38,Sub_Formulation,2
SUBFORM_df0b813099f3,Sub_Formulation,3
SUBFORM_c3be2356af35,Sub_Formulation,3
SUBFORM_81d58c76199f,Sub_Formulation,1
SUBFORM_7ef324be7882,Sub_Formulation,1
SUBFORM_f44842b736e5,Sub_Formulation,1
SUBFORM_b520b58f5ed1,Sub_Formulation,1
SUBFORM_bae699e2587a,Sub_Formulation,1
SUBFORM_37a54a187b69,Sub_Formulation,4
SUBFORM_63983024c928,Sub_Formulation,1
SUBFORM_083b31555162,Sub_Formulation,1
SUBFORM_93e4b10d603d,Sub_Formulation,1
SUBFORM_296d246c3ebb,Sub_Formulation,1
SUBFORM_b94c6a77bab1,Sub_Formulation,1
SUBFORM_d69b6dc65519,Sub_Formulation,1
SUBFORM_770478bec5bc,Sub_Formulation,1
SUBFORM_c09d56712de8,Sub_Formulation,1
SUBFORM_228b69b34118,Sub_Formulation,1
SUBFORM_60c28b4a8c03,Sub_Formulation,1
SUBFORM_6bfef4132deb,Sub_Formulation,1
SUBFORM_7f163fdf18fc,Sub_Formulation,1
SUBFORM_df3a2f494657,Sub_Formulation,1
SUBFORM_253d36fb52b0,Sub_Formulation,1
SUBFORM_60b95671b43f,Sub_Formulation,2
SUBFORM_f66c17500a5d,Sub_Formulation,1
SUBFORM_8feed4409971,Sub_Formulation,1
SUBFORM_de98db8e675c,Sub_Formulation,1
SUBFORM_b394811a2e99,Sub_Formulation,1
SUBFORM_94de46a3c6bd,Sub_Formulation,1
SUBFORM_145d84d16a23,Sub_Formulation,1
SUBFORM_401e2b79b993,Sub_Formulation,1
SUBFORM_4839af1bd88c,Sub_Formulation,1
SUBFORM_8c2e59409a63,Sub_Formulation,1
SUBFORM_9694479aaff0,Sub_Formulation,1
SUBFORM_fd3e5b8e8942,Sub_Formulation,1
SUBFORM_91f980e34960,Sub_Formulation,1
SUBFORM_173ff33a54c6,Sub_Formulation,1
SUBFORM_2fa0e05baac5,Sub_Formulation,1
SUBFORM_d36e3f6a039a,Sub_Formulation,1
SUBFORM_14f147b01993,Sub_Formulation,6
SUBFORM_9ce5e1029ca0,Sub_Formulation,1
SUBFORM_1be907ca1d1b,Sub_Formulation,1
SUBFORM_dbf3d7a6b496,Sub_Formulation,1
SUBFORM_e10cd67b1d62,Sub_Formulation,1
SUBFORM_ad56572368d9,Sub_Formulation,1
SUBFORM_adb9a00bd5d0,Sub_Formulation,1
SUBFORM_ee8f4dfbead3,Sub_Formulation,1
SUBFORM_a2e79a0d20a8,Sub_Formulation,1
SUBFORM_8401d5f20e35,Sub_Formulation,1
SUBFORM_c376079fab84,Sub_Formulation,1
SUBFORM_35d9d71189f2,Sub_Formulation,1
SUBFORM_b0bb1b393395,Sub_Formulation,1
SUBFORM_939efe85aa9c,Sub_Formulation,1
SUBFORM_5d42ac1381ba,Sub_Formulation,1
SUBFORM_ab3ffc8d93d8,Sub_Formulation,1
SUBFORM_7d1f7e548088,Sub_Formulation,1
SUBFORM_178e2ca1e088,Sub_Formulation,1
SUBFORM_01b1ccfc2282,Sub_Formulation,1
SUBFORM_af1da9bb51dc,Sub_Formulation,1
SUBFORM_1a0204d9a0f7,Sub_Formulation,1
SUBFORM_3681db569821,Sub_Formulation,1
SUBFORM_8b264a06a09f,Sub_Formulation,1
SUBFORM_17f795c761f2,Sub_Formulation,1
SUBFORM_475596701ebe,Sub_Formulation,1
SUBFORM_c7679b998750,Sub_Formulation,1
SUBFORM_c4760456d49d,Sub_Formulation,1
SUBFORM_ff40eb7512c8,Sub_Formulation,2
SUBFORM_387c6220ab30,Sub_Formulation,1
SUBFORM_0d494d08d6c5,Sub_Formulation,1
SUBFORM_8c02f20c86d1,Sub_Formulation,1
SUBFORM_e6a87b9eea9b,Sub_Formulation,2
SUBFORM_5aef7af32df0,Sub_Formulation,1
SUBFORM_d0ac14ed8eaa,Sub_Formulation,1
SUBFORM_1e091d960c3a,Sub_Formulation,1
SUBFORM_c49211cfa1bf,Sub_Formulation,2
SUBFORM_b7a38fe2f20a,Sub_Formulation,1
SUBFORM_86c62891c3dc,Sub_Formulation,1
SUBFORM_dc110e34b780,Sub_Formulation,1
SUBFORM_7dac757c86c9,Sub_Formulation,1
SUBFORM_e3faa1259442,Sub_Formulation,1
SUBFORM_8e101a8c44fb,Sub_Formulation,1
SUBFORM_d6e7409e214f,Sub_Formulation,1
SUBFORM_8bdc7bebfc93,Sub_Formulation,1
SUBFORM_0596a5032af8,Sub_Formulation,1
SUBFORM_8b5927c3938d,Sub_Formulation,1
SUBFORM_f56b49f90e3c,Sub_Formulation,1
SUBFORM_9a1e7f25083f,Sub_Formulation,1
SUBFORM_db078f3f522d,Sub_Formulation,1
SUBFORM_1f333a41cd9b,Sub_Formulation,1
SUBFORM_bfb75c3cc768,Sub_Formulation,1
SUBFORM_3f4e0cde34df,Sub_Formulation,1
SUBFORM_f4b4a16bab34,Sub_Formulation,1
SUBFORM_c843dd08bdef,Sub_Formulation,1
SUBFORM_5bab67f8f261,Sub_Formulation,1
SUBFORM_a5e766cf426b,Sub_Formulation,1
SUBFORM_055074167537,Sub_Formulation,1
SUBFORM_f37cb7cd7077,Sub_Formulation,1
SUBFORM_eb4092af63ad,Sub_Formulation,1
SUBFORM_5d1f9a29cfd8,Sub_Formulation,1
SUBFORM_eccf98380720,Sub_Formulation,1
SUBFORM_a8e37d4ad3e9,Sub_Formulation,1
SUBFORM_c96b9fbe95ef,Sub_Formulation,1
SUBFORM_0f1250b9b299,Sub_Formulation,1
SUBFORM_b667d47737a0,Sub_Formulation,1
SUBFORM_daf9d74f0ccc,Sub_Formulation,1
SUBFORM_12a60bea56bf,Sub_Formulation,1
SUBFORM_a1134adada7b,Sub_Formulation,2
SUBFORM_25568d646c8d,Sub_Formulation,1
SUBFORM_0fddcdf6143f,Sub_Formulation,1
SUBFORM_b490e4153e4f,Sub_Formulation,3
SUBFORM_d7775ceddc46,Sub_Formulation,1
SUBFORM_3913fb6c47c9,Sub_Formulation,1
SUBFORM_ea322ffaf796,Sub_Formulation,1
SUBFORM_81e3354fb4c2,Sub_Formulation,1
SUBFORM_8ad6768296ef,Sub_Formulation,1
SUBFORM_5efc258b8f5f,Sub_Formulation,2
SUBFORM_ba7870079444,Sub_Formulation,2
SUBFORM_a4faa6a1cc14,Sub_Formulation,1
SUBFORM_828818f0ed32,Sub_Formulation,2
SUBFORM_fbc0ffbdd17c,Sub_Formulation,1
SUBFORM_cae53668a321,Sub_Formulation,1
SUBFORM_8de29af9c34e,Sub_Formulation,1
SUBFORM_13d7edcac5ef,Sub_Formulation,1
SUBFORM_cd6abcfc056d,Sub_Formulation,1
SUBFORM_ae20f1ffa968,Sub_Formulation,1
SUBFORM_ef3cab3ed97e,Sub_Formulation,1
SUBFORM_9c82b961fdb8,Sub_Formulation,3
SUBFORM_85aeaf4b502b,Sub_Formulation,1
SUBFORM_07f271f0571e,Sub_Formulation,1
SUBFORM_2d19a3f68fdf,Sub_Formulation,2
SUBFORM_b0eb6e221144,Sub_Formulation,1
SUBFORM_25705b95e05e,Sub_Formulation,1
SUBFORM_a2f23b1e7cd0,Sub_Formulation,1
SUBFORM_4473514d377e,Sub_Formulation,1
SUBFORM_cf4577ef08f8,Sub_Formulation,1
SUBFORM_e3272ae4b19a,Sub_Formulation,1
SUBFORM_70eb099ff38b,Sub_Formulation,1
SUBFORM_a1b132bd5b2c,Sub_Formulation,1
SUBFORM_7bf8483f3155,Sub_Formulation,1
SUBFORM_4cb7b9c4f65e,Sub_Formulation,1
SUBFORM_23ce00e63589,Sub_Formulation,1
SUBFORM_5779e852fd05,Sub_Formulation,1
SUBFORM_3e2651884da4,Sub_Formulation,1
SUBFORM_2e2ef7d7977d,Sub_Formulation,1
SUBFORM_af90520bd185,Sub_Formulation,1
SUBFORM_7969331f7fb8,Sub_Formulation,1
SUBFORM_46c1e5eff3a6,Sub_Formulation,1
SUBFORM_fc52f81bb928,Sub_Formulation,1
SUBFORM_1c79463d82b1,Sub_Formulation,1
SUBFORM_1fd742e0b113,Sub_Formulation,1
SUBFORM_9a0dd9cba5dc,Sub_Formulation,1
SUBFORM_48b6d4303179,Sub_Formulation,1
SUBFORM_ad85eabdc4fd,Sub_Formulation,1
SUBFORM_dbae4bfaa77d,Sub_Formulation,1
SUBFORM_180d3b3b895f,Sub_Formulation,1
SUBFORM_cdfa067c9d5b,Sub_Formulation,1
SUBFORM_a6a58788f5ba,Sub_Formulation,1
SUBFORM_dd0725c11be3,Sub_Formulation,1
SUBFORM_7edcd56e65c4,Sub_Formulation,2
SUBFORM_68dc6a9fc178,Sub_Formulation,1
SUBFORM_7c466d9f2ccf,Sub_Formulation,1
SUBFORM_3791678d04a1,Sub_Formulation,2
SUBFORM_6362f7c455aa,Sub_Formulation,1
SUBFORM_a6fc0aa0be89,Sub_Formulation,1
SUBFORM_27241f7a21f7,Sub_Formulation,1
SUBFORM_82fa517544b5,Sub_Formulation,1
SUBFORM_a721b8d09f56,Sub_Formulation,1
SUBFORM_dc13a3d3352f,Sub_Formulation,1
SUBFORM_4307097c0f19,Sub_Formulation,2
SUBFORM_e048d1543f7d,Sub_Formulation,1
SUBFORM_154d37ef1252,Sub_Formulation,1
SUBFORM_e6e2d97281a8,Sub_Formulation,1
SUBFORM_4389cd6bce88,Sub_Formulation,1
SUBFORM_b9422f3e5d84,Sub_Formulation,1
SUBFORM_f969ac3a9030,Sub_Formulation,1
SUBFORM_81e6cb29aa6e,Sub_Formulation,1
SUBFORM_2338574507e9,Sub_Formulation,2
SUBFORM_790a6376b7d6,Sub_Formulation,1
SUBFORM_ba45bc8b3a50,Sub_Formulation,1
SUBFORM_1621c9413f3f,Sub_Formulation,1
SUBFORM_63ac7098c412,Sub_Formulation,1
SUBFORM_339e692e4c37,Sub_Formulation,1
SUBFORM_7276570af9a4,Sub_Formulation,18
SUBFORM_7f1b9e0c100e,Sub_Formulation,1
SUBFORM_c0b014a6a4bb,Sub_Formulation,1
SUBFORM_a992986fb5fd,Sub_Formulation,1
SUBFORM_53ec5ab881b7,Sub_Formulation,1
SUBFORM_f25775541e69,Sub_Formulation,1
SUBFORM_99015a5b9ad0,Sub_Formulation,1
SUBFORM_0a7713d400cd,Sub_Formulation,1
SUBFORM_30cbccd46a49,Sub_Formulation,1
SUBFORM_54eef6c16ff8,Sub_Formulation,1
SUBFORM_262e53ea5c2f,Sub_Formulation,1
SUBFORM_835f430b700d,Sub_Formulation,1
SUBFORM_e97c97d641c4,Sub_Formulation,1
SUBFORM_e0c4f8a8160f,Sub_Formulation,1
SUBFORM_c78066391517,Sub_Formulation,1
SUBFORM_817d4daa531e,Sub_Formulation,1
SUBFORM_50357b24d66a,Sub_Formulation,1
SUBFORM_cecfc6531abd,Sub_Formulation,2
SUBFORM_6a79e1dc4d58,Sub_Formulation,1
SUBFORM_e4069d1831e5,Sub_Formulation,2
SUBFORM_572416b7f3f8,Sub_Formulation,1
SUBFORM_c39179d9a0a5,Sub_Formulation,1
SUBFORM_cbbcbcc22a0c,Sub_Formulation,3
SUBFORM_93f531448059,Sub_Formulation,2
SUBFORM_abc16e4c35bb,Sub_Formulation,2
SUBFORM_bf6c7a8aaefc,Sub_Formulation,1
SUBFORM_0202e21f55d8,Sub_Formulation,1
SUBFORM_cedfcd3aa544,Sub_Formulation,1
SUBFORM_184dc17bd03e,Sub_Formulation,1
SUBFORM_f39f553548d7,Sub_Formulation,3
SUBFORM_3f3ec4d87f5e,Sub_Formulation,2
SUBFORM_c876463baf63,Sub_Formulation,1
SUBFORM_a5a83133d3ad,Sub_Formulation,1
SUBFORM_10e96c0504e1,Sub_Formulation,1
SUBFORM_d0d2def922a4,Sub_Formulation,1
SUBFORM_9ca6d58be6dd,Sub_Formulation,1
SUBFORM_7ea4a9d2d5d0,Sub_Formulation,2
SUBFORM_df0eea475991,Sub_Formulation,1
SUBFORM_c0ca64cad140,Sub_Formulation,1
SYMPTOM_3e6c0da25a13,Symptom,1
SYMPTOM_2d0c7db9c229,Symptom,1
SYMPTOM_8cab53e88cc1,Symptom,1
SYMPTOM_de00827d7e8e,Symptom,14
SYMPTOM_68922600040f,Symptom,1
SYMPTOM_3ca072ba1887,Symptom,12
SYMPTOM_99a38cfa1de2,Symptom,1
SYMPTOM_0febfdc3ef34,Symptom,1
SYMPTOM_da560f68c586,Symptom,1
SYMPTOM_4470261f9ed4,Symptom,1
SYMPTOM_c697e1de5cef,Symptom,2
SYMPTOM_13eab24a52c3,Symptom,1
SYMPTOM_1298b701c1bd,Symptom,2
SYMPTOM_d8f688efbf66,Symptom,1
SYMPTOM_61d1e239e37e,Symptom,2
SYMPTOM_ce841e125e5d,Symptom,1
SYMPTOM_a583d951d815,Symptom,1
SYMPTOM_b4b1fb71c52c,Symptom,10
SYMPTOM_1767d968a9fb,Symptom,2
SYMPTOM_4772f4a64ad3,Symptom,1
SYMPTOM_ea70812cf6f3,Symptom,1
SYMPTOM_13a284b618f2,Symptom,16
SYMPTOM_b83e1acf321c,Symptom,1
SYMPTOM_3b06ec618dac,Symptom,1
SYMPTOM_aae03c7856f7,Symptom,1
SYMPTOM_0ee338b7add1,Symptom,1
SYMPTOM_2b4370f937ce,Symptom,1
SYMPTOM_071e88df97a6,Symptom,1
SYMPTOM_6f04d78f7073,Symptom,1
SYMPTOM_6918c5be9915,Symptom,1
SYMPTOM_d58000c26026,Symptom,1
SYMPTOM_d04612218399,Symptom,1
SYMPTOM_2e5b4bfecfbf,Symptom,1
SYMPTOM_e7ab30680952,Symptom,4
SYMPTOM_e0c8818dda70,Symptom,1
SYMPTOM_ae58b1677ebf,Symptom,1
SYMPTOM_65cff950727b,Symptom,1
SYMPTOM_5bb0e746ae31,Symptom,9
SYMPTOM_fc27a021ba41,Symptom,1
SYMPTOM_37e08020ce47,Symptom,1
SYMPTOM_7798b1f3dddb,Symptom,1
SYMPTOM_58709c3a9b50,Symptom,1
SYMPTOM_a103be5188ba,Symptom,1
SYMPTOM_43667df9447b,Symptom,1
SYMPTOM_641789948dc3,Symptom,1
SYMPTOM_36ddebc3cef1,Symptom,2
SYMPTOM_7baa54762d08,Symptom,1
SYMPTOM_87952132de9e,Symptom,1
SYMPTOM_ee0026beecf7,Symptom,1
SYMPTOM_3ca2a32bff4a,Symptom,1
SYMPTOM_7c213caccaeb,Symptom,12
SYMPTOM_fcddf31610fe,Symptom,1
SYMPTOM_daed00be3cae,Symptom,1
SYMPTOM_45b67c3af48c,Symptom,1
SYMPTOM_87248d628780,Symptom,1
SYMPTOM_2e691693109a,Symptom,1
SYMPTOM_e8bd845948b7,Symptom,1
SYMPTOM_28ef8ecd0719,Symptom,1
SYMPTOM_c0d841269732,Symptom,1
SYMPTOM_03a9c6c11576,Symptom,1
SYMPTOM_1018f03bc9ed,Symptom,1
SYMPTOM_4461a7c9415b,Symptom,1
SYMPTOM_767eb38a93b3,Symptom,1
SYMPTOM_88ab4e600e51,Symptom,1
SYMPTOM_a0f62e8c06d6,Symptom,1
SYMPTOM_b46f2daeed8a,Symptom,5
SYMPTOM_9398c676cff6,Symptom,1
SYMPTOM_9d5bb821f4a1,Symptom,18
SYMPTOM_7da81f46bc31,Symptom,1
SYMPTOM_d5813249a220,Symptom,1
SYMPTOM_d57c86466f64,Symptom,1
SYMPTOM_8863eec3e49a,Symptom,1
SYMPTOM_f7c4b912734e,Symptom,1
SYMPTOM_dec44183ebf0,Symptom,1
SYMPTOM_525d6f801e06,Symptom,1
SYMPTOM_51538377791a,Symptom,1
SYMPTOM_aaa2a98ab0d2,Symptom,1
SYMPTOM_c29c92ae5379,Symptom,3
SYMPTOM_d8bcdf5e8570,Symptom,1
SYMPTOM_ae8434a12fa8,Symptom,1
SYMPTOM_855064d7e56a,Symptom,1
SYMPTOM_a0482f3f8c7b,Symptom,3
SYMPTOM_4b0b42775592,Symptom,1
SYMPTOM_e444c52bba2a,Symptom,1
SYMPTOM_d7abff13188b,Symptom,7
SYMPTOM_d5398ebe2956,Symptom,1
SYMPTOM_daec44801122,Symptom,1
SYMPTOM_36fc32c3496a,Symptom,1
SYMPTOM_98552a902c83,Symptom,1
SYMPTOM_98d0fb238766,Symptom,1
SYMPTOM_c9b7a63a41b5,Symptom,1
SYMPTOM_206d964afc7a,Symptom,1
SYMPTOM_2807c7fcab4d,Symptom,1
SYMPTOM_4919eeb270f2,Symptom,1
SYMPTOM_ac0e3338a98b,Symptom,2
SYMPTOM_998c18b3b56c,Symptom,22
SYMPTOM_76630ad58cbf,Symptom,1
SYMPTOM_530a61d7a5a5,Symptom,1
SYMPTOM_98238cb7086e,Symptom,1
SYMPTOM_bacce2dad8b8,Symptom,1
SYMPTOM_52de559e4392,Symptom,1
SYMPTOM_e2cf71309dcd,Symptom,1
SYMPTOM_01eb44bfb64b,Symptom,1
SYMPTOM_0fff8bd12e4b,Symptom,1
SYMPTOM_32c2b1c1599b,Symptom,1
SYMPTOM_053ba2ee8532,Symptom,1
SYMPTOM_481ef39b4d18,Symptom,1
SYMPTOM_7023cba96273,Symptom,1
SYMPTOM_a6a9d6446277,Symptom,1
SYMPTOM_8ceda56054a0,Symptom,1
SYMPTOM_1f4ac5bf9017,Symptom,1
SYMPTOM_8fa687880dc3,Symptom,1
SYMPTOM_e1ee82cd536b,Symptom,1
SYMPTOM_c29c162b9114,Symptom,1
SYMPTOM_4d04fd1de4b1,Symptom,1
SYMPTOM_04c830256421,Symptom,2
SYMPTOM_9c3d5678c99f,Symptom,1
SYMPTOM_f3a88bdc36e1,Symptom,1
SYMPTOM_bb414c8aae2f,Symptom,1
SYMPTOM_a6e917ef485d,Symptom,1
SYMPTOM_3216ea0c8989,Symptom,1
SYMPTOM_94d81c8da7e2,Symptom,1
SYMPTOM_c941bb826efc,Symptom,1
SYMPTOM_5b0e6be20c89,Symptom,1
SYMPTOM_573166523b61,Symptom,1
SYMPTOM_2d79c06c38fc,Symptom,4
SYMPTOM_de9b4db0c0cb,Symptom,1
SYMPTOM_9f47accea739,Symptom,4
SYMPTOM_3a470a0a715d,Symptom,1
SYMPTOM_1d12928d57eb,Symptom,1
SYMPTOM_ab31b30fc1fc,Symptom,1
SYMPTOM_3d5e77acf90f,Symptom,1
SYMPTOM_296f33e3f0a8,Symptom,3
SYMPTOM_7f628127e24e,Symptom,1
SYMPTOM_34d961dfe6f0,Symptom,2
SYMPTOM_4dadb5ad5b2d,Symptom,1
SYMPTOM_dc056709d570,Symptom,1
SYMPTOM_22cd529afc8d,Symptom,1
SYMPTOM_60959202328d,Symptom,13
SYMPTOM_0ab501e277bf,Symptom,1
SYMPTOM_c468ff4fa4aa,Symptom,1
SYMPTOM_45979101952d,Symptom,1
SYMPTOM_2bff9004696e,Symptom,1
SYMPTOM_9c9b1a763a02,Symptom,1
SYMPTOM_ce7374eeee64,Symptom,1
SYMPTOM_4b8fe9a0d06f,Symptom,1
SYMPTOM_7587182db416,Symptom,1
SYMPTOM_289d2aaeb19e,Symptom,1
SYMPTOM_506a6a2487ba,Symptom,1
SYMPTOM_37767e28357b,Symptom,1
SYMPTOM_229650788757,Symptom,1
SYMPTOM_c5c9eb0ba226,Symptom,1
SYMPTOM_71cd3ff8388a,Symptom,1
SYMPTOM_c405e48a8da2,Symptom,1
SYMPTOM_6ddcdf078542,Symptom,4
SYMPTOM_21183b7eab9c,Symptom,1
SYMPTOM_946dfae2175d,Symptom,1
SYMPTOM_81a0ed82012a,Symptom,1
SYMPTOM_37620e028602,Symptom,1
SYMPTOM_908002990994,Symptom,1
SYMPTOM_c6e23b2dca0c,Symptom,7
SYMPTOM_d2d6e1fd96a2,Symptom,1
SYMPTOM_d0467b9b3adf,Symptom,13
SYMPTOM_86efd732c00b,Symptom,1
SYMPTOM_2bdd69c4a1a6,Symptom,1
SYMPTOM_19f178d88393,Symptom,1
SYMPTOM_35e167469fa5,Symptom,1
SYMPTOM_74f9066aa18d,Symptom,1
SYMPTOM_56e4a15de87a,Symptom,1
SYMPTOM_d21ab281713d,Symptom,1
SYMPTOM_38ae93666d5a,Symptom,1
SYMPTOM_685c0772c819,Symptom,18
SYMPTOM_513047c0e46a,Symptom,1
SYMPTOM_1e00bd676685,Symptom,1
SYMPTOM_9e905b364f02,Symptom,1
SYMPTOM_c4b059814f9a,Symptom,5
SYMPTOM_1a194420da61,Symptom,1
SYMPTOM_bb22262e7937,Symptom,1
SYMPTOM_0c028bac110c,Symptom,1
SYMPTOM_a11a12e82ba4,Symptom,1
SYMPTOM_8dff480f5ee1,Symptom,1
SYMPTOM_2f3bf2cfc23e,Symptom,1
SYMPTOM_10a0877099be,Symptom,1
SYMPTOM_4c82a9899824,Symptom,1
SYMPTOM_86d475a4c506,Symptom,1
SYMPTOM_366d60b59f3f,Symptom,1
SYMPTOM_6dbd02f535da,Symptom,1
SYMPTOM_ac7049227bb3,Symptom,3
SYMPTOM_2f68b14bc6a8,Symptom,1
SYMPTOM_bc5e39613162,Symptom,1
SYMPTOM_6a99a4e26858,Symptom,13
SYMPTOM_8a78a5dfa315,Symptom,3
SYMPTOM_7c0c03a297b2,Symptom,1
SYMPTOM_91969892bca7,Symptom,1
SYMPTOM_d681d2791f27,Symptom,1
SYMPTOM_9c961576b55c,Symptom,1
SYMPTOM_13688f155187,Symptom,2
SYMPTOM_25978d069d6a,Symptom,1
SYMPTOM_c29d0885ef00,Symptom,1
SYMPTOM_2a3a4e94b001,Symptom,1
SYMPTOM_692bde0c000f,Symptom,1
SYMPTOM_a1945989ac82,Symptom,1
SYMPTOM_4f4ccada5815,Symptom,1
SYMPTOM_664a265c1000,Symptom,1
SYMPTOM_acd36bc7fc87,Symptom,6
SYMPTOM_991bf48842dc,Symptom,1
SYMPTOM_e8cba48a5278,Symptom,2
SYMPTOM_f9b9fe0ccd85,Symptom,4
SYMPTOM_51a44f40c128,Symptom,1
SYMPTOM_78ccd71594e5,Symptom,1
SYMPTOM_00a84885f5d0,Symptom,2
SYMPTOM_1b06d8a1bb44,Symptom,1
SYMPTOM_7a90b536d862,Symptom,9
SYMPTOM_cd3832b77bf0,Symptom,1
SYMPTOM_e7272167ada7,Symptom,1
SYMPTOM_02d5747bf05d,Symptom,1
SYMPTOM_358d79cf9365,Symptom,1
SYMPTOM_485fbb6c2d54,Symptom,1
SYMPTOM_cfb0d20b57a6,Symptom,1
SYMPTOM_7899a91b3a8b,Symptom,1
SYMPTOM_83694e0e6b34,Symptom,1
SYMPTOM_6986d7adcab5,Symptom,1
SYMPTOM_531738c1e273,Symptom,1
SYMPTOM_0f377f15cadd,Symptom,1
SYMPTOM_e91bef4d555b,Symptom,1
SYMPTOM_e4f7f7c2a9d3,Symptom,1
SYMPTOM_279cfa412981,Symptom,1
SYMPTOM_c4d56bcd483f,Symptom,1
SYMPTOM_1abdf9b3a3a4,Symptom,1
SYMPTOM_b8d55ffca263,Symptom,1
SYMPTOM_703ddbc9f9a1,Symptom,10
SYMPTOM_2350288f44a6,Symptom,1
SYMPTOM_db410ceeb129,Symptom,1
SYMPTOM_fe99446267ec,Symptom,1
SYMPTOM_722472f6b628,Symptom,1
SYMPTOM_4b888f7e35fb,Symptom,1
SYMPTOM_e9688c086682,Symptom,1
SYMPTOM_c4132c1fb92d,Symptom,1
SYMPTOM_e134aec729b8,Symptom,1
SYMPTOM_15f14e6419cc,Symptom,1
SYMPTOM_597be6b09b3c,Symptom,1
SYMPTOM_de78a4438c36,Symptom,1
SYMPTOM_d630307521b3,Symptom,1
SYMPTOM_6ad808ca1c10,Symptom,1
SYMPTOM_61c5bd595d01,Symptom,1
SYMPTOM_d556c07e2dc8,Symptom,1
SYMPTOM_3c364656de74,Symptom,1
SYMPTOM_cab60224b14d,Symptom,1
SYMPTOM_3984a8031641,Symptom,1
SYMPTOM_f60f8ecb50da,Symptom,1
SYMPTOM_88be62493224,Symptom,1
SYMPTOM_c3d5c91503bd,Symptom,1
SYMPTOM_ee43d2a4efff,Symptom,1
SYMPTOM_df738cc7d064,Symptom,1
SYMPTOM_85d5ebe9f0f7,Symptom,1
SYMPTOM_68e47e9843bd,Symptom,1
SYMPTOM_530dde116fc8,Symptom,1
SYMPTOM_3c8715e5ccad,Symptom,1
SYMPTOM_c78b3b44f6f9,Symptom,1
SYMPTOM_016835372ff5,Symptom,1
SYMPTOM_866a4aca29da,Symptom,1
SYMPTOM_21dd28d094aa,Symptom,1
SYMPTOM_97d7a446ea99,Symptom,1
SYMPTOM_8847ec526545,Symptom,1
SYMPTOM_a72b33bfb892,Symptom,4
SYMPTOM_de37085ef641,Symptom,1
SYMPTOM_42126b34b37f,Symptom,1
SYMPTOM_05d7d3de8367,Symptom,1
SYMPTOM_e307e57d7362,Symptom,1
SYMPTOM_67e1cf311435,Symptom,1
SYMPTOM_4c0a281757f8,Symptom,1
SYMPTOM_bac6c1b98325,Symptom,1
SYMPTOM_b45199a35d0a,Symptom,1
SYMPTOM_49ad1743fb5b,Symptom,6
SYMPTOM_e6b499f57e12,Symptom,2
SYMPTOM_f8e258482039,Symptom,1
SYMPTOM_c1b31f4df359,Symptom,1
SYMPTOM_440e9a2a110b,Symptom,1
SYMPTOM_7dd242129c28,Symptom,1
SYMPTOM_64393fc1f2db,Symptom,2
SYMPTOM_0bb58e00227a,Symptom,1
SYMPTOM_3d6b6c23b5db,Symptom,1
SYMPTOM_8110ef0301b0,Symptom,1
SYMPTOM_f047aed83d66,Symptom,1
SYMPTOM_6852f34e24cb,Symptom,1
SYMPTOM_7335e656af1c,Symptom,1
SYMPTOM_8574ac6a4f71,Symptom,1
SYMPTOM_0fae3854f404,Symptom,1
SYMPTOM_9d33a3208f18,Symptom,1
SYMPTOM_593704483329,Symptom,1
SYMPTOM_f79bbf5c4419,Symptom,1
SYMPTOM_867fe2ef6a3c,Symptom,1
SYMPTOM_2c4537f82388,Symptom,1
SYMPTOM_9f370bfc6ac7,Symptom,1
SYMPTOM_94ee51eca6ba,Symptom,1
SYMPTOM_27335c57b628,Symptom,2
SYMPTOM_b19a6deab012,Symptom,11
SYMPTOM_56b6b1afefc6,Symptom,1
SYMPTOM_89a440098fdc,Symptom,1
SYMPTOM_3eeb76c3bcd3,Symptom,1
SYMPTOM_55a321f430c8,Symptom,1
SYMPTOM_6bb57c6c4bfc,Symptom,1
SYMPTOM_f6eaacb69b58,Symptom,14
SYMPTOM_2f42033d1d6e,Symptom,1
SYMPTOM_49789a297171,Symptom,2
SYMPTOM_2754dc70f59a,Symptom,1
SYMPTOM_01a89e9be65b,Symptom,1
SYMPTOM_50227bd390c3,Symptom,1
SYMPTOM_54697eb57628,Symptom,2
SYMPTOM_c0004a138aff,Symptom,1
SYMPTOM_05d039375c6f,Symptom,16
SYMPTOM_310f22035a0f,Symptom,1
SYMPTOM_a360f72239a4,Symptom,1
SYMPTOM_a857d05d29bf,Symptom,1
SYMPTOM_8af06f9a8190,Symptom,1
SYMPTOM_07036694aa5e,Symptom,1
SYMPTOM_51982fb5ac26,Symptom,1
SYMPTOM_f6e71b9a76be,Symptom,3
SYMPTOM_4cf9fbb75adc,Symptom,1
SYMPTOM_568f375f55fd,Symptom,1
SYMPTOM_c2a28aee593c,Symptom,1
SYMPTOM_2e87629550d7,Symptom,1
SYMPTOM_e1520918d522,Symptom,1
SYMPTOM_d9fb86b0e050,Symptom,1
SYMPTOM_6b25f5905bac,Symptom,1
SYMPTOM_f67c7e0df512,Symptom,1
SYMPTOM_c8b889a18952,Symptom,1
SYMPTOM_dbfb44463a45,Symptom,1
SYMPTOM_d764e8e7e272,Symptom,1
SYMPTOM_95471dc129e2,Symptom,1
SYMPTOM_c60fd950e6d8,Symptom,1
SYMPTOM_7fb5eff68bc7,Symptom,1
SYMPTOM_97c0972f7932,Symptom,1
SYMPTOM_9e7e6477088d,Symptom,1
SYMPTOM_7b01868cbde7,Symptom,1
SYMPTOM_53cf022eb168,Symptom,1
SYMPTOM_180e51f70f5f,Symptom,1
SYMPTOM_29d508413929,Symptom,1
SYMPTOM_acb026744ab6,Symptom,1
SYMPTOM_81103871de74,Symptom,1
SYMPTOM_36ee9ab968c4,Symptom,1
SYMPTOM_abbb760b7db2,Symptom,1
SYMPTOM_dd47febcbb53,Symptom,1
SYMPTOM_e826c0ba5589,Symptom,1
SYMPTOM_cadc1ea5bc5e,Symptom,1
SYMPTOM_167cd002956b,Symptom,1
SYMPTOM_d49cd263e02c,Symptom,1
SYMPTOM_54a1e3dd577a,Symptom,1
SYMPTOM_eec0e3871d18,Symptom,1
SYMPTOM_653f08540ff2,Symptom,1
SYMPTOM_0b956f243fae,Symptom,2
SYMPTOM_1c4ad02409fd,Symptom,1
SYMPTOM_a6a20d360ba1,Symptom,1
SYMPTOM_a07a28a956ac,Symptom,1
SYMPTOM_a1ae2d217eb9,Symptom,1
SYMPTOM_759744f14283,Symptom,1
SYMPTOM_4c7cb3f2d8de,Symptom,1
SYMPTOM_8b8c5c1ced25,Symptom,1
SYMPTOM_0a13279f02ba,Symptom,1
SYMPTOM_5f3366366a7e,Symptom,1
SYMPTOM_56c14a68fdca,Symptom,1
SYMPTOM_1d076b4f9aeb,Symptom,1
SYMPTOM_9c57aaab800d,Symptom,1
SYMPTOM_b20f55eae387,Symptom,1
SYMPTOM_0778b13378a1,Symptom,1
SYMPTOM_0ebf3cbae989,Symptom,1
SYMPTOM_154b2e2e5974,Symptom,20
SYMPTOM_021057039786,Symptom,1
SYMPTOM_124e6a259d5d,Symptom,1
SYMPTOM_930ec0049d47,Symptom,6
SYMPTOM_9a9214077697,Symptom,33
SYMPTOM_f8fd5aa438d7,Symptom,1
SYMPTOM_290ae05dbc35,Symptom,1
SYMPTOM_5606c64c9e56,Symptom,1
SYMPTOM_f32a4e826a10,Symptom,1
SYMPTOM_033965594d1b,Symptom,1
SYMPTOM_fdf337821f41,Symptom,1
SYMPTOM_e189efbe91da,Symptom,4
SYMPTOM_21dcdc4581a8,Symptom,6
SYMPTOM_fbc663ced7a1,Symptom,1
SYMPTOM_b0216a8ff466,Symptom,1
SYMPTOM_40a04bf392da,Symptom,1
SYMPTOM_849212acbc27,Symptom,1
SYMPTOM_a5f3d4f706e2,Symptom,1
SYMPTOM_1461b2562ec3,Symptom,1
SYMPTOM_fc5d364d06cc,Symptom,1
SYMPTOM_cf574ad0b622,Symptom,1
SYMPTOM_5d4d660ad44e,Symptom,2
SYMPTOM_ad58b12e3c81,Symptom,1
SYMPTOM_7c8723d8cd9b,Symptom,2
SYMPTOM_3a62651fcfb5,Symptom,18
SYMPTOM_3b4e75b16bd0,Symptom,1
SYMPTOM_5a55e7c9b567,Symptom,1
SYMPTOM_20795aa4b3ca,Symptom,1
SYMPTOM_d68e4ccf2dac,Symptom,3
SYMPTOM_fd8fa4ec5f1d,Symptom,1
SYMPTOM_c69f777282fe,Symptom,1
SYMPTOM_e9e6c90f24e3,Symptom,1
SYMPTOM_a83f1b043f7e,Symptom,1
SYMPTOM_6146b44aced7,Symptom,1
SYMPTOM_ca67736e5cd2,Symptom,1
SYMPTOM_ca8b1bc2ff02,Symptom,2
SYMPTOM_2a0ab942411b,Symptom,1
SYMPTOM_24c3443bbfb2,Symptom,1
SYMPTOM_52f1102ceae6,Symptom,1
SYMPTOM_f93b5bb04334,Symptom,1
SYMPTOM_b3eea289f23f,Symptom,1
SYMPTOM_b16809a4aef9,Symptom,1
SYMPTOM_90fae425a1ec,Symptom,1
SYMPTOM_6761e28731c5,Symptom,1
SYMPTOM_fe1837c2eda1,Symptom,1
SYMPTOM_e4cda3bea842,Symptom,1
SYMPTOM_9563f5d5e130,Symptom,1
SYMPTOM_71105da8d424,Symptom,1
SYMPTOM_90bc43f4a11d,Symptom,1
SYMPTOM_cddb4a898c2b,Symptom,1
SYMPTOM_923bea152c64,Symptom,1
SYMPTOM_1b0066bfe40f,Symptom,1
SYMPTOM_596897c87be8,Symptom,1
SYMPTOM_df605eab3abf,Symptom,1
SYMPTOM_4a7688568eb6,Symptom,1
SYMPTOM_761d24bdfe25,Symptom,1
SYMPTOM_3cf6ecf96f32,Symptom,1
SYMPTOM_832fc406c5bd,Symptom,1
SYMPTOM_e9c11cd3d832,Symptom,1
SYMPTOM_4b6ed3199ad7,Symptom,1
SYMPTOM_fd2ca3584708,Symptom,1
SYMPTOM_6202af1b72ae,Symptom,4
SYMPTOM_ce03dbe96d60,Symptom,1
SYMPTOM_28883769b82f,Symptom,1
SYMPTOM_d8a27d5ed376,Symptom,1
SYMPTOM_ea155324af3e,Symptom,1
SYMPTOM_13b9a166b6e8,Symptom,1
SYMPTOM_0c1217bb8c64,Symptom,1
SYMPTOM_e3945c0833c5,Symptom,1
SYMPTOM_a667062f6b99,Symptom,2
SYMPTOM_a83e536181e1,Symptom,1
SYMPTOM_fd3abb08778b,Symptom,1
SYMPTOM_cd2c8d918227,Symptom,1
SYMPTOM_56dead2d61e7,Symptom,1
SYMPTOM_350b07d0ec45,Symptom,1
SYMPTOM_cac89d0f26a3,Symptom,1
SYMPTOM_19351b0e8c18,Symptom,1
SYMPTOM_d9428bbae6a6,Symptom,1
SYMPTOM_1a75f9315d9b,Symptom,1
SYMPTOM_f7d34a7f7963,Symptom,1
SYMPTOM_6d654c38e404,Symptom,1
SYMPTOM_fa3f3d2ee489,Symptom,1
SYMPTOM_8d7072300099,Symptom,1
SYMPTOM_a7d71366deaa,Symptom,1
SYMPTOM_fba27e692517,Symptom,1
SYMPTOM_6816c7cbfcfa,Symptom,1
SYMPTOM_16cabc62a8e4,Symptom,1
SYMPTOM_40d7a91fb5b7,Symptom,1
SYMPTOM_f2bcac51055a,Symptom,4
SYMPTOM_2edb2620519d,Symptom,1
SYMPTOM_2842f294b79f,Symptom,1
SYMPTOM_5b9b9d044359,Symptom,1
SYMPTOM_63b1617c36ba,Symptom,1
SYMPTOM_4615b64fc5b2,Symptom,1
SYMPTOM_ff11d7384136,Symptom,1
SYMPTOM_fdd00b992fb1,Symptom,1
SYMPTOM_36188c195517,Symptom,1
SYMPTOM_a7b8d98045d4,Symptom,1
SYMPTOM_40640063746a,Symptom,1
SYMPTOM_b5075e152b78,Symptom,1
SYMPTOM_d7cf68abf617,Symptom,1
SYMPTOM_05b208cc14b8,Symptom,1
SYMPTOM_c65a7e029584,Symptom,1
SYMPTOM_ed3f174515e5,Symptom,1
SYMPTOM_d59435fec3a5,Symptom,1
SYMPTOM_f8275c2c81a4,Symptom,2
SYMPTOM_0817df80ae89,Symptom,1
SYMPTOM_7b8239279dc0,Symptom,1
SYMPTOM_efffeb9bcda0,Symptom,1
SYMPTOM_c1ef50cb1bca,Symptom,1
SYMPTOM_4af02ed83cc9,Symptom,1
SYMPTOM_eb9e9078fa4e,Symptom,1
SYMPTOM_ff61b9422b2d,Symptom,1
SYMPTOM_4a30d18c407f,Symptom,1
SYMPTOM_0e332f33b785,Symptom,1
SYMPTOM_3639db2d3fae,Symptom,2
SYMPTOM_ee518684a189,Symptom,4
SYMPTOM_5febf5308380,Symptom,1
SYMPTOM_529135ce8731,Symptom,1
SYMPTOM_816095187442,Symptom,1
SYMPTOM_647ab64d32f7,Symptom,1
SYMPTOM_526c574ebeaf,Symptom,1
SYMPTOM_435ca3873d41,Symptom,1
SYMPTOM_41ed1a718c49,Symptom,9
SYMPTOM_92d3b60859fd,Symptom,1
SYMPTOM_ac6155f9b05b,Symptom,2
SYMPTOM_89d21350f5b8,Symptom,3
SYMPTOM_6079edeb86d7,Symptom,4
SYMPTOM_afac082e0f3e,Symptom,1
SYMPTOM_d5e27ece2dbc,Symptom,1
SYMPTOM_785ea0fdebca,Symptom,2
SYMPTOM_e49117cf0c2f,Symptom,1
SYMPTOM_1e658aa07e9a,Symptom,1
SYMPTOM_b36fcc8bfa42,Symptom,1
SYMPTOM_50039f4cbe0a,Symptom,2
SYMPTOM_fc820d24b342,Symptom,1
SYMPTOM_ef5295fe64e8,Symptom,1
SYMPTOM_9bd1f3b6aefe,Symptom,1
SYMPTOM_876342a09b2a,Symptom,1
SYMPTOM_fb1c033f5e66,Symptom,1
SYMPTOM_7212b99acdbd,Symptom,6
SYMPTOM_f1e2ce8fcd81,Symptom,1
SYMPTOM_f1bdf111cbed,Symptom,1
SYMPTOM_6f73e9ba5df6,Symptom,1
SYMPTOM_6d35bee707b9,Symptom,1
SYMPTOM_db5c4af5e478,Symptom,1
SYMPTOM_6d3c7c5820c4,Symptom,1
SYMPTOM_776a55a00418,Symptom,1
SYMPTOM_5a7e04977444,Symptom,1
SYMPTOM_669d0e6ec370,Symptom,1
SYMPTOM_6272e4872e18,Symptom,1
SYMPTOM_4e7024b0de94,Symptom,1
SYMPTOM_73cbfd284e20,Symptom,1
SYMPTOM_7506e6a9cd59,Symptom,5
SYMPTOM_d9100f197b7f,Symptom,1
SYMPTOM_47b6f81a4ef8,Symptom,1
SYMPTOM_e39bb750cc90,Symptom,1
SYMPTOM_0fa04df3120e,Symptom,2
SYMPTOM_52b0760e3443,Symptom,5
SYMPTOM_65dcf024116f,Symptom,15
SYMPTOM_d86274b66d1c,Symptom,1
SYMPTOM_9fef1c105506,Symptom,1
SYMPTOM_769abe3f5d0b,Symptom,1
SYMPTOM_7c0224fd8241,Symptom,1
SYMPTOM_cd6c8304e8bb,Symptom,1
SYMPTOM_5464e73c8fa1,Symptom,2
SYMPTOM_1514a181b3d8,Symptom,1
SYMPTOM_06176f5d9ddd,Symptom,1
SYMPTOM_899c7ef51bb8,Symptom,1
SYMPTOM_663cc15a925f,Symptom,1
SYMPTOM_1eed8aa525ad,Symptom,1
SYMPTOM_6826ab01e94d,Symptom,1
SYMPTOM_3c21aba6a7ab,Symptom,1
SYMPTOM_cd43c6f7440a,Symptom,1
SYMPTOM_792bc535e0aa,Symptom,1
SYMPTOM_140b34965188,Symptom,1
SYMPTOM_b1be743d7d8a,Symptom,3
SYMPTOM_fcb23133b692,Symptom,1
SYMPTOM_bfc81140319a,Symptom,1
SYMPTOM_da50ab786651,Symptom,1
SYMPTOM_8f4259f4c494,Symptom,1
SYMPTOM_592210a56a3c,Symptom,1
SYMPTOM_94a7c271f842,Symptom,1
SYMPTOM_cb7ee3b652a7,Symptom,1
SYMPTOM_781499ffd019,Symptom,1
SYMPTOM_86587ca982e7,Symptom,1
SYMPTOM_6100966d0a2c,Symptom,4
SYMPTOM_920aa05cf31a,Symptom,1
SYMPTOM_27c45a46262d,Symptom,1
SYMPTOM_1567a6d0c0b7,Symptom,1
SYMPTOM_711b8334c20d,Symptom,1
SYMPTOM_168698165254,Symptom,2
SYMPTOM_9b9bfd07c51c,Symptom,1
SYMPTOM_9b6728014b65,Symptom,1
SYMPTOM_8cd03d825de8,Symptom,1
SYMPTOM_6aaf37503972,Symptom,4
SYMPTOM_e019fdff7be9,Symptom,1
SYMPTOM_c37e54b61d81,Symptom,1
SYMPTOM_10f06abd6157,Symptom,1
SYMPTOM_e6df83718872,Symptom,1
SYMPTOM_6862caaaa7b8,Symptom,1
SYMPTOM_5bbe5cc76e3e,Symptom,1
SYMPTOM_705ccb3b929c,Symptom,1
SYMPTOM_2e5873a9ff9d,Symptom,1
SYMPTOM_88de3f1dd346,Symptom,2
SYMPTOM_4536701e4dd9,Symptom,1
SYMPTOM_1e8b34f85c4f,Symptom,1
SYMPTOM_1e57cd0433a3,Symptom,5
SYMPTOM_c5795064f09a,Symptom,1
SYMPTOM_04efc4203d21,Symptom,1
SYMPTOM_c295a29a3a46,Symptom,1
SYMPTOM_d669c45417c9,Symptom,1
SYMPTOM_226c55fff01a,Symptom,1
SYMPTOM_fa1d5fb864ab,Symptom,1
SYMPTOM_e956c167f37e,Symptom,1
SYMPTOM_0e7c55a17635,Symptom,7
SYMPTOM_8818021fc058,Symptom,5
SYMPTOM_76885aad2647,Symptom,1
SYMPTOM_4758a79418f8,Symptom,1
SYMPTOM_7fdaaba5046f,Symptom,1
SYMPTOM_b6818ea6bea5,Symptom,1
SYMPTOM_60e81b022cc3,Symptom,1
SYMPTOM_09cc47a7ae16,Symptom,3
SYMPTOM_ace53554f1eb,Symptom,1
SYMPTOM_39c5e04d8f0f,Symptom,2
SYMPTOM_99158dd7f146,Symptom,25
SYMPTOM_7c8fc534992a,Symptom,3
SYMPTOM_3709a6a88058,Symptom,2
SYMPTOM_c56d2770797b,Symptom,1
SYMPTOM_ee12d15d0c92,Symptom,1
SYMPTOM_6e90434119ee,Symptom,1
SYMPTOM_458c8038f5d8,Symptom,1
SYMPTOM_d05578ca410c,Symptom,1
SYMPTOM_fa2dcb9dd0fc,Symptom,1
SYMPTOM_a20da2025428,Symptom,1
SYMPTOM_4f4f02a862a9,Symptom,1
SYMPTOM_050396650852,Symptom,1
SYMPTOM_7e6b7f16f4d9,Symptom,1
SYMPTOM_d5c1cac09264,Symptom,3
SYMPTOM_34b139b308df,Symptom,2
SYMPTOM_8ad9adbf18a1,Symptom,2
SYMPTOM_fa0e6e3c7385,Symptom,1
SYMPTOM_e91e996bad48,Symptom,1
SYMPTOM_04629d3b82ec,Symptom,1
SYMPTOM_4496a770bd23,Symptom,3
SYMPTOM_65ee5b7e3ca0,Symptom,1
SYMPTOM_ddacb5fec7b3,Symptom,1
SYMPTOM_89c04aabe00d,Symptom,1
SYMPTOM_c9265aafe328,Symptom,1
SYMPTOM_5866c186d486,Symptom,1
SYMPTOM_2f11e9e21a80,Symptom,7
SYMPTOM_8708135cc520,Symptom,1
SYMPTOM_75587eca715c,Symptom,1
SYMPTOM_24c7305f3e4b,Symptom,1
SYMPTOM_694609572433,Symptom,1
SYMPTOM_c7527bd43dd7,Symptom,1
SYMPTOM_4265065a2a99,Symptom,1
SYMPTOM_dce5c9b73b5f,Symptom,1
SYMPTOM_102bd2d8bf4b,Symptom,1
SYMPTOM_7f7fa03c1050,Symptom,1
SYMPTOM_1b60aa5b0921,Symptom,1
SYMPTOM_be43880b1cfa,Symptom,2
SYMPTOM_804c869371c8,Symptom,1
SYMPTOM_a122c81c1a88,Symptom,1
SYMPTOM_02f4ec451a33,Symptom,1
SYMPTOM_a7568e869bc2,Symptom,1
SYMPTOM_6456fcfa9dbe,Symptom,1
SYMPTOM_fe7af6c5e3c6,Symptom,1
SYMPTOM_c84e642e9c71,Symptom,1
SYMPTOM_eb60a4e66213,Symptom,1
SYMPTOM_8f4b9d73ba42,Symptom,1
SYMPTOM_d4c62465a107,Symptom,1
SYMPTOM_eca89b1aa02c,Symptom,1
SYMPTOM_5e7409a27c15,Symptom,1
SYMPTOM_648405c807ee,Symptom,1
SYMPTOM_8f69e047ef1d,Symptom,1
SYMPTOM_3e8ad4bf6f1c,Symptom,1
SYMPTOM_aff96706418a,Symptom,1
SYMPTOM_7739e7149096,Symptom,1
SYMPTOM_a3bf961bd7f9,Symptom,1
SYMPTOM_b1b80f86fc16,Symptom,1
SYMPTOM_db172aaf498c,Symptom,1
SYMPTOM_c7f0aa53badf,Symptom,1
SYMPTOM_60aa3f4ac755,Symptom,1
SYMPTOM_174fa360df86,Symptom,1
SYMPTOM_70c5ebc8a716,Symptom,1
SYMPTOM_532d56142aaf,Symptom,1
SYMPTOM_ab32edc5c165,Symptom,1
SYMPTOM_baf1fd4a90de,Symptom,1
SYMPTOM_b77b15027c68,Symptom,1
SYMPTOM_0fd167e32904,Symptom,1
SYMPTOM_1e5f829f3272,Symptom,1
SYMPTOM_de0dc4248fe1,Symptom,1
SYMPTOM_a5e2f586846f,Symptom,1
SYMPTOM_ea6508f42746,Symptom,1
SYMPTOM_fa1fa9b2aa22,Symptom,1
SYMPTOM_019b26c4f71c,Symptom,1
SYMPTOM_0f076deba97c,Symptom,1
SYMPTOM_58e34cf9f5f0,Symptom,1
SYMPTOM_f5c4e5077324,Symptom,1
SYMPTOM_6e9e7224d667,Symptom,1
SYMPTOM_79326fe819b2,Symptom,1
SYMPTOM_afe8b524728b,Symptom,1
SYMPTOM_b807b7ca2048,Symptom,1
SYMPTOM_142ddef642c8,Symptom,1
SYMPTOM_0746cf686a4a,Symptom,1
SYMPTOM_6605b92fc3a6,Symptom,1
SYMPTOM_9778fe1548c4,Symptom,1
SYMPTOM_5a6e68feccda,Symptom,1
SYMPTOM_df00371b7bcc,Symptom,1
SYMPTOM_8bcf928d7b92,Symptom,2
SYMPTOM_2bdfcc663230,Symptom,1
SYMPTOM_a7a85895db39,Symptom,1
SYMPTOM_780032c336ef,Symptom,1
SYMPTOM_8c8e9a9a5f8a,Symptom,8
SYMPTOM_4518e83c9cac,Symptom,1
SYMPTOM_d3300601073c,Symptom,4
SYMPTOM_fb0075bd211a,Symptom,1
SYMPTOM_af9b75ce069f,Symptom,1
SYMPTOM_2e47fa3e2db1,Symptom,1
SYMPTOM_49039fb59fc6,Symptom,1
SYMPTOM_96e0769aeb31,Symptom,1
SYMPTOM_09f74acd69ec,Symptom,1
SYMPTOM_93d0c3f319f5,Symptom,1
SYMPTOM_9b417c174c49,Symptom,1
SYMPTOM_eb8999255054,Symptom,1
SYMPTOM_19002de9ba41,Symptom,1
SYMPTOM_28d4ad2258e8,Symptom,1
SYMPTOM_012d753c08de,Symptom,1
SYMPTOM_b765b33153a5,Symptom,2
SYMPTOM_39f342fc1633,Symptom,1
SYMPTOM_8b161a92839b,Symptom,2
SYMPTOM_9ae259fa385c,Symptom,1
SYMPTOM_bf6e2d46251b,Symptom,1
SYMPTOM_4e778706dc16,Symptom,1
SYMPTOM_e7e315820190,Symptom,2
SYMPTOM_f5da64de3de8,Symptom,1
SYMPTOM_efc64b834b9a,Symptom,2
SYMPTOM_2af78c4f2ca5,Symptom,1
SYMPTOM_fa6f9b04d108,Symptom,2
SYMPTOM_947c70271d24,Symptom,4
SYMPTOM_df399b200a42,Symptom,1
SYMPTOM_0d78590d639f,Symptom,1
SYMPTOM_f28696997919,Symptom,1
SYMPTOM_f2a26c9394df,Symptom,1
SYMPTOM_19184c4e3a5a,Symptom,2
SYMPTOM_ac9bc20e5b09,Symptom,14
SYMPTOM_4c17a183adb1,Symptom,1
SYMPTOM_f709ff2c8254,Symptom,1
SYMPTOM_a44d893c6e36,Symptom,1
SYMPTOM_1e6c7ece7569,Symptom,1
SYMPTOM_9a98bb5df264,Symptom,1
SYMPTOM_65ea0dad3975,Symptom,1
SYMPTOM_75dda669e722,Symptom,1
SYMPTOM_65fdae0af062,Symptom,1
SYMPTOM_e9853be34581,Symptom,15
SYMPTOM_929513a78cde,Symptom,1
SYMPTOM_468e167cdc32,Symptom,1
SYMPTOM_4e741a6bb8ce,Symptom,1
SYMPTOM_6ff61bb8d195,Symptom,1
SYMPTOM_413cd56e2ae5,Symptom,1
SYMPTOM_3ff00a9ab203,Symptom,1
SYMPTOM_4b77763d575b,Symptom,1
SYMPTOM_ac1a752ed780,Symptom,1
SYMPTOM_9992ca5c56da,Symptom,1
SYMPTOM_ee40111c84f0,Symptom,2
SYMPTOM_1cb4b894de6d,Symptom,1
SYMPTOM_e5f77e4c9904,Symptom,1
SYMPTOM_8f6bc645cfa5,Symptom,1
SYMPTOM_8d8561dc0aee,Symptom,1
SYMPTOM_5f0e9d22af89,Symptom,3
SYMPTOM_dda6c37f1af9,Symptom,1
SYMPTOM_da901a34345f,Symptom,1
SYMPTOM_0f23b07f74fb,Symptom,1
SYMPTOM_366ac965f5aa,Symptom,1
SYMPTOM_ff1c0b93c404,Symptom,1
SYMPTOM_f638548fa19f,Symptom,1
SYMPTOM_30c670c2d793,Symptom,1
SYMPTOM_c5dde07b9b1c,Symptom,2
SYMPTOM_0fa053bef3bd,Symptom,1
SYMPTOM_078750ea56f7,Symptom,25
SYMPTOM_3e1aeee5aa79,Symptom,1
SYMPTOM_be78b781b1a3,Symptom,1
SYMPTOM_1abb1fdc4800,Symptom,1
SYMPTOM_825879b839ca,Symptom,1
SYMPTOM_744eb2735854,Symptom,1
SYMPTOM_99e4d92a5f9d,Symptom,1
SYMPTOM_da9072cdddba,Symptom,1
SYMPTOM_5c17b305bce8,Symptom,1
SYMPTOM_e3fa14a1773f,Symptom,1
SYMPTOM_049c5222c827,Symptom,2
SYMPTOM_4f9e22807237,Symptom,1
SYMPTOM_cd1e7e9d92f8,Symptom,1
SYMPTOM_d3fd7353e581,Symptom,1
SYMPTOM_190eacbb9481,Symptom,1
SYMPTOM_3672b8c70192,Symptom,11
SYMPTOM_24a7410b94e0,Symptom,1
SYMPTOM_e3212cde6ab4,Symptom,2
SYMPTOM_a109b31bd609,Symptom,1
SYMPTOM_e44960e197c0,Symptom,1
SYMPTOM_2b6133e766e4,Symptom,1
SYMPTOM_340c293f3f93,Symptom,1
SYMPTOM_fb9b623c5c25,Symptom,1
SYMPTOM_be9b202d3e8c,Symptom,1
SYMPTOM_c6f2dda396c3,Symptom,3
SYMPTOM_6f9f50f5a86e,Symptom,1
SYMPTOM_c39bfa41175c,Symptom,1
SYMPTOM_04fd1a773493,Symptom,1
SYMPTOM_b757d58478ef,Symptom,1
SYMPTOM_7cc6f6d59f9b,Symptom,1
SYMPTOM_1c07876a617e,Symptom,1
SYMPTOM_853bce06a06e,Symptom,8
SYMPTOM_a9c3389e9fa2,Symptom,2
SYMPTOM_6fb935237658,Symptom,1
SYMPTOM_84fd8d549c50,Symptom,1
SYMPTOM_fc8a1599b8d3,Symptom,1
SYMPTOM_4f25e4586f06,Symptom,1
SYMPTOM_f6a8cbb2a531,Symptom,1
SYMPTOM_f81debadf0ce,Symptom,2
SYMPTOM_3702dca72b1e,Symptom,5
SYMPTOM_ad4df59b892d,Symptom,1
SYMPTOM_1dc8ac83bf26,Symptom,1
SYMPTOM_00f36826e5c4,Symptom,1
SYMPTOM_d034a72372da,Symptom,2
SYMPTOM_b0d47a39a553,Symptom,1
SYMPTOM_3fec54433ed6,Symptom,1
SYMPTOM_7331d05482d0,Symptom,1
SYMPTOM_79c9bd608e4a,Symptom,1
SYMPTOM_b49597978524,Symptom,1
SYMPTOM_865dd691c23f,Symptom,1
SYMPTOM_f73d6ab7e2b2,Symptom,1
SYMPTOM_cb894c2ebbde,Symptom,1
SYMPTOM_3064d9553e21,Symptom,1
SYMPTOM_3467318ecdaa,Symptom,1
SYMPTOM_15701d0fc86e,Symptom,14
SYMPTOM_9083a9f4e70a,Symptom,1
SYMPTOM_cf855a86ae3f,Symptom,1
SYMPTOM_436022211f96,Symptom,1
SYMPTOM_aa173a09fa78,Symptom,1
SYMPTOM_7df37f3738b0,Symptom,1
SYMPTOM_59a5945d6c90,Symptom,1
SYMPTOM_f2382ff637e8,Symptom,1
SYMPTOM_6568765d9f21,Symptom,1
SYMPTOM_09d2643b38f7,Symptom,1
SYMPTOM_1419826b905b,Symptom,1
SYMPTOM_e53ce7869476,Symptom,1
SYMPTOM_a5373b970a14,Symptom,1
SYMPTOM_3ced7e7777f1,Symptom,1
SYMPTOM_43d35028b7f4,Symptom,1
SYMPTOM_4af921a20a3f,Symptom,2
SYMPTOM_3dda2f32ccab,Symptom,1
SYMPTOM_35886a5ae141,Symptom,1
SYMPTOM_5b817cbe4b5b,Symptom,1
SYMPTOM_2963a2ca8657,Symptom,1
SYMPTOM_30b97f02da31,Symptom,1
SYMPTOM_d35b034e0e53,Symptom,1
SYMPTOM_669aa8dd62b6,Symptom,1
SYMPTOM_3a9410cb723d,Symptom,1
SYMPTOM_dcf23f9b9bd4,Symptom,1
SYMPTOM_71b338bda261,Symptom,1
SYMPTOM_943c94ee30a4,Symptom,1
SYMPTOM_769dd1805ba2,Symptom,1
SYMPTOM_7a355e750200,Symptom,1
SYMPTOM_3faa2dca34a0,Symptom,1
SYMPTOM_e398892d7620,Symptom,16
SYMPTOM_28b4687e78e8,Symptom,3
SYMPTOM_113b79e53b71,Symptom,2
SYMPTOM_300958608957,Symptom,1
SYMPTOM_3e8e59f1ffe4,Symptom,1
SYMPTOM_7d3b81aad0f4,Symptom,1
SYMPTOM_be7f6884d2e0,Symptom,1
SYMPTOM_a6c4a8a8a5ce,Symptom,1
SYMPTOM_009811abd195,Symptom,2
SYMPTOM_04d058683fb0,Symptom,1
SYMPTOM_16d773b0cc86,Symptom,1
SYMPTOM_b1295c8a53f6,Symptom,2
SYMPTOM_3b0cdfed4b5f,Symptom,2
SYMPTOM_e538d868c862,Symptom,2
SYMPTOM_d172470e2c4a,Symptom,1
SYMPTOM_2c81438cda87,Symptom,1
SYMPTOM_ee6a8b95cc81,Symptom,1
SYMPTOM_44028727d254,Symptom,1
SYMPTOM_9053a6320a0a,Symptom,1
SYMPTOM_9a6444bd7630,Symptom,1
SYMPTOM_517333d31687,Symptom,2
SYMPTOM_3bae4be66a02,Symptom,1
SYMPTOM_08af67230283,Symptom,1
SYMPTOM_46d804452396,Symptom,1
SYMPTOM_fb8fb79c39bc,Symptom,1
SYMPTOM_51361c15beca,Symptom,1
SYMPTOM_80a0b9486f9e,Symptom,1
SYMPTOM_491e5da40e40,Symptom,1
SYMPTOM_ac8c819babbf,Symptom,1
SYMPTOM_7509ebc33dea,Symptom,2
SYMPTOM_c3f8480673fa,Symptom,1
SYMPTOM_44b0954a1e55,Symptom,1
SYMPTOM_827c41d8271b,Symptom,1
SYMPTOM_b02a33d47df3,Symptom,1
SYMPTOM_b13798831290,Symptom,1
SYMPTOM_19aefe988f31,Symptom,1
SYMPTOM_03b5fe011695,Symptom,1
SYMPTOM_0d1add4729c3,Symptom,5
SYMPTOM_04016e91ceb4,Symptom,1
SYMPTOM_aff4b7bcd170,Symptom,1
SYMPTOM_24354371c6ec,Symptom,1
SYMPTOM_035300c0ea14,Symptom,1
SYMPTOM_fa0df7278c06,Symptom,1
SYMPTOM_43a68274ade0,Symptom,1
SYMPTOM_761920ace8cb,Symptom,1
SYMPTOM_bbe055720e85,Symptom,1
SYMPTOM_f4dfb786c878,Symptom,1
SYMPTOM_7e02e5978cf1,Symptom,1
SYMPTOM_93b0fabdef2a,Symptom,1
SYMPTOM_9d400d514c4d,Symptom,2
SYMPTOM_3df06a85dedb,Symptom,1
SYMPTOM_1074cdde28f3,Symptom,1
SYMPTOM_cd8815e7d755,Symptom,1
SYMPTOM_efd305e2fe25,Symptom,1
SYMPTOM_ffb7425fec3c,Symptom,6
SYMPTOM_2bd443417714,Symptom,1
SYMPTOM_20b43e32a1ac,Symptom,1
SYMPTOM_1302545bda89,Symptom,1
SYMPTOM_5cee0c034b7a,Symptom,1
SYMPTOM_4da18d8b220f,Symptom,1
SYMPTOM_abce99a9b11c,Symptom,1
SYMPTOM_fa5dc3a72e81,Symptom,1
SYMPTOM_d3d28fd8f93e,Symptom,1
SYMPTOM_021b492f5361,Symptom,4
SYMPTOM_a34b4a2778a6,Symptom,1
SYMPTOM_5c91af0dd442,Symptom,1
SYMPTOM_5a4251112946,Symptom,1
SYMPTOM_0496b3e78f02,Symptom,1
SYMPTOM_3600d2240147,Symptom,1
SYMPTOM_0105fb0c46a8,Symptom,1
SYMPTOM_e85001a5d962,Symptom,1
SYMPTOM_6bf7227a33b0,Symptom,1
SYMPTOM_18c5906a6f7b,Symptom,1
SYMPTOM_89a2ccc5ca73,Symptom,1
SYMPTOM_60154dd90d21,Symptom,1
SYMPTOM_7ce70a84d245,Symptom,1
SYMPTOM_fdf460e9cadb,Symptom,1
SYMPTOM_1ffb70dde20d,Symptom,1
SYMPTOM_9eb4ea92996f,Symptom,1
SYMPTOM_285f44ed29b9,Symptom,1
SYMPTOM_099c56b3cff8,Symptom,1
SYMPTOM_cf3ee66705f5,Symptom,1
SYMPTOM_b3ea6bc7c986,Symptom,1
SYMPTOM_8d94f32590e9,Symptom,1
SYMPTOM_97ced8fad25e,Symptom,1
SYMPTOM_16c0000446fa,Symptom,1
SYMPTOM_b22819b8a2a6,Symptom,1
SYMPTOM_86d72fb79d5b,Symptom,1
SYMPTOM_5cd84c89e23d,Symptom,1
SYMPTOM_2006e6a2998c,Symptom,1
SYMPTOM_76ce1b842ce5,Symptom,2
SYMPTOM_d48ea5474e8e,Symptom,1
SYMPTOM_db2bd39ac19e,Symptom,1
SYMPTOM_bb399031b5c9,Symptom,1
SYMPTOM_fd549eab23af,Symptom,1
SYMPTOM_9116517d7c54,Symptom,2
SYMPTOM_75951fcca115,Symptom,1
SYMPTOM_45bf1f080442,Symptom,3
SYMPTOM_20634f9e89e7,Symptom,1
SYMPTOM_d697b62743ca,Symptom,1
SYMPTOM_b5b023b58765,Symptom,1
SYMPTOM_2cb3ee47b9bb,Symptom,5
SYMPTOM_bff77d569de2,Symptom,2
SYMPTOM_52c583ca506e,Symptom,1
SYMPTOM_60cb5b8e2c8b,Symptom,1
SYMPTOM_36adc504e0c7,Symptom,19
SYMPTOM_eea174d1e262,Symptom,1
SYMPTOM_4dadb2fd1a70,Symptom,1
SYMPTOM_d234ed00371d,Symptom,1
SYMPTOM_49af709d76c9,Symptom,1
SYMPTOM_12604fec67cc,Symptom,1
SYMPTOM_551da2c1172f,Symptom,1
SYMPTOM_d5ead20e8cb1,Symptom,1
SYMPTOM_3058561dccb1,Symptom,1
SYMPTOM_3c428045cb2a,Symptom,1
SYMPTOM_8a57a34d34b1,Symptom,1
SYMPTOM_547e60fed722,Symptom,1
SYMPTOM_9d97728be9d1,Symptom,1
SYMPTOM_262d000bb6a3,Symptom,1
SYMPTOM_20133544caeb,Symptom,1
SYMPTOM_87bd9731bc38,Symptom,1
SYMPTOM_3f2302a6d9b2,Symptom,3
SYMPTOM_54de04d6b80a,Symptom,1
SYMPTOM_0d68f0aa1b7d,Symptom,2
SYMPTOM_f8ad39cf8edb,Symptom,1
SYMPTOM_f8703b74a201,Symptom,5
SYMPTOM_7bbc967d0472,Symptom,1
SYMPTOM_50c2113543d3,Symptom,6
SYMPTOM_04330840cc25,Symptom,1
SYMPTOM_3f39a389601e,Symptom,1
SYMPTOM_2b215802754e,Symptom,8
SYMPTOM_fa876da65f38,Symptom,1
SYMPTOM_923ce4aa7998,Symptom,1
SYMPTOM_0f8e1512fd4d,Symptom,1
SYMPTOM_1d29075f0aa4,Symptom,2
SYMPTOM_958e55f3b5e8,Symptom,1
SYMPTOM_072e69357e7f,Symptom,1
SYMPTOM_1f6dad441f1c,Symptom,1
SYMPTOM_f73b580b88ec,Symptom,1
SYMPTOM_a6ec88567d0c,Symptom,1
SYMPTOM_b55c78026bc0,Symptom,1
SYMPTOM_202150a2b5e3,Symptom,9
SYMPTOM_6ddf243ca7b2,Symptom,2
SYMPTOM_5c74442445d6,Symptom,1
SYMPTOM_de1d6b963245,Symptom,2
SYMPTOM_59980a0bfb07,Symptom,3
SYMPTOM_91422f4da4f8,Symptom,1
SYMPTOM_d4931adad2e1,Symptom,1
SYMPTOM_5eaceafcfcda,Symptom,9
SYMPTOM_bcf65bd34408,Symptom,1
SYMPTOM_65fe26cf2f67,Symptom,1
SYMPTOM_ebc793e43569,Symptom,1
SYMPTOM_fb1e8c93b5ad,Symptom,1
SYMPTOM_0c27fb6ac812,Symptom,1
SYMPTOM_4947a6bfe981,Symptom,1
SYMPTOM_12e4927bda2b,Symptom,1
SYMPTOM_efb4130db846,Symptom,1
SYMPTOM_e5e522b721d7,Symptom,1
SYMPTOM_e7a84843ca2f,Symptom,1
SYMPTOM_a0be4ed64540,Symptom,1
SYMPTOM_b2d0d3f599e0,Symptom,10
SYMPTOM_7e1aba55d500,Symptom,2
SYMPTOM_d4ac8c0c5ccd,Symptom,3
SYMPTOM_47572f1201aa,Symptom,1
SYMPTOM_7198c6cd62a3,Symptom,1
SYMPTOM_70603eeff749,Symptom,1
SYMPTOM_3332630559b0,Symptom,1
SYMPTOM_e6bcfb8eae3d,Symptom,1
SYMPTOM_e0d15bc968e1,Symptom,1
SYMPTOM_5c8a6d9c1eb2,Symptom,1
SYMPTOM_325c95a5d725,Symptom,1
SYMPTOM_82f46ec639a9,Symptom,1
SYMPTOM_7f7bf06f679d,Symptom,1
SYMPTOM_244e52d98d7c,Symptom,1
SYMPTOM_74c7d8b66729,Symptom,2
SYMPTOM_c30059c89f87,Symptom,1
SYMPTOM_1e006f5b696e,Symptom,1
SYMPTOM_f13df668c05f,Symptom,2
SYMPTOM_cd23530842a1,Symptom,1
SYMPTOM_edb5e66db96a,Symptom,1
SYMPTOM_9db35609fca1,Symptom,1
SYMPTOM_4822442861ac,Symptom,1
SYMPTOM_392731b1ae3a,Symptom,1
SYMPTOM_ad441dcc4955,Symptom,1
SYMPTOM_5f82c08bcb23,Symptom,1
SYMPTOM_5e2c08628f6a,Symptom,1
SYMPTOM_aa61b87c8b78,Symptom,1
SYMPTOM_a01ffb455f13,Symptom,1
SYMPTOM_c581e15e9f55,Symptom,1
SYMPTOM_09540be7d075,Symptom,1
SYMPTOM_f94148375a6d,Symptom,1
SYMPTOM_51fbd45687ab,Symptom,2
SYMPTOM_57ee711b054a,Symptom,2
SYMPTOM_4f0d227d7813,Symptom,1
SYMPTOM_dbedf9cf26a6,Symptom,1
SYMPTOM_e0b536fe1d66,Symptom,1
SYMPTOM_daaedcca3e26,Symptom,1
SYMPTOM_9e7498d3a2ba,Symptom,22
SYMPTOM_362a4e0ec670,Symptom,1
SYMPTOM_e578b06a2f71,Symptom,1
SYMPTOM_6e35c913af1c,Symptom,2
SYMPTOM_564ed6344910,Symptom,1
SYMPTOM_7295a3188eb5,Symptom,1
SYMPTOM_34ce84649c3e,Symptom,1
SYMPTOM_e1e3405cc780,Symptom,1
SYMPTOM_d6a323d595a6,Symptom,1
SYMPTOM_622daefbc08c,Symptom,1
SYMPTOM_f2a93c4524e1,Symptom,1
SYMPTOM_19b311abd1c0,Symptom,1
SYMPTOM_746211be3d24,Symptom,1
SYMPTOM_152f743f9705,Symptom,1
SYMPTOM_6601a7b6e5e5,Symptom,2
SYMPTOM_9c69af187dc3,Symptom,1
SYMPTOM_6fbd495a49d7,Symptom,1
SYMPTOM_7c9b698e0f1c,Symptom,1
SYMPTOM_b5ebf6e8e3ba,Symptom,11
SYMPTOM_33f6b98ebb55,Symptom,1
SYMPTOM_9fd3a086e4f0,Symptom,1
SYMPTOM_0732a1d81552,Symptom,1
SYMPTOM_681d22fe2cc6,Symptom,5
SYMPTOM_6701482cbb42,Symptom,1
SYMPTOM_1b295dbcfd66,Symptom,1
SYMPTOM_2dfe3586729c,Symptom,1
SYMPTOM_6eaef97e465d,Symptom,1
SYMPTOM_8baaddbb1ba6,Symptom,1
SYMPTOM_83d3dc0a7d5b,Symptom,1
SYMPTOM_4d26ce2697b7,Symptom,5
SYMPTOM_88c1202ad2d3,Symptom,1
SYMPTOM_18ba5a76c54c,Symptom,1
SYMPTOM_549f582bc612,Symptom,1
SYMPTOM_41368474df1b,Symptom,1
SYMPTOM_7345e9899b49,Symptom,1
SYMPTOM_0337f17065cf,Symptom,1
SYMPTOM_0a2a35cba712,Symptom,14
SYMPTOM_dc3f56d9c5fd,Symptom,1
SYMPTOM_b8dd6a96b518,Symptom,1
SYMPTOM_3b1d66845c90,Symptom,1
SYMPTOM_09cc64b7fb80,Symptom,1
SYMPTOM_b3fc3fe60208,Symptom,1
SYMPTOM_ef15955e4f6a,Symptom,1
SYMPTOM_7041712c7f78,Symptom,1
SYMPTOM_88eff34b05a0,Symptom,1
SYMPTOM_1628908139be,Symptom,2
SYMPTOM_6097ae8d5a3f,Symptom,1
SYMPTOM_808840bf57ea,Symptom,1
SYMPTOM_c398caa08b41,Symptom,1
SYMPTOM_3501115533a4,Symptom,1
SYMPTOM_48a27e7d9648,Symptom,1
SYMPTOM_a317a04d6ea5,Symptom,3
SYMPTOM_5c1527d15846,Symptom,1
SYMPTOM_7be1e82f55ea,Symptom,1
SYMPTOM_91439bd19bbf,Symptom,1
SYMPTOM_cd9ed9f0392f,Symptom,1
SYMPTOM_e4fa17cc6a2e,Symptom,1
SYMPTOM_0084e48e9830,Symptom,1
SYMPTOM_77da425a4304,Symptom,1
SYMPTOM_e21c0a079918,Symptom,1
SYMPTOM_fe7685f0d43c,Symptom,1
SYMPTOM_051c2a56c3e7,Symptom,1
SYMPTOM_35adf152e150,Symptom,1
SYMPTOM_f0e01298c2c6,Symptom,1
SYMPTOM_1781e759516c,Symptom,1
SYMPTOM_c5d4d23c0384,Symptom,1
SYMPTOM_b74df2d3fa42,Symptom,1
SYMPTOM_e759c25b0efe,Symptom,1
SYMPTOM_993a5c02e95e,Symptom,1
SYMPTOM_fabc05609b42,Symptom,1
SYMPTOM_1c96454adabc,Symptom,1
SYMPTOM_85e65274e6db,Symptom,1
SYMPTOM_45c13597cb8c,Symptom,1
SYMPTOM_1f063eb54069,Symptom,1
SYMPTOM_07b720d62b31,Symptom,1
SYMPTOM_69143e12c343,Symptom,1
SYMPTOM_bb6a18771384,Symptom,1
SYMPTOM_ca7f3c9637b0,Symptom,1
SYMPTOM_e54b7462ebff,Symptom,1
SYMPTOM_1fc41cfe62b3,Symptom,1
SYMPTOM_ec289b3ca336,Symptom,1
SYMPTOM_9cd2b457d359,Symptom,1
SYMPTOM_cae52e6bb90f,Symptom,2
SYMPTOM_2fb38d161d3e,Symptom,1
SYMPTOM_a6cf2b21db5a,Symptom,1
SYMPTOM_682577efdf15,Symptom,2
SYMPTOM_81f0f43614e8,Symptom,1
SYMPTOM_409251225676,Symptom,15
SYMPTOM_f2345068c1ef,Symptom,1
SYMPTOM_e8684c300282,Symptom,1
SYMPTOM_7d3a23ec3a4b,Symptom,1
SYMPTOM_a374e6db6cf2,Symptom,1
SYMPTOM_d3b597359b15,Symptom,1
SYMPTOM_4473cd33a1c5,Symptom,1
SYMPTOM_5e80c82709fa,Symptom,1
SYMPTOM_be38a33235de,Symptom,2
SYMPTOM_69d558712579,Symptom,1
SYMPTOM_514bf9563436,Symptom,1
SYMPTOM_eb47bf8813c8,Symptom,1
SYMPTOM_5f515906d6e1,Symptom,3
SYMPTOM_1679ab939f1a,Symptom,1
SYMPTOM_c9d5c08c5ffc,Symptom,1
SYMPTOM_e2b88e592738,Symptom,1
SYMPTOM_603d8414fc2a,Symptom,11
SYMPTOM_daa909de830a,Symptom,1
SYMPTOM_40491fb39e48,Symptom,1
SYMPTOM_2476ed893bd5,Symptom,1
SYMPTOM_6329215bcf82,Symptom,1
SYMPTOM_3ff6f71b5b2a,Symptom,1
SYMPTOM_89029dd260cd,Symptom,1
SYMPTOM_fbd546f3f23a,Symptom,6
SYMPTOM_dd1a2158fcc2,Symptom,1
SYMPTOM_020a12d96aa1,Symptom,5
SYMPTOM_fd08728bce32,Symptom,1
SYMPTOM_097bf1147a0c,Symptom,1
SYMPTOM_56a288f786f7,Symptom,1
SYMPTOM_4b466b6df35c,Symptom,1
SYMPTOM_b30e2e65fe88,Symptom,1
SYMPTOM_3047d8142ba3,Symptom,1
SYMPTOM_2e242b64a3ca,Symptom,1
SYMPTOM_09d9534eb675,Symptom,1
SYMPTOM_460e2b618684,Symptom,1
SYMPTOM_90a557642651,Symptom,1
SYMPTOM_62034d1454ba,Symptom,1
SYMPTOM_e4ac482a9eb8,Symptom,1
SYMPTOM_0d498f5f2bcc,Symptom,1
SYMPTOM_fed9e8fec5f3,Symptom,3
SYMPTOM_6118ee51de57,Symptom,1
SYMPTOM_dcbbe374bb72,Symptom,1
SYMPTOM_caa86836bb15,Symptom,3
SYMPTOM_b6122bfe4b97,Symptom,1
SYMPTOM_0af5ca3e32a5,Symptom,1
SYMPTOM_ae27ab43a189,Symptom,1
SYMPTOM_ab6cf2efb203,Symptom,1
SYMPTOM_73373a35f826,Symptom,1
SYMPTOM_074fb9cd9e4e,Symptom,1
SYMPTOM_7b5ea7fbf6f3,Symptom,1
SYMPTOM_911238c83a7a,Symptom,1
SYMPTOM_0f70f3b506e2,Symptom,1
SYMPTOM_ee663d64b2ba,Symptom,1
SYMPTOM_10d012baa5e9,Symptom,1
SYMPTOM_9d5e9804dcb9,Symptom,6
SYMPTOM_2e5cfa218050,Symptom,1
SYMPTOM_d8d7d3fad1a4,Symptom,1
SYMPTOM_5715379c2737,Symptom,1
SYMPTOM_2d3f8d808aa8,Symptom,1
SYMPTOM_f7d4428446d9,Symptom,1
SYMPTOM_ec497b12c20e,Symptom,1
SYMPTOM_f5aa7a058246,Symptom,1
SYMPTOM_6a1d663c9b51,Symptom,1
SYMPTOM_aac435fd3235,Symptom,1
SYMPTOM_4aafd3f62056,Symptom,1
SYMPTOM_11cffa17067c,Symptom,1
SYMPTOM_30b456a1b4b4,Symptom,1
SYMPTOM_e1ebd8f40ddc,Symptom,1
SYMPTOM_bf8add2c069c,Symptom,1
SYMPTOM_de987d32cc05,Symptom,1
SYMPTOM_90ab579ad05b,Symptom,1
SYMPTOM_8c1011e08e0e,Symptom,1
SYMPTOM_2ee18e095bdf,Symptom,1
SYMPTOM_ef70d833d5ac,Symptom,1
SYMPTOM_903d06521713,Symptom,1
SYMPTOM_57baf2b66d7b,Symptom,1
SYMPTOM_085862e55533,Symptom,1
SYMPTOM_465e64acee43,Symptom,1
SYMPTOM_51375495b01a,Symptom,1
SYMPTOM_3208f842ddce,Symptom,1
SYMPTOM_d0dabfc18f8d,Symptom,1
SYMPTOM_7a8d3539128b,Symptom,1
SYMPTOM_53c8f02bd432,Symptom,1
SYMPTOM_9626cf2a20c4,Symptom,1
SYMPTOM_54bc910e942e,Symptom,1
SYMPTOM_93044a3337e0,Symptom,1
SYMPTOM_7c095e89e60f,Symptom,1
SYMPTOM_1714f23086d3,Symptom,1
SYMPTOM_e7b5fa95441e,Symptom,1
SYMPTOM_bd8503e4ccab,Symptom,1
SYMPTOM_ef27aa79e0c9,Symptom,1
SYMPTOM_2c1c4c214333,Symptom,1
SYMPTOM_17ae3a645338,Symptom,1
SYMPTOM_7e518ef922f3,Symptom,1
SYMPTOM_40b6ad743765,Symptom,1
SYMPTOM_db407c203de6,Symptom,1
SYMPTOM_8146af348f9e,Symptom,1
SYMPTOM_e9ad1b5ffa60,Symptom,1
SYMPTOM_6038ab2919ac,Symptom,1
SYMPTOM_a538dfa8a0d0,Symptom,1
SYMPTOM_f3bf37652d12,Symptom,1
SYMPTOM_63d7973ed313,Symptom,1
SYMPTOM_2c8b454e3511,Symptom,1
SYMPTOM_8dab52cc8701,Symptom,1
SYMPTOM_78cbacd7a346,Symptom,1
SYMPTOM_613ff7671bd1,Symptom,1
SYMPTOM_7fa08aca9dc8,Symptom,1
SYMPTOM_ccb04f21ff7a,Symptom,1
SYMPTOM_8c6032aacf61,Symptom,1
SYMPTOM_890b1f8eaf55,Symptom,1
SYMPTOM_49c2e23336a5,Symptom,1
SYMPTOM_e0eca4b933b5,Symptom,1
SYMPTOM_1123b6dcb847,Symptom,1
SYMPTOM_9bf7b8dc8d46,Symptom,1
SYMPTOM_84080e924339,Symptom,1
SYMPTOM_b6d8512b75bc,Symptom,1
SYMPTOM_b40e8b46ba1b,Symptom,1
SYMPTOM_d257d2808a69,Symptom,2
SYMPTOM_bd775742ded0,Symptom,1
SYMPTOM_8a53a35e82c4,Symptom,1
SYMPTOM_03535b5df0f9,Symptom,1
SYMPTOM_c9de40a8ddfa,Symptom,15
SYMPTOM_333d1c1ed6ce,Symptom,1
SYMPTOM_d9446c3131bf,Symptom,1
SYMPTOM_a7e986a14ce5,Symptom,1
SYMPTOM_4d2ccedf099f,Symptom,1
SYMPTOM_91ff1f6c9f52,Symptom,1
SYMPTOM_023def1f9728,Symptom,1
SYMPTOM_eea47dbcafce,Symptom,1
SYMPTOM_30b9a53eae3f,Symptom,1
SYMPTOM_f1c5a6cabba0,Symptom,1
SYMPTOM_897ce1be7bda,Symptom,1
SYMPTOM_3e96cd996575,Symptom,1
SYMPTOM_bd6885bfb685,Symptom,1
SYMPTOM_92c1351b032f,Symptom,1
SYMPTOM_8bd612de5119,Symptom,2
SYMPTOM_04ea511942be,Symptom,1
SYMPTOM_4346e3e26627,Symptom,1
SYMPTOM_adb5e3a9db33,Symptom,1
SYMPTOM_e15c1a32b231,Symptom,1
SYMPTOM_fe4e9d7f7cb4,Symptom,1
SYMPTOM_b47aa2ccb9ef,Symptom,1
SYMPTOM_44b5d9202eb8,Symptom,1
SYMPTOM_0bda19081846,Symptom,1
SYMPTOM_3e7ed7484ac0,Symptom,1
SYMPTOM_e99b27ef27be,Symptom,1
SYMPTOM_a6a33967357f,Symptom,1
SYMPTOM_a869c68943c6,Symptom,1
SYMPTOM_90fda298e06b,Symptom,1
SYMPTOM_dd7c215d5071,Symptom,1
SYMPTOM_ef362188528e,Symptom,1
SYMPTOM_565cf425bcf1,Symptom,1
SYMPTOM_fc84d7c0d4ec,Symptom,1
SYMPTOM_b86134c6ed87,Symptom,2
SYMPTOM_617df364fcf5,Symptom,2
SYMPTOM_9cbd476e01e3,Symptom,2
SYMPTOM_6f79a126268b,Symptom,4
SYMPTOM_eddf377c723e,Symptom,1
SYMPTOM_1dbdd1698334,Symptom,2
SYMPTOM_c74db9977e7a,Symptom,1
SYMPTOM_b8f702648c89,Symptom,1
SYMPTOM_dcc5f21767ba,Symptom,3
SYMPTOM_dfe0bedcc82e,Symptom,1
SYMPTOM_ce9c344f897c,Symptom,1
SYMPTOM_ce17a1e44a42,Symptom,1
SYMPTOM_5f35dc5159c5,Symptom,2
SYMPTOM_cb830f800e12,Symptom,1
SYMPTOM_9e17ce0c4d69,Symptom,1
SYMPTOM_86a4f3fe24d3,Symptom,1
SYMPTOM_a10c07ccfa12,Symptom,1
SYMPTOM_5890cb00a026,Symptom,2
SYMPTOM_56bb7ac5489a,Symptom,1
SYMPTOM_778d9e6af795,Symptom,11
SYMPTOM_16dc774394ae,Symptom,1
SYMPTOM_5404e888b59d,Symptom,1
SYMPTOM_6d364f5c424f,Symptom,1
SYMPTOM_7faf7d1c3d8f,Symptom,1
SYMPTOM_d5145fd9963f,Symptom,1
SYMPTOM_520213ccbca7,Symptom,2
SYMPTOM_a8af8746efd6,Symptom,1
SYMPTOM_94f15f526dc9,Symptom,1
SYMPTOM_8bad9fac702a,Symptom,1
SYMPTOM_4d4f65befc86,Symptom,1
SYMPTOM_3515faf4402f,Symptom,1
SYMPTOM_ffe8bfa11378,Symptom,1
SYMPTOM_6f93824b06d3,Symptom,1
SYMPTOM_a148c1e8b089,Symptom,1
SYMPTOM_38ce92428350,Symptom,4
SYMPTOM_c8d84725fbc7,Symptom,6
SYMPTOM_27e154232b59,Symptom,1
SYMPTOM_6775ec74c096,Symptom,1
SYMPTOM_a4542478fc35,Symptom,1
SYMPTOM_8abadfe0b3b5,Symptom,1
SYMPTOM_1e754abe654d,Symptom,1
SYMPTOM_49e41b0abe32,Symptom,3
SYMPTOM_0ea6ced3fef3,Symptom,1
SYMPTOM_416325c9ce17,Symptom,1
SYMPTOM_e4e6f84a4124,Symptom,2
SYMPTOM_53fbfdc7fb60,Symptom,1
SYMPTOM_7d3f3feee540,Symptom,1
SYMPTOM_3371a9efbf5f,Symptom,1
SYMPTOM_336c991f6c6e,Symptom,1
SYMPTOM_b33fd73cd346,Symptom,1
SYMPTOM_42e9dd49e607,Symptom,2
SYMPTOM_666bd03495bc,Symptom,17
SYMPTOM_45338939f361,Symptom,2
SYMPTOM_29c8fca0acc4,Symptom,1
SYMPTOM_816ca692dca3,Symptom,1
SYMPTOM_6dc59cd1653b,Symptom,1
SYMPTOM_917ad426335d,Symptom,1
SYMPTOM_aa02a9ed4335,Symptom,3
SYMPTOM_60ea18a0a8e5,Symptom,1
SYMPTOM_15a1c4918a89,Symptom,1
SYMPTOM_61e9e531d25b,Symptom,1
SYMPTOM_d5f45b01ad32,Symptom,1
SYMPTOM_d97491875017,Symptom,1
SYMPTOM_a5e43c54711d,Symptom,1
SYMPTOM_b8caf0d73e3c,Symptom,1
SYMPTOM_98eedd3f9e73,Symptom,1
SYMPTOM_b274b96b004d,Symptom,1
SYMPTOM_e63cf7372884,Symptom,1
SYMPTOM_82b2fed2e359,Symptom,1
SYMPTOM_1decd31ead31,Symptom,1
SYMPTOM_e0cac8240ecd,Symptom,1
SYMPTOM_21d3b68a3596,Symptom,1
SYMPTOM_f337ad383a5f,Symptom,1
SYMPTOM_ad1fefe1bad0,Symptom,1
SYMPTOM_3ba281246a65,Symptom,1
SYMPTOM_d293ad6b5708,Symptom,1
SYMPTOM_7165c287bd23,Symptom,1
SYMPTOM_ca31ee28cb89,Symptom,1
SYMPTOM_af5b1847c358,Symptom,1
SYMPTOM_003993957fb9,Symptom,1
SYMPTOM_5aa864042584,Symptom,1
SYMPTOM_9609720e0e51,Symptom,1
SYMPTOM_b8ce8c1eb07d,Symptom,1
SYMPTOM_7706aaae22a8,Symptom,1
SYMPTOM_9eb366092086,Symptom,1
SYMPTOM_471e3831f9d6,Symptom,1
SYMPTOM_f73ee5b5dc6e,Symptom,1
SYMPTOM_a6c7c5270f22,Symptom,1
SYMPTOM_2ee5c8753bcc,Symptom,1
SYMPTOM_66267bbb9c9b,Symptom,2
SYMPTOM_7aa3476d19e5,Symptom,1
SYMPTOM_a6a66e7bbb29,Symptom,3
SYMPTOM_22a579fd6e1b,Symptom,1
SYMPTOM_86317e5b3eea,Symptom,1
SYMPTOM_828cd42dc405,Symptom,1
SYMPTOM_7ae97f12da4e,Symptom,2
SYMPTOM_6717a98fb5bd,Symptom,1
SYMPTOM_0c92a6d37974,Symptom,1
SYMPTOM_b9fd92889bc4,Symptom,1
SYMPTOM_39aa89e1497f,Symptom,2
SYMPTOM_e2bee658319e,Symptom,1
SYMPTOM_5aa830d84858,Symptom,1
SYMPTOM_df38bb74225d,Symptom,1
SYMPTOM_882114094eda,Symptom,10
SYMPTOM_ea30984041ec,Symptom,1
SYMPTOM_41cade245d4e,Symptom,1
SYMPTOM_274ca2e49e36,Symptom,1
SYMPTOM_1d503251d0a6,Symptom,1
SYMPTOM_43a8c10024e8,Symptom,1
SYMPTOM_8a16ced25b8a,Symptom,1
SYMPTOM_8225567e0058,Symptom,1
SYMPTOM_7bdacab90f1d,Symptom,1
SYMPTOM_f1f001fa97c0,Symptom,1
SYMPTOM_546dbe12419b,Symptom,1
SYMPTOM_b6828351782d,Symptom,1
SYMPTOM_d4e3dc8d8ee1,Symptom,1
SYMPTOM_3c4fdd43c57c,Symptom,1
SYMPTOM_f2649fe9cb0b,Symptom,1
SYMPTOM_15eb3ae64c97,Symptom,1
SYMPTOM_fb676734e3ee,Symptom,1
SYMPTOM_49b3afcf1e80,Symptom,1
SYMPTOM_ddeb726226d7,Symptom,5
SYMPTOM_05a59bc872b3,Symptom,1
SYMPTOM_066d5ceaa3ec,Symptom,1
SYMPTOM_3db3429006a9,Symptom,1
SYMPTOM_bddaeb749a22,Symptom,1
SYMPTOM_6af38fe26884,Symptom,2
SYMPTOM_1bf970a3c660,Symptom,3
SYMPTOM_443572a7ba5d,Symptom,1
SYMPTOM_7f26738af965,Symptom,1
SYMPTOM_2c847cd1b4e1,Symptom,1
SYMPTOM_8781ce9b1ec6,Symptom,1
SYMPTOM_5d94682de3b4,Symptom,3
SYMPTOM_0200c4ff0fe9,Symptom,1
SYMPTOM_8b757ea8e6ef,Symptom,2
SYMPTOM_830ccef223da,Symptom,1
SYMPTOM_e2e599ab8710,Symptom,1
SYMPTOM_71a1e56cc6fd,Symptom,1
SYMPTOM_2ae0875e2aec,Symptom,2
SYMPTOM_7fcf1940fb2e,Symptom,1
SYMPTOM_c8f1e387e805,Symptom,1
SYMPTOM_f7a94775edda,Symptom,1
SYMPTOM_95f2ee550270,Symptom,1
SYMPTOM_07af2c8fea0c,Symptom,1
SYMPTOM_47d70638e4e2,Symptom,1
SYMPTOM_bc2615c24620,Symptom,1
SYMPTOM_35f1d598a968,Symptom,1
SYMPTOM_eb7689f0baee,Symptom,1
SYMPTOM_f2c167d51092,Symptom,1
SYMPTOM_2470ae34e6b7,Symptom,1
SYMPTOM_3af9c4fbb5ee,Symptom,1
SYMPTOM_5bf0a1f9cfc7,Symptom,1
SYMPTOM_8a126cbc22f9,Symptom,1
SYMPTOM_add055dd3168,Symptom,1
SYMPTOM_8d9642772680,Symptom,1
SYMPTOM_f03222d39f42,Symptom,1
SYMPTOM_75770191c595,Symptom,1
SYMPTOM_1fef503a8b7d,Symptom,3
SYMPTOM_b9309f776008,Symptom,1
SYMPTOM_a089c243339b,Symptom,1
SYMPTOM_d49b7c0f0537,Symptom,1
SYMPTOM_2dbf0544af24,Symptom,1
SYMPTOM_3db05f3a92ec,Symptom,2
SYMPTOM_88e158d66cff,Symptom,1
SYMPTOM_a9f39fff8d8f,Symptom,1
SYMPTOM_2148fc89be03,Symptom,1
SYMPTOM_d79165baf902,Symptom,1
SYMPTOM_fa6b746fc15f,Symptom,1
SYMPTOM_b3fb8d000ebf,Symptom,1
SYMPTOM_7bf173fba9bf,Symptom,1
SYMPTOM_76d2208f4762,Symptom,1
SYMPTOM_a8ad11f6e30f,Symptom,1
SYMPTOM_95199e27e33f,Symptom,1
SYMPTOM_1f4457f30f91,Symptom,1
SYMPTOM_11f932ed306b,Symptom,1
SYMPTOM_0071d323d363,Symptom,1
SYMPTOM_19a2d418d783,Symptom,1
SYMPTOM_fb72de56cff1,Symptom,1
SYMPTOM_6f6ce2e62e0c,Symptom,1
SYMPTOM_6de47e87daca,Symptom,1
SYMPTOM_65084fad6128,Symptom,20
SYMPTOM_b80128b4a08a,Symptom,1
SYMPTOM_b9ef5cb89251,Symptom,1
SYMPTOM_9ad687943de9,Symptom,1
SYMPTOM_355cbfdd2c80,Symptom,1
SYMPTOM_11a429d73fde,Symptom,1
SYMPTOM_1374a23958f3,Symptom,1
SYMPTOM_02173f59399c,Symptom,1
SYMPTOM_40226d3ff60d,Symptom,1
SYMPTOM_f7cc85bc05d7,Symptom,1
SYMPTOM_b2f2ff00d96d,Symptom,1
SYMPTOM_269a38d2a454,Symptom,1
SYMPTOM_3f36a9c0c8a0,Symptom,1
SYMPTOM_5b6480fee75b,Symptom,1
SYMPTOM_625eac333897,Symptom,1
SYMPTOM_e3c180c789c2,Symptom,1
SYMPTOM_b319079f0a69,Symptom,1
SYMPTOM_b24873a11fa4,Symptom,1
SYMPTOM_04a028b91bdf,Symptom,1
SYMPTOM_274f7c411411,Symptom,1
SYMPTOM_d9c87a462123,Symptom,2
SYMPTOM_9c0d8f1eb948,Symptom,1
SYMPTOM_ee134b39531d,Symptom,1
SYMPTOM_674c72f8890b,Symptom,1
SYMPTOM_867330c31f97,Symptom,1
SYMPTOM_6bf48c7fb65d,Symptom,1
SYMPTOM_1761ff697736,Symptom,1
SYMPTOM_63bf055bc3fc,Symptom,1
SYMPTOM_1222aab8859e,Symptom,2
SYMPTOM_dc33c206fe51,Symptom,1
SYMPTOM_d8a02764ecd4,Symptom,4
SYMPTOM_c2f77f9fea38,Symptom,1
SYMPTOM_e8d458b2f98c,Symptom,1
SYMPTOM_467a12513d23,Symptom,1
SYMPTOM_d0d9e29ad414,Symptom,1
SYMPTOM_7eae976b2305,Symptom,1
SYMPTOM_3c2a33759854,Symptom,1
SYMPTOM_5d61adddc0fd,Symptom,10
SYMPTOM_aa45c065e8da,Symptom,1
SYMPTOM_05c6c9f6d70a,Symptom,1
SYMPTOM_9f120101d9a9,Symptom,1
SYMPTOM_51a0a4874f83,Symptom,1
SYMPTOM_967badaeeb5a,Symptom,1
SYMPTOM_80a059e58433,Symptom,1
SYMPTOM_d7a7675116b8,Symptom,1
SYMPTOM_e69eb8603688,Symptom,1
SYMPTOM_5945ae0e8832,Symptom,1
SYMPTOM_4850cdae3d62,Symptom,3
SYMPTOM_ac76737a9ff3,Symptom,1
SYMPTOM_981ccd2b63ce,Symptom,1
SYMPTOM_509d15de5510,Symptom,1
SYMPTOM_60d596b57831,Symptom,1
SYMPTOM_a2278d716801,Symptom,1
SYMPTOM_30ca0e584016,Symptom,1
SYMPTOM_0218a2f8e40a,Symptom,1
SYMPTOM_2d2eb4e6f9b5,Symptom,1
SYMPTOM_ca0baff3782a,Symptom,1
SYMPTOM_e4d3338c3946,Symptom,1
SYMPTOM_b0a86039f54f,Symptom,2
SYMPTOM_49952ba89e42,Symptom,1
SYMPTOM_94fa4a943f29,Symptom,1
SYMPTOM_f8b33ab05804,Symptom,1
SYMPTOM_ac4ac57a7b7f,Symptom,24
SYMPTOM_7cc69b98afde,Symptom,1
SYMPTOM_c9950795c0e2,Symptom,1
SYMPTOM_4b2a9336b1fd,Symptom,1
SYMPTOM_e0d2f91ea828,Symptom,1
SYMPTOM_a23f7e11f38b,Symptom,1
SYMPTOM_9c5338a27bb6,Symptom,1
SYMPTOM_e3965be5de76,Symptom,16
SYMPTOM_465c97676628,Symptom,1
SYMPTOM_f1cf17879a0c,Symptom,1
SYMPTOM_78aabce0c4eb,Symptom,1
SYMPTOM_488a9b8a4784,Symptom,1
SYMPTOM_f850767756cb,Symptom,1
SYMPTOM_313c37b9eea8,Symptom,5
SYMPTOM_0a61ad588557,Symptom,8
SYMPTOM_718028e0370d,Symptom,1
SYMPTOM_505f79dcc12b,Symptom,1
SYMPTOM_4a301b201260,Symptom,1
SYMPTOM_57c5cf62885a,Symptom,1
SYMPTOM_2389d688b492,Symptom,1
SYMPTOM_c74d20fa0a0d,Symptom,1
SYMPTOM_c64e43523312,Symptom,1
SYMPTOM_4938cf555bea,Symptom,1
SYMPTOM_725a6e09f6b1,Symptom,8
SYMPTOM_d8ebbb55b222,Symptom,2
SYMPTOM_0fdf1618f954,Symptom,1
SYMPTOM_71a6edc932ee,Symptom,1
SYMPTOM_440479dd6703,Symptom,2
SYMPTOM_303abef27ddb,Symptom,1
SYMPTOM_d92f122ce4eb,Symptom,1
SYMPTOM_d0bae0532ad4,Symptom,1
SYMPTOM_757ffdcfff51,Symptom,1
SYMPTOM_ae10991ee7e7,Symptom,2
SYMPTOM_e6eed7a5fd9c,Symptom,1
SYMPTOM_eb6edf72c4d4,Symptom,1
SYMPTOM_e16b002fe611,Symptom,1
SYMPTOM_debb1720742a,Symptom,1
SYMPTOM_719eed319c6e,Symptom,1
SYMPTOM_aef853fc8efe,Symptom,1
SYMPTOM_9633f42df819,Symptom,1
SYMPTOM_b18fcc0adc28,Symptom,1
SYMPTOM_6bb0f29c4b9c,Symptom,1
SYMPTOM_9483b285fd6f,Symptom,1
SYMPTOM_01b5b4d074e1,Symptom,1
SYMPTOM_1558d05351c9,Symptom,1
SYMPTOM_ef615e6cea58,Symptom,1
SYMPTOM_70bd5fef578e,Symptom,1
SYMPTOM_f20e1fffe6f7,Symptom,1
SYMPTOM_fd2a178a0330,Symptom,1
SYMPTOM_f90165dded0f,Symptom,1
SYMPTOM_996ba7532808,Symptom,1
SYMPTOM_f0c715a5eabe,Symptom,1
SYMPTOM_08bc11466e9d,Symptom,4
SYMPTOM_6888eb026bbf,Symptom,2
SYMPTOM_e0da51c9d86c,Symptom,1
SYMPTOM_bc44d94ff301,Symptom,1
SYMPTOM_346163a2162e,Symptom,1
SYMPTOM_2e01ad24837d,Symptom,2
SYMPTOM_0dcca9c1d3b8,Symptom,1
SYMPTOM_41ee60b949eb,Symptom,1
SYMPTOM_1ef01892fcb7,Symptom,1
SYMPTOM_a407a10c0200,Symptom,1
SYMPTOM_1143537b19a9,Symptom,1
SYMPTOM_b9f7c4f59a28,Symptom,1
SYMPTOM_5571e8e31597,Symptom,1
SYMPTOM_2d73630e6b32,Symptom,1
SYMPTOM_ea4a603e6209,Symptom,1
SYMPTOM_c6431468a0bd,Symptom,1
SYMPTOM_68f6cc73401d,Symptom,1
SYMPTOM_994901439cd9,Symptom,6
SYMPTOM_186581b20646,Symptom,3
SYMPTOM_3f9873c65d1f,Symptom,1
SYMPTOM_ebec3923c572,Symptom,1
SYMPTOM_d5b908a89c20,Symptom,1
SYMPTOM_a011a992cfbb,Symptom,1
SYMPTOM_7d955c5eeb56,Symptom,1
SYMPTOM_99f175bf7112,Symptom,1
SYMPTOM_efcc8e0cd259,Symptom,1
SYMPTOM_26de4f5bfbb9,Symptom,1
SYMPTOM_2ff9ac65e956,Symptom,1
SYMPTOM_1ed0a5b08fc9,Symptom,1
SYMPTOM_22d17c9ceaff,Symptom,2
SYMPTOM_579ddccf9411,Symptom,7
SYMPTOM_f52b3867adae,Symptom,1
SYMPTOM_bb4289f6e151,Symptom,1
SYMPTOM_c8b602b0ef24,Symptom,1
SYMPTOM_e4c2efb81f00,Symptom,1
SYMPTOM_b77d1fe69c25,Symptom,1
SYMPTOM_bdc14aa9ceca,Symptom,1
SYMPTOM_9c65b36dacfd,Symptom,1
SYMPTOM_8093a5da20d0,Symptom,1
SYMPTOM_2e556fc7ec38,Symptom,1
SYMPTOM_19919db973fd,Symptom,8
SYMPTOM_746d58a99760,Symptom,7
SYMPTOM_323e9f0f5108,Symptom,1
SYMPTOM_552972552441,Symptom,1
SYMPTOM_c39b877f7ec9,Symptom,1
SYMPTOM_9e2dd5d05b98,Symptom,1
SYMPTOM_d566063e556e,Symptom,1
SYMPTOM_21cd0ff9afd4,Symptom,1
SYMPTOM_9d1fff7a308b,Symptom,1
SYMPTOM_6a82f37f1f4b,Symptom,1
SYMPTOM_9fe2f723de2f,Symptom,1
SYMPTOM_95aa05c07957,Symptom,1
SYMPTOM_9e0b3ae6c240,Symptom,1
SYMPTOM_785b32e89518,Symptom,2
SYMPTOM_cb0f0e6333a8,Symptom,1
SYMPTOM_e4a76e6ee847,Symptom,1
SYMPTOM_6a910107af5e,Symptom,1
SYMPTOM_808b145e71ec,Symptom,1
SYMPTOM_42c70396cc62,Symptom,1
SYMPTOM_2bb030331996,Symptom,1
SYMPTOM_74305864e48e,Symptom,1
SYMPTOM_cebcef9a8c8c,Symptom,1
SYMPTOM_3cc208ceffdd,Symptom,1
SYMPTOM_79d96667f4b8,Symptom,1
SYMPTOM_ff1fc480a832,Symptom,3
SYMPTOM_c4634cf87633,Symptom,2
SYMPTOM_d708fefe7b48,Symptom,1
SYMPTOM_1e51a486e9f4,Symptom,1
SYMPTOM_0fe3c04b9428,Symptom,1
SYMPTOM_41f736217efb,Symptom,1
SYMPTOM_1e852ec5c7a0,Symptom,1
SYMPTOM_f5c7971a6f52,Symptom,1
SYMPTOM_57ab2ed03430,Symptom,1
SYMPTOM_8cb0086ccad6,Symptom,1
SYMPTOM_d66e4e7f6782,Symptom,1
SYMPTOM_51c3e066f9c0,Symptom,1
SYMPTOM_f772b6113461,Symptom,1
SYMPTOM_e9964e312f2a,Symptom,1
SYMPTOM_862a1ce445b2,Symptom,1
SYMPTOM_36b9e1c3287c,Symptom,1
SYMPTOM_b90ff761bac8,Symptom,1
SYMPTOM_b1ceb21e46eb,Symptom,1
SYMPTOM_261b5e3f58a4,Symptom,1
SYMPTOM_78a65db60394,Symptom,1
SYMPTOM_4e6c9b3c8403,Symptom,1
SYMPTOM_d230fada8f92,Symptom,1
SYMPTOM_0a5c2b7fbaa5,Symptom,1
SYMPTOM_a98e3d9a4503,Symptom,1
SYMPTOM_ee4c848725cb,Symptom,1
SYMPTOM_dfcaf8135f8a,Symptom,1
SYMPTOM_6ccd9bcb4957,Symptom,1
SYMPTOM_fad12d24d6fa,Symptom,1
SYMPTOM_b932617bd529,Symptom,6
SYMPTOM_f12f1cb5cfff,Symptom,1
SYMPTOM_a49821eb8781,Symptom,1
SYMPTOM_143932e6d99e,Symptom,1
SYMPTOM_bf2259ffcd88,Symptom,1
SYMPTOM_104d538d1bc1,Symptom,1
SYMPTOM_29591a777bec,Symptom,4
SYMPTOM_ecc72364e2b3,Symptom,1
SYMPTOM_287ab8e463ed,Symptom,1
SYMPTOM_d80cce3f24ba,Symptom,1
SYMPTOM_d4e1e2780dc7,Symptom,1
SYMPTOM_901c4166fd05,Symptom,1
SYMPTOM_d35f8a74a857,Symptom,3
SYMPTOM_5958be7cfcbc,Symptom,1
SYMPTOM_db32d8be6e5a,Symptom,3
SYMPTOM_6ba385516ae0,Symptom,1
SYMPTOM_edd8d80842aa,Symptom,2
SYMPTOM_5267615af80b,Symptom,4
SYMPTOM_828559332797,Symptom,1
SYMPTOM_f44d23a88b6e,Symptom,5
SYMPTOM_ee958daa52fa,Symptom,1
SYMPTOM_7909c176ebe9,Symptom,1
SYMPTOM_ff458ace3002,Symptom,1
SYMPTOM_c3332f5bc908,Symptom,7
SYMPTOM_691da35d6cf2,Symptom,2
SYMPTOM_65dc5ddac489,Symptom,1
SYMPTOM_d7080de7c20a,Symptom,1
SYMPTOM_85a1a29c6512,Symptom,1
SYMPTOM_bb9080e8b587,Symptom,1
SYMPTOM_1fd5a8a28b5a,Symptom,1
SYMPTOM_154e5e30b93f,Symptom,1
SYMPTOM_f41dd3a0945b,Symptom,1
SYMPTOM_858855d83ac0,Symptom,15
SYMPTOM_bc0ee6c26fe4,Symptom,1
SYMPTOM_0859c39979bd,Symptom,1
SYMPTOM_005668237e94,Symptom,1
SYMPTOM_9e542bf6b444,Symptom,1
SYMPTOM_2274440eb35e,Symptom,2
SYMPTOM_caf679ac4e1e,Symptom,1
SYMPTOM_036fc5458040,Symptom,2
SYMPTOM_c498059fc7ad,Symptom,1
SYMPTOM_6a1a2297b931,Symptom,1
SYMPTOM_a5291c6d26fc,Symptom,1
SYMPTOM_8c2a39236d48,Symptom,3
SYMPTOM_4a019456769e,Symptom,4
SYMPTOM_a5ca50554a99,Symptom,1
SYMPTOM_650c51779c44,Symptom,1
SYMPTOM_c7deb5bfd525,Symptom,2
SYMPTOM_39df18a2d74f,Symptom,2
SYMPTOM_e0a80bbd01d7,Symptom,2
SYMPTOM_d1715f57006e,Symptom,8
SYMPTOM_853fdef8f652,Symptom,1
SYMPTOM_b4433e5663b8,Symptom,1
SYMPTOM_ee305d74b348,Symptom,1
SYMPTOM_595c6e5bfe9c,Symptom,1
SYMPTOM_58e2bab3256e,Symptom,1
SYMPTOM_8c5cd8c55a21,Symptom,5
SYMPTOM_fe83edf14c27,Symptom,1
SYMPTOM_cdf695945c85,Symptom,1
SYMPTOM_0af5ed6a706b,Symptom,3
SYMPTOM_e0bdc2f049ca,Symptom,1
SYMPTOM_df4e86a7904d,Symptom,5
SYMPTOM_f8130ad60abf,Symptom,1
SYMPTOM_ce34a091a3ca,Symptom,1
SYMPTOM_13b33cd9ade7,Symptom,2
SYMPTOM_f6d76aa5f5a0,Symptom,1
SYMPTOM_db316b147b3f,Symptom,1
SYMPTOM_30613dccaebb,Symptom,3
SYMPTOM_73c9ab981e95,Symptom,2
SYMPTOM_ef8b3e8a63fd,Symptom,1
SYMPTOM_8167fbd65978,Symptom,7
SYMPTOM_91a5307cb4a9,Symptom,21
SYMPTOM_83cba0ead7c7,Symptom,1
SYMPTOM_12f1b3eebd29,Symptom,1
SYMPTOM_876b0aabb95f,Symptom,1
SYMPTOM_449b937319ce,Symptom,1
SYMPTOM_1af6ea834ce7,Symptom,1
SYMPTOM_bc1307476979,Symptom,1
SYMPTOM_5643b99fa953,Symptom,1
SYMPTOM_d82f0937cb0d,Symptom,1
SYMPTOM_87db811a8049,Symptom,1
SYMPTOM_82a5b5a288f5,Symptom,1
SYMPTOM_9ca538c4a00c,Symptom,1
SYMPTOM_182dea176496,Symptom,2
SYMPTOM_b23cca5cf2cd,Symptom,1
SYMPTOM_ad9fa2e55dc2,Symptom,1
SYMPTOM_db43a538c6b4,Symptom,1
SYMPTOM_1b1ee48f5659,Symptom,1
SYMPTOM_57b6cf3784d3,Symptom,1
SYMPTOM_8ab2972e560a,Symptom,1
SYMPTOM_76fd7ae3f6d7,Symptom,1
SYMPTOM_96d0aa6f5dad,Symptom,1
SYMPTOM_f42002c9b1f0,Symptom,1
SYMPTOM_d2290cece6aa,Symptom,1
SYMPTOM_3acb852013cc,Symptom,1
SYMPTOM_f1e2ffd51f17,Symptom,1
SYMPTOM_5a31cc3ced05,Symptom,1
SYMPTOM_7e0228d638be,Symptom,1
SYMPTOM_a72f4b9f8270,Symptom,1
SYMPTOM_bc0f37fdf5ac,Symptom,2
SYMPTOM_1c2f5d6c64e1,Symptom,1
SYMPTOM_325042040187,Symptom,1
SYMPTOM_d35e50505af0,Symptom,1
SYMPTOM_ac2135080082,Symptom,1
SYMPTOM_f200ed3ee5af,Symptom,1
SYMPTOM_d2134956768b,Symptom,1
SYMPTOM_c5941f055017,Symptom,1
SYMPTOM_5b35a99906f9,Symptom,2
SYMPTOM_a7d60339c10f,Symptom,1
SYMPTOM_4d344194cf2c,Symptom,1
SYMPTOM_fc2b0cf72a27,Symptom,2
SYMPTOM_6504db5ee51c,Symptom,1
SYMPTOM_d2010682efe7,Symptom,1
SYMPTOM_4e96341a574b,Symptom,3
SYMPTOM_bf49c666e13f,Symptom,1
SYMPTOM_0f0e504ef96f,Symptom,1
SYMPTOM_8cfaabaa8086,Symptom,1
SYMPTOM_6c4534458bcd,Symptom,1
SYMPTOM_0de3a1a406dd,Symptom,1
SYMPTOM_c4bac2382664,Symptom,10
SYMPTOM_de386e6b54ce,Symptom,1
SYMPTOM_066e0bdb0c18,Symptom,1
SYMPTOM_c4821409c658,Symptom,1
SYMPTOM_a5596d341fa7,Symptom,2
SYMPTOM_a531219ea61b,Symptom,1
SYMPTOM_eee920afd793,Symptom,1
SYMPTOM_985cab9c62a1,Symptom,1
SYMPTOM_c4bb996d328d,Symptom,1
SYMPTOM_240d81476af3,Symptom,9
SYMPTOM_66a350cf4aa5,Symptom,1
SYMPTOM_64c8aca0d1b5,Symptom,32
SYMPTOM_2e5db521735e,Symptom,1
SYMPTOM_864468a5bd83,Symptom,1
SYMPTOM_b0a0bf763459,Symptom,1
SYMPTOM_00ae5da61efb,Symptom,2
SYMPTOM_688ad3138ff1,Symptom,1
SYMPTOM_608f0b1e658f,Symptom,2
SYMPTOM_7c9145c4a20c,Symptom,7
SYMPTOM_2bfe6a0cd7ec,Symptom,1
SYMPTOM_a46b3a83a13c,Symptom,1
SYMPTOM_51a0dfa05cc0,Symptom,1
SYMPTOM_eb78c40e9e64,Symptom,1
SYMPTOM_127c56e099b8,Symptom,1
SYMPTOM_557e3af21489,Symptom,1
SYMPTOM_62ba13fe8dea,Symptom,1
SYMPTOM_2fbb840c9d48,Symptom,3
SYMPTOM_e9c5f996a183,Symptom,1
SYMPTOM_5b86f80f6a2d,Symptom,1
SYMPTOM_a12879b9590a,Symptom,4
SYMPTOM_e1b169091f81,Symptom,1
SYMPTOM_355ab4baa14f,Symptom,1
SYMPTOM_7e264491d954,Symptom,1
SYMPTOM_76a9daa747f7,Symptom,1
SYMPTOM_367d20558790,Symptom,1
SYMPTOM_b6490847ba6a,Symptom,1
SYMPTOM_d5c5591450f3,Symptom,1
SYMPTOM_55dc57c9b549,Symptom,1
SYMPTOM_a0f0543af68d,Symptom,1
SYMPTOM_aeb6d8f32f77,Symptom,2
SYMPTOM_1ae24ba5c82a,Symptom,4
SYMPTOM_5c6cab9a3c07,Symptom,2
SYMPTOM_eccc443ff556,Symptom,1
SYMPTOM_8e1040d9c57a,Symptom,1
SYMPTOM_9c6a719258fc,Symptom,1
SYMPTOM_6b9079cd6520,Symptom,1
SYMPTOM_cefe4336591e,Symptom,1
SYMPTOM_6faaed9c3686,Symptom,1
SYMPTOM_837a2d817171,Symptom,1
SYMPTOM_6683cee40a44,Symptom,1
SYMPTOM_7cb3341d65ed,Symptom,1
SYMPTOM_1775d1f86f34,Symptom,1
SYMPTOM_62a42ca1d6b4,Symptom,1
SYMPTOM_6b0dcf56a7bc,Symptom,1
SYMPTOM_eacd08e9d376,Symptom,2
SYMPTOM_2a1e132d5c7a,Symptom,2
SYMPTOM_3e82a4dd149d,Symptom,1
SYMPTOM_849068a1ea11,Symptom,1
SYMPTOM_f7bf238aabde,Symptom,1
SYMPTOM_a24241172d64,Symptom,1
SYMPTOM_195cac6eb729,Symptom,1
SYMPTOM_c83e15e200bd,Symptom,1
SYMPTOM_95a460c6cf62,Symptom,1
SYMPTOM_7b8f125944bf,Symptom,1
SYMPTOM_fabfd301918d,Symptom,1
SYMPTOM_71015b84155b,Symptom,1
SYMPTOM_edd43d4b7dd5,Symptom,1
SYMPTOM_4baa1abfb4fe,Symptom,1
SYMPTOM_b4ebe81f82dd,Symptom,1
SYMPTOM_bbd8971d32ba,Symptom,1
SYMPTOM_ad7d733262ba,Symptom,2
SYMPTOM_44a15fdb24b6,Symptom,1
SYMPTOM_d2fcb619886b,Symptom,1
SYMPTOM_e0a912a0067d,Symptom,1
SYMPTOM_66b369fcbb41,Symptom,1
SYMPTOM_f20cd11629f3,Symptom,1
SYMPTOM_d6abc91d3c6f,Symptom,2
SYMPTOM_9a631bab4bbd,Symptom,1
SYMPTOM_3a4c571a842c,Symptom,1
SYMPTOM_b15dea5b324a,Symptom,1
SYMPTOM_e841edf63132,Symptom,1
SYMPTOM_fa79e60c48e5,Symptom,1
SYMPTOM_9bf8023b692b,Symptom,1
SYMPTOM_43ad59aa12ce,Symptom,1
SYMPTOM_1721782196a1,Symptom,1
SYMPTOM_db8c5bf48c15,Symptom,1
SYMPTOM_67746bb6770a,Symptom,1
SYMPTOM_f46abd4bb9b6,Symptom,1
SYMPTOM_09b2bc49c6e3,Symptom,1
SYMPTOM_e3e4cb16c1c2,Symptom,1
SYMPTOM_8070fb86a655,Symptom,1
SYMPTOM_bee3153c9105,Symptom,1
SYMPTOM_8ab20ce57738,Symptom,1
SYMPTOM_ce955b233352,Symptom,1
SYMPTOM_0896e2eaafc3,Symptom,1
SYMPTOM_c5ef64c32094,Symptom,1
SYMPTOM_0f3f20ab66f7,Symptom,1
SYMPTOM_4b6fb9e3e801,Symptom,1
SYMPTOM_055c752c7206,Symptom,3
SYMPTOM_33772b73ebc9,Symptom,1
SYMPTOM_150c681850db,Symptom,1
SYMPTOM_b1894731746f,Symptom,1
SYMPTOM_a624928894c3,Symptom,1
SYMPTOM_acc09cced765,Symptom,1
SYMPTOM_5b80e4bfa375,Symptom,1
SYMPTOM_dc8c907bf7ed,Symptom,5
SYMPTOM_56bfd643a276,Symptom,1
SYMPTOM_677f307c4fa1,Symptom,1
SYMPTOM_b9518e111403,Symptom,1
SYMPTOM_870092ef687d,Symptom,1
SYMPTOM_f221a9c65c0f,Symptom,1
SYMPTOM_2d73367d3fb5,Symptom,1
SYMPTOM_bcb6ef6902d3,Symptom,1
SYMPTOM_e2c750e9e093,Symptom,1
SYMPTOM_2e05407aa563,Symptom,1
SYMPTOM_5dff11b06aa4,Symptom,1
SYMPTOM_321cfbfb5f8a,Symptom,1
SYMPTOM_3e029b8362d2,Symptom,3
SYMPTOM_2759e9f82fef,Symptom,1
SYMPTOM_aaffaf99453f,Symptom,1
SYMPTOM_33262c04395b,Symptom,1
SYMPTOM_d14c4619204f,Symptom,1
SYMPTOM_519e187945cf,Symptom,1
SYMPTOM_684a235211c6,Symptom,1
SYMPTOM_ecf86cd237df,Symptom,1
SYMPTOM_b219d93f90d0,Symptom,14
SYMPTOM_aa118956afd8,Symptom,1
SYMPTOM_8be6245de13d,Symptom,12
SYMPTOM_2aeeb97af2ed,Symptom,1
SYMPTOM_e54b3953739b,Symptom,1
SYMPTOM_f29b4cb4757f,Symptom,1
SYMPTOM_a9ea28a5988b,Symptom,1
SYMPTOM_15564a4455ce,Symptom,23
SYMPTOM_8385017bd6e3,Symptom,1
SYMPTOM_9207b05bc0d5,Symptom,1
SYMPTOM_8fcd764164c9,Symptom,1
SYMPTOM_53756d5e2f3f,Symptom,1
SYMPTOM_f0ca13f24dfd,Symptom,1
SYMPTOM_78ccd29e5567,Symptom,1
SYMPTOM_2eeacc582d58,Symptom,1
SYMPTOM_f684f5afd0f5,Symptom,1
SYMPTOM_857e60241a05,Symptom,1
SYMPTOM_c04d6f971ee6,Symptom,1
SYMPTOM_249fb465dc92,Symptom,1
SYMPTOM_4a555827c56d,Symptom,1
SYMPTOM_b0e574614504,Symptom,1
SYMPTOM_f7aff5d3340a,Symptom,1
SYMPTOM_68e955bd3a9b,Symptom,1
SYMPTOM_34c84d154a5a,Symptom,1
SYMPTOM_3f1afce92d8d,Symptom,1
SYMPTOM_e20ceeeddabe,Symptom,1
SYMPTOM_96061131cd3d,Symptom,2
VEHICLE_6aa29343ae48,Vehicle,5
VEHICLE_c4b7f10196be,Vehicle,32
VEHICLE_40ecda00e399,Vehicle,24
VEHICLE_f594a44fd68b,Vehicle,8
VEHICLE_711719bbbd96,Vehicle,43
VEHICLE_8ddb0969ffaf,Vehicle,35
VEHICLE_2d262d5e33f2,Vehicle,18
VEHICLE_3d2327ec9513,Vehicle,1
VEHICLE_7de177455150,Vehicle,25
VEHICLE_c399b3b593d9,Vehicle,30
